_id,id,asset_id,location,alternative_name,type,location_details,url,address,PostedDate,AssetName,Reason,Comments,Status,geometry,,,,,,,,,,Type of Fountains,,,
1,1000,74923,North Kipling Park,North Kipling Park Bottle Filling Station,Bottle Filling Station,"Located outside of North Kipling Community Centre, close to the parking lot.",https://www.toronto.ca/explore-enjoy/parks-recreation/places-spaces/parks-and-recreation-facilities/location/?id=1000,2729 Kipling Ave  ,2026-06-15T13:27:30,North Kipling Park Bottle Filling Station,Technical Issue,None,0,"{""coordinates"": [[-79.58469683999999, 43.75171561]], ""type"": ""MultiPoint""}",,,,,,,,,,type,,,
2,1748,2640,Scarboro Crescent Park,Scarboro Crescent Park Splash Pad Drinking Fountain,Drinking Fountain,Located north of the splash pad.,https://www.toronto.ca/explore-enjoy/parks-recreation/places-spaces/parks-and-recreation-facilities/location/?id=1748,61 Undercliff Dr  ,2026-06-15T10:50:32,Scarboro Crescent Park Splash Pad Drinking Fountain,None,None,1,"{""coordinates"": [[-79.24199339, 43.70520347]], ""type"": ""MultiPoint""}",,,,,,,,,,Bottle Filling Station,165,131,
3,22,75043,Rowntree Mills Park,Rowntree Mills Bottle Filling Station,Bottle Filling Station,Located in the fieldhouse/washroom building.,https://www.toronto.ca/explore-enjoy/parks-recreation/places-spaces/parks-and-recreation-facilities/location/?id=22,155 Rowntree Mill Rd  ,2026-06-15T08:42:42,Rowntree Mills Bottle Filling Station,None,None,1,"{""coordinates"": [[-79.57796485, 43.75214566]], ""type"": ""MultiPoint""}",,,,,,,,,,Drinking Fountain,449,351,
4,2024,121932,Toronto Islands - Toronto Island Park,Toronto Islands - Toronto Island Park Water Tap,Water Tap,Located on the east side of the island on the north side of Avenue of the Islands pathway.,https://www.toronto.ca/explore-enjoy/parks-recreation/places-spaces/parks-and-recreation-facilities/location/?id=2024,9 Queens Quay  W,2026-06-14T12:06:51,Toronto Islands - Toronto Island Park Water Tap,None,None,1,"{""coordinates"": [[-79.37554984, 43.62061227]], ""type"": ""MultiPoint""}",,,,,,,,,,Water Tap,12,2,
5,2543,121931,Toronto Islands - Olympic Island,Toronto Islands - Olympic Island Picnic Site 18 Water Tap,Water Tap,Located south of Picnic Site #18 Drinking Fountain.,https://www.toronto.ca/explore-enjoy/parks-recreation/places-spaces/parks-and-recreation-facilities/location/?id=2543,9 Queens Quay  W,2026-06-14T12:04:26,Toronto Islands - Olympic Island Picnic Site 18 Water Tap,None,None,1,"{""coordinates"": [[-79.37525398000001, 43.622587290000006]], ""type"": ""MultiPoint""}",,,,,,,,,,"Bottle Filling Station, Drinking Fountain",65,58,
6,2725,18786,Toronto Islands - Centre Island,Toronto Islands - Centre Island West Fountain Drinking Fountain,Drinking Fountain,Located north of the west end ornamental fountains by the Pier.,https://www.toronto.ca/explore-enjoy/parks-recreation/places-spaces/parks-and-recreation-facilities/location/?id=2725,9 Queens Quay  W ,2026-06-14T11:57:49,Toronto Islands - Centre Island West Fountain Drinking Fountain,None,None,1,"{""coordinates"": [[-79.3732163, 43.617456540000006]], ""type"": ""MultiPoint""}",,,,,,,,,,"Bottle Filling Station, Drinking Fountain, Dog Fountain",24,22,
7,2725,18784,Toronto Islands - Centre Island,Toronto Islands - Centre Island South Pier Snack Bar Drinking Fountain,Drinking Fountain,Located west of the Centre Island Park Pier Snack Bar/Bike Rental building.,https://www.toronto.ca/explore-enjoy/parks-recreation/places-spaces/parks-and-recreation-facilities/location/?id=2725,9 Queens Quay  W ,2026-06-14T11:57:21,Toronto Islands - Centre Island South Pier Snack Bar Drinking Fountain,None,None,1,"{""coordinates"": [[-79.37229205000001, 43.61687673]], ""type"": ""MultiPoint""}",,,,,,,,,,"Drinking Fountain, Dog Fountain",61,60,
8,2725,18789,Toronto Islands - Centre Island,Toronto Islands - Centre Island Picnic Site 30 Drinking Fountain,Drinking Fountain,"Located on the south side of Picnic Site #30, southwest of the playground and splash pad.",https://www.toronto.ca/explore-enjoy/parks-recreation/places-spaces/parks-and-recreation-facilities/location/?id=2725,9 Queens Quay  W ,2026-06-14T11:56:44,Toronto Islands - Centre Island Picnic Site 30 Drinking Fountain,None,None,1,"{""coordinates"": [[-79.37470459000001, 43.61599478]], ""type"": ""MultiPoint""}",,,,,,,,,,Dog Fountain,20,19,
9,2725,2538,Toronto Islands - Centre Island,Toronto Islands - Centre Island Maze Hedge Drinking Fountain,Drinking Fountain,"Located west of the maze hedge, southeast corner of the snack/concession building.",https://www.toronto.ca/explore-enjoy/parks-recreation/places-spaces/parks-and-recreation-facilities/location/?id=2725,9 Queens Quay  W ,2026-06-14T11:55:20,Toronto Islands - Centre Island Maze Hedge Drinking Fountain,None,None,1,"{""coordinates"": [[-79.37547567, 43.61748763000001]], ""type"": ""MultiPoint""}",,,,,,,,,,"Bottle Filling Station, Dog Fountain",2,2,
10,2543,18747,Toronto Islands - Olympic Island,Toronto Islands - Olympic Island Lagoon Theatre Drinking Fountain,Drinking Fountain,Located northwest of the Olympic Island Park Lagoon Theatre on the north side of the pathway.,https://www.toronto.ca/explore-enjoy/parks-recreation/places-spaces/parks-and-recreation-facilities/location/?id=2543,9 Queens Quay  W ,2026-06-14T11:53:26,Toronto Islands - Olympic Island Lagoon Theatre Drinking Fountain,None,None,1,"{""coordinates"": [[-79.37657372, 43.62241575]], ""type"": ""MultiPoint""}",,,,,,,,,,0,,,
11,2725,102137,Toronto Islands - Centre Island,Toronto Islands - Centre Island North Pier Snack Bar Drinking Water Station,"Bottle Filling Station, Drinking Fountain",Located outside west of the Centre Island Park Pier Snack bar/Bike Rental building on the north side of the grassy area.,https://www.toronto.ca/explore-enjoy/parks-recreation/places-spaces/parks-and-recreation-facilities/location/?id=2725,9 Queens Quay  W ,2026-06-14T11:52:57,Toronto Islands - Centre Island North Pier Snack Bar Drinking Water Station,None,None,1,"{""coordinates"": [[-79.37236127999999, 43.61695598]], ""type"": ""MultiPoint""}",,,,,,,,,,,,,
12,2725,18783,Toronto Islands - Centre Island,Toronto Islands - Centre Island East Fountain Drinking Fountain,Drinking Fountain,Located north of the east end ornamental fountains by the Pier. ,https://www.toronto.ca/explore-enjoy/parks-recreation/places-spaces/parks-and-recreation-facilities/location/?id=2725,9 Queens Quay  W ,2026-06-14T11:51:36,Toronto Islands - Centre Island East Fountain Drinking Fountain,None,None,1,"{""coordinates"": [[-79.37265206000001, 43.61773014]], ""type"": ""MultiPoint""}",,,,,,,,,,,,,
13,2725,18787,Toronto Islands - Centre Island,Toronto Islands - Centre Island Drinking Fountain,Drinking Fountain,Located at the northwest corner of the washroom building.,https://www.toronto.ca/explore-enjoy/parks-recreation/places-spaces/parks-and-recreation-facilities/location/?id=2725,9 Queens Quay  W ,2026-06-14T11:48:57,Toronto Islands - Centre Island Drinking Fountain,None,None,1,"{""coordinates"": [[-79.37610853, 43.617746679999996]], ""type"": ""MultiPoint""}",,,,,,,,,,,,,
14,2725,18782,Toronto Islands - Centre Island,Toronto Islands - Centre Island Boathouse Drinking Fountain,Drinking Fountain,Located southwest of the boathouse on the south side of the pathway.,https://www.toronto.ca/explore-enjoy/parks-recreation/places-spaces/parks-and-recreation-facilities/location/?id=2725,9 Queens Quay  W ,2026-06-14T11:48:08,Toronto Islands - Centre Island Boathouse Drinking Fountain,None,None,1,"{""coordinates"": [[-79.37189326999999, 43.61823316]], ""type"": ""MultiPoint""}",,,,,,,,,,,,,
15,2725,2534,Toronto Islands - Centre Island,Toronto Islands - Centre Island Disc Golf Drinking Fountain,Drinking Fountain,Located south of disc golf basket 10 and 12.,https://www.toronto.ca/explore-enjoy/parks-recreation/places-spaces/parks-and-recreation-facilities/location/?id=2725,9 Queens Quay  W ,2026-06-14T11:47:33,Toronto Islands - Centre Island Disc Golf Drinking Fountain,None,None,1,"{""coordinates"": [[-79.36799108000001, 43.61896401]], ""type"": ""MultiPoint""}",,,,,,,,,,Drinking Fountain,599,491,82.0
16,2024,2548,Toronto Islands - Toronto Island Park,Toronto Islands -  Toronto Island Park Concession Stand Drinking Fountain,Drinking Fountain,Located south of the snack/concession building near the Toronto-Centre Island ferry dock.,https://www.toronto.ca/explore-enjoy/parks-recreation/places-spaces/parks-and-recreation-facilities/location/?id=2024,9 Queens Quay  W ,2026-06-14T11:46:47,Toronto Islands -  Toronto Island Park Concession Stand Drinking Fountain,None,None,1,"{""coordinates"": [[-79.37903507, 43.62203812]], ""type"": ""MultiPoint""}",,,,,,,,,,Bottle Filling Station,256,213,83.2
17,1007,102018,Fairhaven Park,Fairhaven Park Drinking Water Station,"Bottle Filling Station, Drinking Fountain, Dog Fountain",Located on the north side of the pathway east of the outdoor exercise equipment.,https://www.toronto.ca/explore-enjoy/parks-recreation/places-spaces/parks-and-recreation-facilities/location/?id=1007,100 Golfwood Hts  ,2026-06-12T09:05:35,Fairhaven Park Drinking Water Station,None,None,1,"{""coordinates"": [[-79.54657777999999, 43.703039100000005]], ""type"": ""MultiPoint""}",,,,,,,,,,Dog Fountain,107,103,96.3
18,1457,13256,Driftwood Park,Driftwood Park Playground Drinking Fountain,Drinking Fountain,Located in the centre of the park at the south end of the playground.,https://www.toronto.ca/explore-enjoy/parks-recreation/places-spaces/parks-and-recreation-facilities/location/?id=1457,44 Tobermory Dr  ,2026-06-09T08:22:50,Driftwood Park Playground Drinking Fountain,Maintenance/Repairs,awaiting repairs.,2,"{""coordinates"": [[-79.51283203, 43.762363]], ""type"": ""MultiPoint""}",,,,,,,,,,Water Tap,12,2,16.7
19,500,2493,Apted Park,Apted Park Drinking Fountain,Drinking Fountain,Located on the grassy area between the baseball diamond and the playground.,https://www.toronto.ca/explore-enjoy/parks-recreation/places-spaces/parks-and-recreation-facilities/location/?id=500,50 Apted Ave  ,2026-06-09T08:04:57,Apted Park Drinking Fountain,None,None,1,"{""coordinates"": [[-79.57721948000001, 43.75535721]], ""type"": ""MultiPoint""}",,,,,,,,,,,974,,
20,257,102047,Vine Avenue Playground,Vine Avenue Playground Bottle Filling Station,Bottle Filling Station,"Located on the southeast corner of the park, south of the playground.",https://www.toronto.ca/explore-enjoy/parks-recreation/places-spaces/parks-and-recreation-facilities/location/?id=257,200 Vine Ave  ,2026-06-09T07:56:55,Vine Avenue Playground Bottle Filling Station,None,None,1,"{""coordinates"": [[-79.47011374, 43.66673369]], ""type"": ""MultiPoint""}",,,,,,,,,,"Drinking 
Fountain",,,
21,259,75027,Wadsworth Park,Wadsworth Park Playground Drinking Water Station,"Bottle Filling Station, Drinking Fountain",Located south of the playground.,https://www.toronto.ca/explore-enjoy/parks-recreation/places-spaces/parks-and-recreation-facilities/location/?id=259,120 Connolly St  ,2026-06-09T07:55:12,Wadsworth Park Playground Drinking Water Station,Closed for the Season,"Drinking fountain is constantly being filled with sand, cant stay open more then a day without being clogged. ",0,"{""coordinates"": [[-79.457165, 43.67214293]], ""type"": ""MultiPoint""}",,,,,,,,,,"Bottle 
Filling 
Station",,,
22,259,2355,Wadsworth Park,Wadsworth Park Wading Pool Drinking Fountain,Drinking Fountain,Located in the northeast corner of the wading pool.,https://www.toronto.ca/explore-enjoy/parks-recreation/places-spaces/parks-and-recreation-facilities/location/?id=259,120 Connolly St  ,2026-06-09T07:54:01,Wadsworth Park Wading Pool Drinking Fountain,None,None,1,"{""coordinates"": [[-79.45690210000001, 43.6724746]], ""type"": ""MultiPoint""}",,,,,,,,,,"Dog 
Fountain",,,
23,235,102239,Runnymede Park,Runnymede Park Wading Pool Drinking Fountain,Drinking Fountain,Located north of the wading pool.,https://www.toronto.ca/explore-enjoy/parks-recreation/places-spaces/parks-and-recreation-facilities/location/?id=235,221 Ryding Ave  ,2026-06-09T07:53:51,Runnymede Park Wading Pool Drinking Fountain,None,None,1,"{""coordinates"": [[-79.47723848, 43.66908968]], ""type"": ""MultiPoint""}",,,,,,,,,,"Water 
Tap",,,
24,236,2717,Oakcrest Parkette,Oakcrest Parkette Wading Pool Drinking Fountain,Drinking Fountain,Located next to the wading pool.,https://www.toronto.ca/explore-enjoy/parks-recreation/places-spaces/parks-and-recreation-facilities/location/?id=236,30 Oakcrest Ave  ,2026-06-04T08:11:58,Oakcrest Parkette Wading Pool Drinking Fountain,None,None,1,"{""coordinates"": [[-79.31127448, 43.683512230000005]], ""type"": ""MultiPoint""}",,,,,,,,,,,,,
25,2443,77374,Linkwood Lane Park,Linkwood Lane Park Bottle Filling Station,Bottle Filling Station,Located next to the playground.,https://www.toronto.ca/explore-enjoy/parks-recreation/places-spaces/parks-and-recreation-facilities/location/?id=2443,10 Linkwood Lane  ,2026-06-02T06:55:07,Linkwood Lane Park Bottle Filling Station,None,None,1,"{""coordinates"": [[-79.32449882, 43.71583938]], ""type"": ""MultiPoint""}",,,,,,,,,,,,,
26,665,102042,Irving W. Chapley Park,Irving W. Chapley Park Drinking Water Station,"Bottle Filling Station, Drinking Fountain, Dog Fountain","Located next to the parking lot, south of the baseball diamond.",https://www.toronto.ca/explore-enjoy/parks-recreation/places-spaces/parks-and-recreation-facilities/location/?id=665,205 Wilmington Ave  ,2026-06-01T13:37:48,Irving W. Chapley Park Drinking Water Station,None,None,1,"{""coordinates"": [[-79.45577818, 43.761912409999994]], ""type"": ""MultiPoint""}",,,,,,,,,,,,,
27,2207,2421,Chater Court Park,Chater Court Park Drinking Fountain,Drinking Fountain,Located on the pathway between Englemount Avenue and the playground.,https://www.toronto.ca/explore-enjoy/parks-recreation/places-spaces/parks-and-recreation-facilities/location/?id=2207,1 Chater Crt  ,2026-05-29T14:19:24,Chater Court Park Drinking Fountain,None,None,1,"{""coordinates"": [[-79.43670526, 43.71418817]], ""type"": ""MultiPoint""}",,,,,,,,,,,,,
28,741,102149,Sandown Park,Sandown Park Splash Pad Bottle Filling Station,Bottle Filling Station,Located north of the splash pad along the pathway.,https://www.toronto.ca/explore-enjoy/parks-recreation/places-spaces/parks-and-recreation-facilities/location/?id=741,50 Natal Ave  ,2026-05-29T12:00:54,Sandown Park Splash Pad Bottle Filling Station,None,None,1,"{""coordinates"": [[-79.25343495999999, 43.7095329]], ""type"": ""MultiPoint""}",,,,,,,,,,,,,
29,663,13277,Hullmar Park,Hullmar Park Drinking Fountain,Drinking Fountain,"Located on the south side of the north pathway, north of the baseball diamond.",https://www.toronto.ca/explore-enjoy/parks-recreation/places-spaces/parks-and-recreation-facilities/location/?id=663,97 Hullmar Dr  ,2026-05-29T07:01:02,Hullmar Park Drinking Fountain,None,None,1,"{""coordinates"": [[-79.52583766000001, 43.76521343]], ""type"": ""MultiPoint""}",,,,,,,,,,,,,
30,648,2290,Grandravine Park,Grandravine Park Drinking Fountain,Drinking Fountain,Loacted on the grassy area south of the baseball diamond.,https://www.toronto.ca/explore-enjoy/parks-recreation/places-spaces/parks-and-recreation-facilities/location/?id=648,23 Grandravine Dr  ,2026-05-29T06:59:13,Grandravine Park Drinking Fountain,None,None,1,"{""coordinates"": [[-79.49188984, 43.75114411]], ""type"": ""MultiPoint""}",,,,,,,,,,,,,
31,158,102108,Sonya's Park,Sonya's Park Bottle Filling Station,Bottle Filling Station,Located along the pathway at the north end of the park.,https://www.toronto.ca/explore-enjoy/parks-recreation/places-spaces/parks-and-recreation-facilities/location/?id=158,63 Oxford St  ,2026-05-28T13:02:54,Sonya's Park Bottle Filling Station,Closed for the Season,Park Closed,0,"{""coordinates"": [[-79.40204848, 43.65604023]], ""type"": ""MultiPoint""}",,,,,,,,,,,,,
32,530,102203,Rosedale Ravine Lands,Rosedale Ravine Lands Drinking Fountain,Drinking Fountain,Located in the park at the northwest corner of Park Road and Rosedale Valley Road.,https://www.toronto.ca/explore-enjoy/parks-recreation/places-spaces/parks-and-recreation-facilities/location/?id=530,450 Bloor St  E ,2026-05-28T13:02:01,Rosedale Ravine Lands Drinking Fountain,Under Construction,DF Replacement Ongoing,0,"{""coordinates"": [[-79.38404808, 43.673721799999996]], ""type"": ""MultiPoint""}",,,,,,,,,,,,,
33,177,2735,Moss Park,Moss Park Drinking Water Station,"Drinking Fountain, Dog Fountain",Located between the tennis courts and the baseball diamond.,https://www.toronto.ca/explore-enjoy/parks-recreation/places-spaces/parks-and-recreation-facilities/location/?id=177,150 Sherbourne St  ,2026-05-28T13:00:14,Moss Park Drinking Water Station,None,None,1,"{""coordinates"": [[-79.37189907, 43.65521135]], ""type"": ""MultiPoint""}",,,,,,,,,,,,,
34,145,78265,Monarch Park,Monarch Park Wading Pool Drinking Fountain,Drinking Fountain,Located on the pool deck west of the wading pool.,https://www.toronto.ca/explore-enjoy/parks-recreation/places-spaces/parks-and-recreation-facilities/location/?id=145,115 Felstead Ave  ,2026-05-28T12:58:55,Monarch Park Wading Pool Drinking Fountain,None,None,1,"{""coordinates"": [[-79.32620204, 43.67772284]], ""type"": ""MultiPoint""}",,,,,,,,,,,,,
35,145,102085,Monarch Park,Monarch Park Outdoor Rink Bottle Filling Station,Bottle Filling Station,Located outside the outdoor pool/rink building close to the outdoor ice rink.,https://www.toronto.ca/explore-enjoy/parks-recreation/places-spaces/parks-and-recreation-facilities/location/?id=145,115 Felstead Ave  ,2026-05-28T12:58:48,Monarch Park Outdoor Rink Bottle Filling Station,None,None,1,"{""coordinates"": [[-79.32539894, 43.67732088]], ""type"": ""MultiPoint""}",,,,,,,,,,,,,
36,145,102222,Monarch Park,Monarch Park Outdoor Pool West Drinking Fountain,Drinking Fountain,Located on the southwest side of the outdoor pool deck along the outdoor pool building.,https://www.toronto.ca/explore-enjoy/parks-recreation/places-spaces/parks-and-recreation-facilities/location/?id=145,115 Felstead Ave  ,2026-05-28T12:58:35,Monarch Park Outdoor Pool West Drinking Fountain,None,None,1,"{""coordinates"": [[-79.32592776, 43.67739661]], ""type"": ""MultiPoint""}",,,,,,,,,,,,,
37,145,102223,Monarch Park,Monarch Park Outdoor Pool East Drinking Fountain,Drinking Fountain,Located on the southeast side of the outdoor pool deck along the outdoor pool building.,https://www.toronto.ca/explore-enjoy/parks-recreation/places-spaces/parks-and-recreation-facilities/location/?id=145,115 Felstead Ave  ,2026-05-28T12:58:26,Monarch Park Outdoor Pool East Drinking Fountain,None,None,1,"{""coordinates"": [[-79.32548892, 43.67749347]], ""type"": ""MultiPoint""}",,,,,,,,,,,,,
38,145,77834,Monarch Park,Monarch Park Felstead Avenue Bottle Filling Station,Bottle Filling Station,Located along the sidewalk at the north end of the park along Felstead Avenue.,https://www.toronto.ca/explore-enjoy/parks-recreation/places-spaces/parks-and-recreation-facilities/location/?id=145,115 Felstead Ave  ,2026-05-28T12:58:19,Monarch Park Felstead Avenue Bottle Filling Station,None,None,1,"{""coordinates"": [[-79.32647416, 43.678838510000006]], ""type"": ""MultiPoint""}",,,,,,,,,,,,,
39,145,102224,Monarch Park,Monarch Park Dog Off-Leash Area Drinking Water Station,"Drinking Fountain, Dog Fountain",Located west of the dog off-leash area next to the outdoor pool/rink building.,https://www.toronto.ca/explore-enjoy/parks-recreation/places-spaces/parks-and-recreation-facilities/location/?id=145,115 Felstead Ave  ,2026-05-28T12:58:11,Monarch Park Dog Off-Leash Area Drinking Water Station,None,None,1,"{""coordinates"": [[-79.32529702, 43.677387030000006]], ""type"": ""MultiPoint""}",,,,,,,,,,,,,
40,62,2129,McGill Parkette,McGill Parkette Drinking Fountain,Drinking Fountain,"Located at the entrance to the parkette, along the sidewalk.",https://www.toronto.ca/explore-enjoy/parks-recreation/places-spaces/parks-and-recreation-facilities/location/?id=62,9 Mcgill St  ,2026-05-28T12:56:30,McGill Parkette Drinking Fountain,Maintenance/Repairs,Curb Stop Repairs,0,"{""coordinates"": [[-79.38169865, 43.65998152]], ""type"": ""MultiPoint""}",,,,,,,,,,,,,
41,1950,2291,Graham Park,Graham Park Drinking Fountain,Drinking Fountain,Located next to the pathway west of the playground.,https://www.toronto.ca/explore-enjoy/parks-recreation/places-spaces/parks-and-recreation-facilities/location/?id=1950,11 Atlas Ave  ,2026-05-28T12:54:49,Graham Park Drinking Fountain,Maintenance/Repairs,DF repairs ongoing,0,"{""coordinates"": [[-79.43032170000001, 43.681457159999994]], ""type"": ""MultiPoint""}",,,,,,,,,,,,,
42,50,1002267,Gerrard - Carlaw Traffic Island,Gerrard - Carlaw Traffic Island Drinking Water Station,"Drinking Fountain, Dog Fountain","Located at the corner of Gerrard Street East and Carlaw Avenue, next to the off-leash area near Boston Ave..",https://www.toronto.ca/explore-enjoy/parks-recreation/places-spaces/parks-and-recreation-facilities/location/?id=50,855 Gerrard St  E ,2026-05-28T12:53:48,Gerrard - Carlaw Parkette Drinking Water Station,Under Construction,None,0,"{""coordinates"": [[-79.34176913, 43.66761817]], ""type"": ""MultiPoint""}",,,,,,,,,,,,,
43,127,102035,Fairmount Park,Fairmount Park Drinking Water Station,"Bottle Filling Station, Drinking Fountain",Located on the pathway south of the wading pool.,https://www.toronto.ca/explore-enjoy/parks-recreation/places-spaces/parks-and-recreation-facilities/location/?id=127,1725 Gerrard St  E ,2026-05-28T12:53:03,Fairmount Park Drinking Water Station,Maintenance/Repairs,Major supply line repairs,0,"{""coordinates"": [[-79.31580255, 43.67522619]], ""type"": ""MultiPoint""}",,,,,,,,,,,,,
44,127,2324,Fairmount Park,Fairmount Park Drinking Water Station,"Bottle Filling Station, Drinking Fountain",Located on the pathway outside the front entrance to the Community Centre.,https://www.toronto.ca/explore-enjoy/parks-recreation/places-spaces/parks-and-recreation-facilities/location/?id=127,1725 Gerrard St  E ,2026-05-28T12:52:41,Fairmount Park Drinking Water Station,Maintenance/Repairs,Major supply line repairs,0,"{""coordinates"": [[-79.31537574, 43.67661715]], ""type"": ""MultiPoint""}",,,,,,,,,,,,,
45,232,2385,Courthouse Square Park,Courthouse Square Park Drinking Fountain,Drinking Fountain,Located on the pathway in the centre of the park.,https://www.toronto.ca/explore-enjoy/parks-recreation/places-spaces/parks-and-recreation-facilities/location/?id=232,10 Court St  ,2026-05-28T12:51:46,Courthouse Square Park Drinking Fountain,Maintenance/Repairs,Service area under repair,0,"{""coordinates"": [[-79.37535674, 43.65046784]], ""type"": ""MultiPoint""}",,,,,,,,,,,,,
46,368,2402,Cloud Gardens,Cloud Gardens Bottle Filling Station,Bottle Filling Station,Located on the pathway near Richmond Street.,https://www.toronto.ca/explore-enjoy/parks-recreation/places-spaces/parks-and-recreation-facilities/location/?id=368,14 Temperance St  ,2026-05-28T12:48:02,Cloud Gardens Bottle Filling Station,None,None,1,"{""coordinates"": [[-79.37991913, 43.6513202]], ""type"": ""MultiPoint""}",,,,,,,,,,,,,
47,207,2423,Charlotte Maher Park,Charlotte Maher Park Drinking Fountain,Drinking Fountain,Located on the pathway through the park close to Roehampton Avenue..,https://www.toronto.ca/explore-enjoy/parks-recreation/places-spaces/parks-and-recreation-facilities/location/?id=207,550 Roehampton Ave  ,2026-05-28T12:47:38,Charlotte Maher Park Drinking Fountain,None,None,1,"{""coordinates"": [[-79.38059163999999, 43.711620139999994]], ""type"": ""MultiPoint""}",,,,,,,,,,,,,
48,2698,2448,Budd Sugarman Park,Budd Sugarman Park Drinking Fountain,Drinking Fountain,Located on a pathway just beside Yonge Street.,https://www.toronto.ca/explore-enjoy/parks-recreation/places-spaces/parks-and-recreation-facilities/location/?id=2698,955 Yonge St  ,2026-05-28T12:46:56,Budd Sugarman Park Drinking Fountain,Maintenance/Repairs,DF Replacement Ongoing,0,"{""coordinates"": [[-79.38890792000001, 43.675950539999995]], ""type"": ""MultiPoint""}",,,,,,,,,,,,,
49,266,2451,Bruce Mackey Park,Bruce Mackey Park Drinking Fountain,Drinking Fountain,Located on the grassy area at the corner of Wardell and De Grassi Streets.,https://www.toronto.ca/explore-enjoy/parks-recreation/places-spaces/parks-and-recreation-facilities/location/?id=266,55 Wardell St  ,2026-05-28T12:46:01,Bruce Mackey Park Drinking Fountain,Maintenance/Repairs,DF Replacement Ongoing,0,"{""coordinates"": [[-79.34622277999999, 43.66110885]], ""type"": ""MultiPoint""}",,,,,,,,,,,,,
50,231,2479,Beaty Avenue Parkette,Beaty Avenue Parkette Drinking Water Station,"Bottle Filling Station, Drinking Fountain",Located on the grassy area near the playground.,https://www.toronto.ca/explore-enjoy/parks-recreation/places-spaces/parks-and-recreation-facilities/location/?id=231,66 Beaty Ave  ,2026-05-28T12:44:18,Beaty Avenue Parkette Drinking Water Station,Maintenance/Repairs,Curb Stop Issue,0,"{""coordinates"": [[-79.44088640999999, 43.63847954]], ""type"": ""MultiPoint""}",,,,,,,,,,,,,
51,28,80185,Sunnybrook Park,Sunnybrook Park Dog Off-Leash Area Dog Fountain,Dog Fountain,Located in the center of the dog off-leash area.,https://www.toronto.ca/explore-enjoy/parks-recreation/places-spaces/parks-and-recreation-facilities/location/?id=28,1132 Leslie St  ,2026-05-28T12:16:06,Sunnybrook Park Dog Off-Leash Area Dog Fountain,None,None,1,"{""coordinates"": [[-79.36555598, 43.72207086]], ""type"": ""MultiPoint""}",,,,,,,,,,,,,
52,3853,989073,Biidaasige Park,Biidaasige Park South River Lawn Drinking Water Station,"Bottle Filling Station, Drinking Fountain",None,https://www.toronto.ca/explore-enjoy/parks-recreation/places-spaces/beaches-gardens-attractions/biidaasige-park/,51 Commissioners St,2026-05-28T12:14:46,Biidaasige Park South River Lawn Drinking Water Station,None,None,1,"{""coordinates"": [[-79.34818984, 43.64498456]], ""type"": ""MultiPoint""}",,,,,,,,,,,,,
53,2584,103208,Sandover Park,Sandover Park Drinking Fountain,Drinking Fountain,Located east of the playground along the pathway.,https://www.toronto.ca/explore-enjoy/parks-recreation/places-spaces/parks-and-recreation-facilities/location/?id=2584,10 Sandover Dr,2026-05-28T12:05:11,Sandover Park Drinking Fountain,None,None,1,"{""coordinates"": [[-79.33434740999999, 43.7609969]], ""type"": ""MultiPoint""}",,,,,,,,,,,,,
54,3853,989056,Biidaasige Park,Biidaasige Park East Picnic Terrace Drinking Water Station,"Bottle Filling Station, Drinking Fountain, Dog Fountain",Located at the west end of the picnic terrace.,https://www.toronto.ca/explore-enjoy/parks-recreation/places-spaces/beaches-gardens-attractions/biidaasige-park/,51 Commissioners St,2026-05-28T11:51:16,Biidaasige Park East Picnic Terrace Drinking Water Station,Maintenance/Repairs,Curb Stop Repair,0,"{""coordinates"": [[-79.34716255, 43.64681289]], ""type"": ""MultiPoint""}",,,,,,,,,,,,,
55,3853,989054,Biidaasige Park,Biidaasige Park North Riverside Drinking Water Station,"Bottle Filling Station, Drinking Fountain",Located on the riverside path south of the play area.,https://www.toronto.ca/explore-enjoy/parks-recreation/places-spaces/beaches-gardens-attractions/biidaasige-park/,51 Commissioners St,2026-05-28T11:50:38,Biidaasige Park North Riverside Drinking Water Station,Maintenance/Repairs,Curb Stop Repair,0,"{""coordinates"": [[-79.3506387, 43.645267940000004]], ""type"": ""MultiPoint""}",,,,,,,,,,,,,
56,3853,989016,Biidaasige Park,Biidaasige Park East Dog Off-Leash Area Drinking Water Station,"Bottle Filling Station, Drinking Fountain, Dog Fountain",Located in the east dog off-leash area.,https://www.toronto.ca/explore-enjoy/parks-recreation/places-spaces/beaches-gardens-attractions/biidaasige-park/,51 Commissioners St,2026-05-28T11:48:43,Biidaasige Park East Dog Off-Leash Area Drinking Water Station,None,None,1,"{""coordinates"": [[-79.34963823, 43.6460443]], ""type"": ""MultiPoint""}",,,,,,,,,,,,,
57,3853,989055,Biidaasige Park,Biidaasige Park Reaching Racoon Drinking Water Station,"Bottle Filling Station, Drinking Fountain",Located on the pathway north of the Reaching Racoon,https://www.toronto.ca/explore-enjoy/parks-recreation/places-spaces/beaches-gardens-attractions/biidaasige-park/,51 Commissioners St,2026-05-28T11:47:01,Biidaasige Park Reaching Racoon Drinking Water Station,None,None,1,"{""coordinates"": [[-79.34886307, 43.646556690000004]], ""type"": ""MultiPoint""}",,,,,,,,,,,,,
58,3853,989015,Biidaasige Park,Biidaasige Park West Dog Off-Leash Area Drinking Water Station,"Bottle Filling Station, Drinking Fountain, Dog Fountain",Located in the west dog off-leash area.,https://www.toronto.ca/explore-enjoy/parks-recreation/places-spaces/beaches-gardens-attractions/biidaasige-park/,51 Commissioners St,2026-05-28T11:46:28,Biidaasige Park West Dog Off-Leash Area Drinking Water Station,None,None,1,"{""coordinates"": [[-79.35186983, 43.645213590000004]], ""type"": ""MultiPoint""}",,,,,,,,,,,,,
59,3853,989053,Biidaasige Park,Biidaasige Park Badlands Drinking Water Station,"Bottle Filling Station, Drinking Fountain",Located at the west entrance to the Badlands play area.,https://www.toronto.ca/explore-enjoy/parks-recreation/places-spaces/beaches-gardens-attractions/biidaasige-park/,51 Commissioners St,2026-05-28T11:45:34,Biidaasige Park Badlands Drinking Water Station,None,None,1,"{""coordinates"": [[-79.35056963, 43.64534654]], ""type"": ""MultiPoint""}",,,,,,,,,,,,,
60,1882,2327,ETOBICOKE VALLEY PARK,Etobicoke Valley Park Baseball Diamond Drinking Fountain,Drinking Fountain,Located at the north end of the park near the washroom building.,https://www.toronto.ca/explore-enjoy/parks-recreation/places-spaces/parks-and-recreation-facilities/location/?id=1882,90 Lothian Ave  ,2026-05-28T07:31:08,Etobicoke Valley Park Baseball Diamond Drinking Fountain,None,None,1,"{""coordinates"": [[-79.55691339, 43.6042823]], ""type"": ""MultiPoint""}",,,,,,,,,,,,,
61,2077,18683,Jean Augustine Park,Jean Augustine Park Drinking Fountain,Drinking Fountain,"Located in the centre of the park, west of the pathway intersection.",https://www.toronto.ca/explore-enjoy/parks-recreation/places-spaces/parks-and-recreation-facilities/location/?id=2077,2115 Lake Shore Blvd  W ,2026-05-28T07:26:27,Jean Augustine Park Drinking Fountain,None,None,1,"{""coordinates"": [[-79.477683, 43.6282224]], ""type"": ""MultiPoint""}",,,,,,,,,,,,,
62,924,77116,Prince of Wales Park,Prince of Wales Splash Pad Drinking Fountain ,Drinking Fountain,Located next to the splash pad.,https://www.toronto.ca/explore-enjoy/parks-recreation/places-spaces/parks-and-recreation-facilities/location/?id=924,1 Third St  ,2026-05-28T07:26:05,Prince of Wales Splash Pad Drinking Fountain ,None,None,1,"{""coordinates"": [[-79.49903786, 43.59998746]], ""type"": ""MultiPoint""}",,,,,,,,,,,,,
63,734,2697,Plunkett Park,Plunkett Park Playground Drinking Fountain,Drinking Fountain,Located south of the playground.,https://www.toronto.ca/explore-enjoy/parks-recreation/places-spaces/parks-and-recreation-facilities/location/?id=734,188 Plunkett Rd  ,2026-05-27T11:18:45,Plunkett Park Playground Drinking Fountain,None,None,1,"{""coordinates"": [[-79.57132800999999, 43.76265696]], ""type"": ""MultiPoint""}",,,,,,,,,,,,,
64,2576,2651,Royal Rouge Tot Lot,Royal Rouge Tot Lot Playground Drinking Fountain,Drinking Fountain,Located east of the playground along the pathway.,https://www.toronto.ca/explore-enjoy/parks-recreation/places-spaces/parks-and-recreation-facilities/location/?id=2576,65 Royal Rouge Trl  ,2026-05-26T13:55:28,Royal Rouge Tot Lot Playground Drinking Fountain,None,None,1,"{""coordinates"": [[-79.14675701, 43.80071036]], ""type"": ""MultiPoint""}",,,,,,,,,,,,,
65,708,102015,Major Abbas Ali Park,Major Abbas Ali Park Bottle Filling Station,Bottle Filling Station,Located east of the tennis courts along the pathway.,https://www.toronto.ca/explore-enjoy/parks-recreation/places-spaces/parks-and-recreation-facilities/location/?id=708,180 Mclevin Ave  ,2026-05-26T13:55:06,Major Abbas Ali Park Bottle Filling Station,None,None,1,"{""coordinates"": [[-79.23124211, 43.803722289999996]], ""type"": ""MultiPoint""}",,,,,,,,,,,,,
66,2593,102219,Malvern Park,Malvern Park Baseball Diamond Drinking Fountain,Drinking Fountain,Located east of the baseball diamond along the parking lot.,https://www.toronto.ca/explore-enjoy/parks-recreation/places-spaces/parks-and-recreation-facilities/location/?id=2593,36 Sewells Rd  ,2026-05-26T13:54:26,Malvern Park Baseball Diamond Drinking Fountain,None,None,1,"{""coordinates"": [[-79.21674378, 43.80986275]], ""type"": ""MultiPoint""}",,,,,,,,,,,,,
67,2025,103363,Heron Park,Heron Park Tennis Court Drinking Fountain,Drinking Fountain,"Located east of the tennis courts, between the tennis courts and the outdoor pool.",https://www.toronto.ca/explore-enjoy/parks-recreation/places-spaces/parks-and-recreation-facilities/location/?id=2025,292 Manse Rd,2026-05-26T13:53:31,Heron Park Tennis Club Drinking Fountain,Maintenance/Repairs,Fountatin requiring repairs,2,"{""coordinates"": [[-79.17789475000001, 43.76920578]], ""type"": ""MultiPoint""}",,,,,,,,,,,,,
68,1079,2342,East Point Park,East Point Park East Baseball Diamonds Drinking Fountain ,Drinking Fountain,Located on the pathway between the baseball diamonds east of the park building.,https://www.toronto.ca/explore-enjoy/parks-recreation/places-spaces/parks-and-recreation-facilities/location/?id=1079,101 Copperfield Rd  ,2026-05-26T13:52:35,East Point Park East Baseball Diamonds Drinking Fountain ,Maintenance/Repairs,Fountains leaking - need repair,2,"{""coordinates"": [[-79.16223898, 43.76013283]], ""type"": ""MultiPoint""}",,,,,,,,,,,,,
69,560,18696,BOTANY HILL PARK,Botany Hill Park Drinking Fountain,Drinking Fountain,Located on the pathway south of the tennis court entrance.,https://www.toronto.ca/explore-enjoy/parks-recreation/places-spaces/parks-and-recreation-facilities/location/?id=560,277 Orton Park Rd,2026-05-26T13:51:55,Botany Hill Park Drinking Fountain,None,None,1,"{""coordinates"": [[-79.21088982, 43.77759771]], ""type"": ""MultiPoint""}",,,,,,,,,,,,,
70,543,41113,Thomson Memorial Park,Thomson Memorial Park North Washroom Bottle Filling Station,Bottle Filling Station,Located outside the north washroom building of the park. ,https://www.toronto.ca/explore-enjoy/parks-recreation/places-spaces/parks-and-recreation-facilities/location/?id=543,1005 Brimley Rd  ,2026-05-26T13:48:58,Thomson Memorial Park North Washroom Bottle Filling Station,None,None,1,"{""coordinates"": [[-79.25506818, 43.759043]], ""type"": ""MultiPoint""}",,,,,,,,,,,,,
71,441,102275,Warden Woods Park,Warden Woods Park Dog Off-Leash Area Dog Fountain,Dog Fountain,Located inside the dog off-leash area.,https://www.toronto.ca/explore-enjoy/parks-recreation/places-spaces/parks-and-recreation-facilities/location/?id=441,125 Pharmacy Ave  ,2026-05-26T13:37:09,Warden Woods Park Dog Off-Leash Area Dog Fountain,None,None,1,"{""coordinates"": [[-79.28431525, 43.6982269]], ""type"": ""MultiPoint""}",,,,,,,,,,,,,
72,626,102279,Terraview Park,Terraview Park Playground Drinking Fountain,Drinking Fountain,Located south of the playground on the east side of the pathway.,https://www.toronto.ca/explore-enjoy/parks-recreation/places-spaces/parks-and-recreation-facilities/location/?id=626,1625 Pharmacy Ave  ,2026-05-26T13:36:20,Terraview Park Playground Drinking Fountain,None,None,1,"{""coordinates"": [[-79.3112358, 43.76599334]], ""type"": ""MultiPoint""}",,,,,,,,,,,,,
73,2472,2195,L'Amoreaux North Park,L'Amoreaux North Park Baseball Diamond Drinking Fountain,Drinking Fountain,Located to the east of the baseball diamond.,https://www.toronto.ca/explore-enjoy/parks-recreation/places-spaces/parks-and-recreation-facilities/location/?id=2472,1900 Mcnicoll Ave  ,2026-05-26T13:35:24,L'Amoreaux North Park Baseball Diamond Drinking Fountain,None,None,1,"{""coordinates"": [[-79.30435287, 43.81368175]], ""type"": ""MultiPoint""}",,,,,,,,,,,,,
74,978,102138,Madelaine Park,Madelaine Park Bottle Filling Station,Bottle Filling Station,"Located next to the outdoor fitness equipment, south of the playground.",https://www.toronto.ca/explore-enjoy/parks-recreation/places-spaces/parks-and-recreation-facilities/location/?id=978,20 Madelaine Ave  ,2026-05-26T13:34:31,Madelaine Park Bottle Filling Station,None,None,1,"{""coordinates"": [[-79.28538918000001, 43.69262737]], ""type"": ""MultiPoint""}",,,,,,,,,,,,,
75,794,2638,Scarden Park,Scarden Park Playground Drinking Fountain,Drinking Fountain,Located west of the playground along Warden Avenue.,https://www.toronto.ca/explore-enjoy/parks-recreation/places-spaces/parks-and-recreation-facilities/location/?id=794,1649 Warden Ave  ,2026-05-26T13:34:00,Scarden Park Playground Drinking Fountain,None,None,1,"{""coordinates"": [[-79.30556955, 43.77452585]], ""type"": ""MultiPoint""}",,,,,,,,,,,,,
76,3671,102153,GECo Park,GECo Park Bottle Filling Station,Bottle Filling Station,Located at the west end of the playground.,https://www.toronto.ca/explore-enjoy/parks-recreation/places-spaces/parks-and-recreation-facilities/location/?id=3671,100 Cleanside Rd   ,2026-05-26T13:33:05,GECo Park Bottle Filling Station,None,None,1,"{""coordinates"": [[-79.27934048, 43.718082720000005]], ""type"": ""MultiPoint""}",,,,,,,,,,,,,
77,704,2136,Maryvale Park,Maryvale Park Tennis Court Drinking Fountain,Drinking Fountain,Located at the entrance to the tennis courts.,https://www.toronto.ca/explore-enjoy/parks-recreation/places-spaces/parks-and-recreation-facilities/location/?id=704,5 Trestleside Grv  ,2026-05-26T11:47:41,Maryvale Park Tennis Court Drinking Fountain,None,None,1,"{""coordinates"": [[-79.30621612, 43.753862219999995]], ""type"": ""MultiPoint""}",,,,,,,,,,,,,
78,614,78214,Lochleven Park,Lochleven Park Playground Drinking Fountain,Drinking Fountain,Located south of the playground.,https://www.toronto.ca/explore-enjoy/parks-recreation/places-spaces/parks-and-recreation-facilities/location/?id=614,50 Lochleven Dr  ,2026-05-26T11:21:00,Lochleven Park Playground Drinking Fountain,None,None,1,"{""coordinates"": [[-79.22134147999999, 43.73936922]], ""type"": ""MultiPoint""}",,,,,,,,,,,,,
79,3730,95210,Joshua Glover Park,Joshua Glover Park Drinking Water Station,"Bottle Filling Station, Drinking Fountain, Dog Fountain",On the pathway next to playground.,https://www.toronto.ca/explore-enjoy/parks-recreation/places-spaces/parks-and-recreation-facilities/location/?id=3730,25 Ackley Hts,2026-05-26T09:09:10,Joshua Glover Park Drinking Water Station,None,None,1,"{""coordinates"": [[-79.51308131, 43.66062041]], ""type"": ""MultiPoint""}",,,,,,,,,,,,,
80,736,102250,QUEEN'S GREENBELT,Queen's Greenbelt Drinking Fountain,Drinking Fountain,Located at the entrance of the park off of Queen's Drive.,https://www.toronto.ca/explore-enjoy/parks-recreation/places-spaces/parks-and-recreation-facilities/location/?id=736,600 Queen's Dr,2026-05-26T08:46:18,Queen's Greenbelt Drinking Fountain,None,None,1,"{""coordinates"": [[-79.48729947, 43.711416199999995]], ""type"": ""MultiPoint""}",,,,,,,,,,,,,
81,315,102172,Primrose Avenue Parkette,Primrose Avenue Parkette Wading Pool Drinking Fountain,Drinking Fountain,Located east of the wading pool.,https://www.toronto.ca/explore-enjoy/parks-recreation/places-spaces/parks-and-recreation-facilities/location/?id=315,120 Primrose Ave  ,2026-05-26T08:42:27,Primrose Avenue Parkette Wading Pool Drinking Fountain,None,None,1,"{""coordinates"": [[-79.44608421, 43.671546670000005]], ""type"": ""MultiPoint""}",,,,,,,,,,,,,
82,1466,2286,Gulliver Park,Gulliver Park Drinking Fountain,Drinking Fountain,Located north of the baseball diamond.,https://www.toronto.ca/explore-enjoy/parks-recreation/places-spaces/parks-and-recreation-facilities/location/?id=1466,59 Hearst Cir  ,2026-05-26T08:36:04,Gulliver Park Drinking Fountain,None,None,1,"{""coordinates"": [[-79.47950169, 43.69865135]], ""type"": ""MultiPoint""}",,,,,,,,,,,,,
83,1448,102101,Woolner Park,Woolner Park Basketball Court Drinking Water Station,"Bottle Filling Station, Drinking Fountain",Located along  the pathway southeast of the basketball courts.,https://www.toronto.ca/explore-enjoy/parks-recreation/places-spaces/parks-and-recreation-facilities/location/?id=1448,735 Jane St  ,2026-05-26T08:34:31,Woolner Park Basketball Court Drinking Water Station,None,None,1,"{""coordinates"": [[-79.49267374, 43.67098338]], ""type"": ""MultiPoint""}",,,,,,,,,,,,,
84,941,13253,Cummer Park,Cummer Park Baseball Diamond Drinking Fountain,Drinking Fountain,Located on the pathway between the baseball diamond and the Community Centre.,https://www.toronto.ca/explore-enjoy/parks-recreation/places-spaces/parks-and-recreation-facilities/location/?id=941,823 Cummer Ave  ,2026-05-26T08:04:47,Cummer Park Baseball Diamond Drinking Fountain,None,None,1,"{""coordinates"": [[-79.37219417, 43.79953786]], ""type"": ""MultiPoint""}",,,,,,,,,,,,,
85,718,989133,Parkway Forest Park,Parkway Forest Park South Playground Bottle Filling Station,Bottle Filling Station,Located on the pathway near the south playground.,https://www.toronto.ca/explore-enjoy/parks-recreation/places-spaces/parks-and-recreation-facilities/location/?id=718,80 Parkway Forest Dr,2026-05-26T08:04:28,Parkway Forest Park South Playground Bottle Filling Station,None,None,1,"{""coordinates"": [[-79.34208916, 43.769822870000006]], ""type"": ""MultiPoint""}",,,,,,,,,,,,,
86,718,989134,Parkway Forest Park,Parkway Forest Park Off-leash Area Bottle Filling Station,Bottle Filling Station,Located outside the entrance to the off-leash area.,https://www.toronto.ca/explore-enjoy/parks-recreation/places-spaces/parks-and-recreation-facilities/location/?id=718,80 Parkway Forest Dr,2026-05-26T08:04:15,Parkway Forest Park Off-leash Area Bottle Filling Station,None,None,1,"{""coordinates"": [[-79.34295424, 43.77013078]], ""type"": ""MultiPoint""}",,,,,,,,,,,,,
87,696,2733,Muirhead Park,Muirhead Park Drinking Fountain,Drinking Fountain,"Located south of the playground, west along the pathway.",https://www.toronto.ca/explore-enjoy/parks-recreation/places-spaces/parks-and-recreation-facilities/location/?id=696,65 Muirhead Rd  ,2026-05-26T08:04:00,Muirhead Park Drinking Fountain,None,None,1,"{""coordinates"": [[-79.33731003, 43.77979001]], ""type"": ""MultiPoint""}",,,,,,,,,,,,,
88,2574,2653,Rowena Park,Rowena Park Playground Drinking Fountain,Drinking Fountain,Located north of the playground.,https://www.toronto.ca/explore-enjoy/parks-recreation/places-spaces/parks-and-recreation-facilities/location/?id=2574,75 Rowena Dr  ,2026-05-26T08:03:45,Rowena Park Playground Drinking Fountain,None,None,1,"{""coordinates"": [[-79.31594968, 43.75043289]], ""type"": ""MultiPoint""}",,,,,,,,,,,,,
89,1501,102095,Leonard Linton Park,Leonard Linton Park Bottle Filling Station,Bottle Filling Station,Located between the playground and the basketball court along the pathway.,https://www.toronto.ca/explore-enjoy/parks-recreation/places-spaces/parks-and-recreation-facilities/location/?id=1501,60 Research Rd  ,2026-05-26T08:03:32,Leonard Linton Park Bottle Filling Station,None,None,1,"{""coordinates"": [[-79.35425326000001, 43.7134119]], ""type"": ""MultiPoint""}",,,,,,,,,,,,,
90,518,18663,Bellbury Park,Bellbury Park Drinking Fountain,Drinking Fountain,Located on the pathway next to the playground.,https://www.toronto.ca/explore-enjoy/parks-recreation/places-spaces/parks-and-recreation-facilities/location/?id=518,55 Van Horne Ave  ,2026-05-26T08:03:21,Bellbury Park Drinking Fountain,None,None,1,"{""coordinates"": [[-79.36166704, 43.78420458]], ""type"": ""MultiPoint""}",,,,,,,,,,,,,
91,659,13275,Hendon Park,Hendon Park Drinking Fountain,Drinking Fountain,Located on the west side of the pathway south of the washroom building.,https://www.toronto.ca/explore-enjoy/parks-recreation/places-spaces/parks-and-recreation-facilities/location/?id=659,50 Hendon Ave  ,2026-05-26T08:03:09,Hendon Park Drinking Fountain,None,None,1,"{""coordinates"": [[-79.4212094, 43.78093956]], ""type"": ""MultiPoint""}",,,,,,,,,,,,,
92,644,13271,Goulding Park,Goulding Park Patricia Avenue Drinking Fountain,Drinking Fountain,"Located on the west side of the pathway, 30 metres north of Patricia Avenue.",https://www.toronto.ca/explore-enjoy/parks-recreation/places-spaces/parks-and-recreation-facilities/location/?id=644,80 Patricia Ave  ,2026-05-26T08:02:53,Goulding Park Patricia Avenue Drinking Fountain,None,None,1,"{""coordinates"": [[-79.42230287000001, 43.7896545]], ""type"": ""MultiPoint""}",,,,,,,,,,,,,
93,644,13273,Goulding Park,Goulding Park Bocce Court Drinking Fountain,Drinking Fountain,Located on the pathway on the west side of the bocce courts.,https://www.toronto.ca/explore-enjoy/parks-recreation/places-spaces/parks-and-recreation-facilities/location/?id=644,80 Patricia Ave  ,2026-05-26T08:02:39,Goulding Park Bocce Court Drinking Fountain,None,None,1,"{""coordinates"": [[-79.42252622, 43.79157401]], ""type"": ""MultiPoint""}",,,,,,,,,,,,,
94,578,970508,Bridlewood Park,Bridlewood Park Fieldhouse Drinking Water Station,"Bottle Filling Station, Drinking Fountain",Located on the wall at the west corner of the washroom building.,https://www.toronto.ca/explore-enjoy/parks-recreation/places-spaces/parks-and-recreation-facilities/location/?id=578,None,2026-05-25T11:55:29,Bridlewood Park Fieldhouse Drinking Water Station,None,None,1,"{""coordinates"": [[-79.31582934, 43.78328511]], ""type"": ""MultiPoint""}",,,,,,,,,,,,,
95,1461,102264,Goldhawk Park,Goldhawk Park Drinking Water Station,"Drinking Fountain, Dog Fountain",Located on the pathway north of the playground and west of the baseball diamond.,https://www.toronto.ca/explore-enjoy/parks-recreation/places-spaces/parks-and-recreation-facilities/location/?id=1461,250 Goldhawk Trl  ,2026-05-25T11:37:49,Goldhawk Park Drinking Water Station,None,None,1,"{""coordinates"": [[-79.28090282000001, 43.824457349999996]], ""type"": ""MultiPoint""}",,,,,,,,,,,,,
96,543,102272,Thomson Memorial Park,Thomson Memorial Park North Dog Off-Leash Area Drinking Water Station,"Drinking Fountain, Dog Fountain",Located inside the dog off-leash area southeast of the shade structure.,https://www.toronto.ca/explore-enjoy/parks-recreation/places-spaces/parks-and-recreation-facilities/location/?id=543,1005 Brimley Rd  ,2026-05-25T11:31:59,Thomson Memorial Park North Dog Off-Leash Area Drinking Water Station,None,None,1,"{""coordinates"": [[-79.25349924, 43.75651778]], ""type"": ""MultiPoint""}",,,,,,,,,,,,,
97,543,102155,Thomson Memorial Park,Thomson Memorial Park Tennis Courts Bottle Filling Station,Bottle Filling Station,Located northwest of the tennis courts.,https://www.toronto.ca/explore-enjoy/parks-recreation/places-spaces/parks-and-recreation-facilities/location/?id=543,1005 Brimley Rd  ,2026-05-25T11:31:14,Thomson Memorial Park Tennis Courts Bottle Filling Station,None,None,1,"{""coordinates"": [[-79.25519706, 43.75620517]], ""type"": ""MultiPoint""}",,,,,,,,,,,,,
98,543,102273,Thomson Memorial Park,Thomson Memorial Park South Dog Off-Leash Area Drinking Water Station,"Drinking Fountain, Dog Fountain",Located outside the south side entrance of the dog off-leash area.,https://www.toronto.ca/explore-enjoy/parks-recreation/places-spaces/parks-and-recreation-facilities/location/?id=543,1005 Brimley Rd  ,2026-05-25T11:30:37,Thomson Memorial Park South Dog Off-Leash Area Drinking Water Station,None,None,1,"{""coordinates"": [[-79.252448, 43.75636234]], ""type"": ""MultiPoint""}",,,,,,,,,,,,,
99,2341,79036,Agincourt Park,Agincourt Park Playground Drinking Fountain,Drinking Fountain,Located on the pathway south of the playground.,https://www.toronto.ca/explore-enjoy/parks-recreation/places-spaces/parks-and-recreation-facilities/location/?id=2341,27 Glen Watford Dr  ,2026-05-25T11:23:49,Agincourt Park Playground Drinking Fountain,None,None,1,"{""coordinates"": [[-79.27630361, 43.788847000000004]], ""type"": ""MultiPoint""}",,,,,,,,,,,,,
100,2737,2205,Kennedy Parkette,Kennedy Parkette Drinking Fountain,Drinking Fountain,Located along the east side of the pathway.,https://www.toronto.ca/explore-enjoy/parks-recreation/places-spaces/parks-and-recreation-facilities/location/?id=2737,2799 Kennedy Rd  ,2026-05-25T11:23:06,Kennedy Parkette Drinking Fountain,None,None,1,"{""coordinates"": [[-79.29586884, 43.801079040000005]], ""type"": ""MultiPoint""}",,,,,,,,,,,,,
101,3854,988793,6 Horton Blvd Park,6 Horton Blvd Park Drinking Water Source,"Bottle Filling Station, Dog Fountain",Located on the path in the south west corner of the park.,https://www.toronto.ca/explore-enjoy/parks-recreation/places-spaces/parks-and-recreation-facilities/location/?id=3854,6 Horton Ave,2026-05-25T11:13:20,6 Horton Blvd Park Drinking Water Source,None,None,1,"{""coordinates"": [[-79.24631343, 43.73600167]], ""type"": ""MultiPoint""}",,,,,,,,,,,,,
102,492,13304,Wilket Creek Park,Wilket Creek Park Drinking Fountain,Drinking Fountain,Located in the washroom building. ,https://www.toronto.ca/explore-enjoy/parks-recreation/places-spaces/parks-and-recreation-facilities/location/?id=492,1100 Leslie St  ,2026-05-25T09:17:55,Wilket Creek Park Drinking Fountain,None,None,1,"{""coordinates"": [[-79.35294393000001, 43.72139558]], ""type"": ""MultiPoint""}",,,,,,,,,,,,,
103,288,102170,Wildwood Crescent Playground,Wildwood Crescent Playground Drinking Fountain,Drinking Fountain,"Located north of the playground, north of the pathway.",https://www.toronto.ca/explore-enjoy/parks-recreation/places-spaces/parks-and-recreation-facilities/location/?id=288,110 Wildwood Cres  ,2026-05-25T08:17:20,Wildwood Crescent Playground Drinking Fountain,None,None,1,"{""coordinates"": [[-79.31318367, 43.68113558]], ""type"": ""MultiPoint""}",,,,,,,,,,,,,
104,288,102169,Wildwood Crescent Playground,Wildwood Crescent Playground Dog off-Leash Area Dog Fountain,Dog Fountain,Located inside the dog off-leash area in the northwest corner.,https://www.toronto.ca/explore-enjoy/parks-recreation/places-spaces/parks-and-recreation-facilities/location/?id=288,110 Wildwood Cres  ,2026-05-25T08:17:13,Wildwood Crescent Playground Dog off-Leash Area Dog Fountain,None,None,1,"{""coordinates"": [[-79.31274412, 43.68133835]], ""type"": ""MultiPoint""}",,,,,,,,,,,,,
105,3790,102051,West Toronto Rail Path,West Toronto Rail Path Bottle Filling Station,Bottle Filling Station,Located at the corner of  Wallace Avenue and Sousa Mendes Street along the pathway.,https://www.toronto.ca/explore-enjoy/parks-recreation/places-spaces/parks-and-recreation-facilities/location/?id=3790,1457 Bloor St W,2026-05-25T08:16:53,West Toronto Rail Path Bottle Filling Station,None,None,1,"{""coordinates"": [[-79.45303626, 43.66047811]], ""type"": ""MultiPoint""}",,,,,,,,,,,,,
106,2710,2744,Underpass Park,Underpass Park Playground Drinking Fountain,Drinking Fountain,Located at the northeast corner of the playground.,https://www.toronto.ca/explore-enjoy/parks-recreation/places-spaces/parks-and-recreation-facilities/location/?id=2710,33 St. Lawrence St  ,2026-05-25T08:16:24,Underpass Park Playground Drinking Fountain,None,None,1,"{""coordinates"": [[-79.35514151999999, 43.65554128]], ""type"": ""MultiPoint""}",,,,,,,,,,,,,
107,2710,78241,Underpass Park,Underpass Park Basketball Court Drinking Water Station,"Drinking Fountain, Dog Fountain",Located northwest of the basketball court.,https://www.toronto.ca/explore-enjoy/parks-recreation/places-spaces/parks-and-recreation-facilities/location/?id=2710,33 St. Lawrence St  ,2026-05-25T08:16:16,Underpass Park Basketball Court Drinking Water Station,None,None,1,"{""coordinates"": [[-79.35493337, 43.65582622]], ""type"": ""MultiPoint""}",,,,,,,,,,,,,
108,241,2517,Trinity Bellwoods Park,Trinity Bellwoods Park Wading Pool Drinking Fountain,Drinking Fountain,Located north of the wading pool.,https://www.toronto.ca/explore-enjoy/parks-recreation/places-spaces/parks-and-recreation-facilities/location/?id=241,790 Queen St  W ,2026-05-25T08:15:59,Trinity Bellwoods Park Wading Pool Drinking Fountain,None,None,1,"{""coordinates"": [[-79.41458156, 43.646919340000004]], ""type"": ""MultiPoint""}",,,,,,,,,,,,,
109,241,2516,Trinity Bellwoods Park,Trinity Bellwoods Park Queen St W Drinking Fountain,Drinking Fountain,Located at the Queen Street West entrance of the park.,https://www.toronto.ca/explore-enjoy/parks-recreation/places-spaces/parks-and-recreation-facilities/location/?id=241,790 Queen St  W ,2026-05-25T08:15:53,Trinity Bellwoods Park Queen St W Drinking Fountain,None,None,1,"{""coordinates"": [[-79.41335992, 43.64556794]], ""type"": ""MultiPoint""}",,,,,,,,,,,,,
110,241,2518,Trinity Bellwoods Park,Trinity Bellwoods Park Dundas St W Drinking Fountain,Drinking Fountain,Located at the Dundas Street West entrance of the park.,https://www.toronto.ca/explore-enjoy/parks-recreation/places-spaces/parks-and-recreation-facilities/location/?id=241,790 Queen St  W ,2026-05-25T08:15:46,Trinity Bellwoods Park Dundas St W Drinking Fountain,None,None,1,"{""coordinates"": [[-79.41585594, 43.65021979]], ""type"": ""MultiPoint""}",,,,,,,,,,,,,
111,241,2515,Trinity Bellwoods Park,Trinity Bellwoods Park Baseball Diamond Drinking Water Station,"Drinking Fountain, Dog Fountain","Located along the pathway, west of the north end baseball diamond.",https://www.toronto.ca/explore-enjoy/parks-recreation/places-spaces/parks-and-recreation-facilities/location/?id=241,790 Queen St  W ,2026-05-25T08:15:39,Trinity Bellwoods Park Baseball Diamond Drinking Water Station,None,None,1,"{""coordinates"": [[-79.41515443, 43.649357099999996]], ""type"": ""MultiPoint""}",,,,,,,,,,,,,
112,276,102283,Topham Park,Topham Park Wading Pool Drinking Fountain,Drinking Fountain,Located north of the wading pool.,https://www.toronto.ca/explore-enjoy/parks-recreation/places-spaces/parks-and-recreation-facilities/location/?id=276,181 Westview Blvd  ,2026-05-25T08:15:09,Topham Park Wading Pool Drinking Fountain,None,None,1,"{""coordinates"": [[-79.30726150999999, 43.71070102]], ""type"": ""MultiPoint""}",,,,,,,,,,,,,
113,276,102033,Topham Park,Topham Park Baseball Diamond Drinking Water Station,"Bottle Filling Station, Drinking Fountain",Located between baseball diamonds 1 and 3 on the west side of the park along Selwyn Avenue.,https://www.toronto.ca/explore-enjoy/parks-recreation/places-spaces/parks-and-recreation-facilities/location/?id=276,181 Westview Blvd  ,2026-05-25T08:15:02,Topham Park Baseball Diamond Drinking Water Station,None,None,1,"{""coordinates"": [[-79.30710901, 43.709795039999996]], ""type"": ""MultiPoint""}",,,,,,,,,,,,,
114,1472,77434,Thompson Street Parkette,Thompson Street Parkette Dog Off-Leash Area Dog Fountain,Dog Fountain,Located on the west side of the dog off-leash area.,https://www.toronto.ca/explore-enjoy/parks-recreation/places-spaces/parks-and-recreation-facilities/location/?id=1472,120 Broadview Ave  ,2026-05-25T08:14:46,Thompson Street Parkette Dog Off-Leash Area Dog Fountain,None,None,1,"{""coordinates"": [[-79.35089052000001, 43.65928409]], ""type"": ""MultiPoint""}",,,,,,,,,,,,,
115,421,102039,Stan Wadlow Park,Stan Wadlow Park Clubhouse Bottle Filling Station,Bottle Filling Station,Located outside the clubhouse on the north side of the building.,https://www.toronto.ca/explore-enjoy/parks-recreation/places-spaces/parks-and-recreation-facilities/location/?id=421,888 Cosburn Ave  ,2026-05-25T08:14:20,Stan Wadlow Park Clubhouse Bottle Filling Station,None,None,1,"{""coordinates"": [[-79.31515581000001, 43.698354470000005]], ""type"": ""MultiPoint""}",,,,,,,,,,,,,
116,421,2593,Stan Wadlow Park,Stan Wadlow Park Baseball Diamond Drinking Fountain,Drinking Fountain,Located south of the baseball diamonds.,https://www.toronto.ca/explore-enjoy/parks-recreation/places-spaces/parks-and-recreation-facilities/location/?id=421,888 Cosburn Ave  ,2026-05-25T08:14:05,Stan Wadlow Park Baseball Diamond Drinking Fountain,None,None,1,"{""coordinates"": [[-79.31413581999999, 43.69727967]], ""type"": ""MultiPoint""}",,,,,,,,,,,,,
117,214,2588,Stephenson Park,Stephenson Park Wading Pool Drinking Fountain,Drinking Fountain,Located north of the wading pool.,https://www.toronto.ca/explore-enjoy/parks-recreation/places-spaces/parks-and-recreation-facilities/location/?id=214,61 Stephenson Ave  ,2026-05-25T08:13:23,Stephenson Park Wading Pool Drinking Fountain,None,None,1,"{""coordinates"": [[-79.30333134, 43.68641824]], ""type"": ""MultiPoint""}",,,,,,,,,,,,,
118,761,2592,Stanley Park,Stanley Park Outdoor Pool Drinking Fountain,Drinking Fountain,Located on the north side of the outdoor pool deck.,https://www.toronto.ca/explore-enjoy/parks-recreation/places-spaces/parks-and-recreation-facilities/location/?id=761,27 Stanley Rd  ,2026-05-25T08:13:03,Stanley Park Outdoor Pool Drinking Fountain,None,None,1,"{""coordinates"": [[-79.51602889, 43.74229964]], ""type"": ""MultiPoint""}",,,,,,,,,,,,,
119,212,2590,Stanley Park North - Toronto,Stanley Park North Toronto Wading Pool Drinking Fountain,Drinking Fountain,Located south of the wading pool. ,https://www.toronto.ca/explore-enjoy/parks-recreation/places-spaces/parks-and-recreation-facilities/location/?id=212,890 King St  W ,2026-05-25T08:12:51,Stanley Park North Toronto Wading Pool Drinking Fountain,None,None,1,"{""coordinates"": [[-79.40965365, 43.642779489999995]], ""type"": ""MultiPoint""}",,,,,,,,,,,,,
120,348,2613,Sorauren Avenue Park,Sorauren Avenue Park Tennis Court Drinking Fountain,Drinking Fountain,Located south of the tennis courts.,https://www.toronto.ca/explore-enjoy/parks-recreation/places-spaces/parks-and-recreation-facilities/location/?id=348,289 Sorauren Ave  ,2026-05-25T08:12:24,Sorauren Avenue Park Tennis Court Drinking Fountain,None,None,1,"{""coordinates"": [[-79.44411902, 43.64884035]], ""type"": ""MultiPoint""}",,,,,,,,,,,,,
121,348,78262,Sorauren Avenue Park,Sorauren Avenue Park Outdoor Oven Drinking Water Station,"Bottle Filling Station, Drinking Fountain",Located south of the outdoor oven.,https://www.toronto.ca/explore-enjoy/parks-recreation/places-spaces/parks-and-recreation-facilities/location/?id=348,289 Sorauren Ave  ,2026-05-25T08:12:17,Sorauren Avenue Park Outdoor Oven Drinking Water Station,None,None,1,"{""coordinates"": [[-79.44321433, 43.64810363]], ""type"": ""MultiPoint""}",,,,,,,,,,,,,
122,348,78263,Sorauren Avenue Park,Sorauren Avenue Park Drinking Fountain,Drinking Fountain,Located north of the dog off-leash area.,https://www.toronto.ca/explore-enjoy/parks-recreation/places-spaces/parks-and-recreation-facilities/location/?id=348,289 Sorauren Ave  ,2026-05-25T08:12:10,Sorauren Avenue Park Drinking Fountain,None,None,1,"{""coordinates"": [[-79.44301998, 43.6490753]], ""type"": ""MultiPoint""}",,,,,,,,,,,,,
123,348,78264,Sorauren Avenue Park,Sorauren Avenue Park Dog Off-Leash Area Dog Fountain,Dog Fountain,Located inside the dog off-leash area by the north entrance.,https://www.toronto.ca/explore-enjoy/parks-recreation/places-spaces/parks-and-recreation-facilities/location/?id=348,289 Sorauren Ave  ,2026-05-25T08:12:03,Sorauren Avenue Park Dog Off-Leash Area Dog Fountain,None,None,1,"{""coordinates"": [[-79.44299497, 43.64900365]], ""type"": ""MultiPoint""}",,,,,,,,,,,,,
124,221,2581,Sumach - Shuter Parkette,Sumach-Shuter Parkette Wading Pool Drinking Fountain,Drinking Fountain,Located north of the wading pool.,https://www.toronto.ca/explore-enjoy/parks-recreation/places-spaces/parks-and-recreation-facilities/location/?id=221,485 Shuter St  ,2026-05-25T08:11:40,Sumach-Shuter Parkette Wading Pool Drinking Fountain,None,None,1,"{""coordinates"": [[-79.35835631, 43.658334599999996]], ""type"": ""MultiPoint""}",,,,,,,,,,,,,
125,332,2643,Sally Bird Park,Sally Bird Park Fitness Area Drinking Fountain,Drinking Fountain,Located north of the outdoor fitness equipment area along the pathway.,https://www.toronto.ca/explore-enjoy/parks-recreation/places-spaces/parks-and-recreation-facilities/location/?id=332,194 Brunswick Ave  ,2026-05-25T08:11:23,Sally Bird Park Fitness Area Drinking Fountain,None,None,1,"{""coordinates"": [[-79.40655840999999, 43.662927950000004]], ""type"": ""MultiPoint""}",,,,,,,,,,,,,
126,3728,132558,Riverside Common Park,Riverside Common Park Drinking Water Station,"Bottle Filling Station, Drinking Fountain",Located east of the benches along Queen Street.,https://www.toronto.ca/explore-enjoy/parks-recreation/places-spaces/parks-and-recreation-facilities/location/?id=3728,657 Queen St E,2026-05-25T08:11:08,Riverside Common Park Drinking Water Station,None,None,1,"{""coordinates"": [[-79.35163134000001, 43.658366009999995]], ""type"": ""MultiPoint""}",,,,,,,,,,,,,
127,344,102139,Riverdale Park West,Riverdale Park West Wading Pool Drinking Water Station,"Bottle Filling Station, Drinking Fountain",Located east of the wading pool.,https://www.toronto.ca/explore-enjoy/parks-recreation/places-spaces/parks-and-recreation-facilities/location/?id=344,375 Sumach St  ,2026-05-25T08:10:42,Riverdale Park West Wading Pool Drinking Water Station,None,None,1,"{""coordinates"": [[-79.36168205, 43.66626234]], ""type"": ""MultiPoint""}",,,,,,,,,,,,,
128,344,2665,Riverdale Park West,Riverdale Park West Francey Barn Drinking Fountain,Drinking Fountain,"Located along the pathway, southeast of Riverdale Farm Francey Barn.",https://www.toronto.ca/explore-enjoy/parks-recreation/places-spaces/parks-and-recreation-facilities/location/?id=344,375 Sumach St  ,2026-05-25T08:10:35,Riverdale Park West Francey Barn Drinking Fountain,None,None,1,"{""coordinates"": [[-79.36107454, 43.66702575]], ""type"": ""MultiPoint""}",,,,,,,,,,,,,
129,344,102142,Riverdale Park West,Riverdale Park West Baseball Diamond Drinking Water Station,"Bottle Filling Station, Drinking Fountain, Dog Fountain",Located north of the fieldhouse at the south end of the park by the baseball diamonds.,https://www.toronto.ca/explore-enjoy/parks-recreation/places-spaces/parks-and-recreation-facilities/location/?id=344,375 Sumach St  ,2026-05-25T08:10:28,Riverdale Park West Baseball Diamond Drinking Water Station,None,None,1,"{""coordinates"": [[-79.3592552, 43.66543465]], ""type"": ""MultiPoint""}",,,,,,,,,,,,,
130,244,2714,Ontario Street Parkette,Ontario Street Parkette Playground Drinking Fountain,Drinking Fountain,Located west of the playground.,https://www.toronto.ca/explore-enjoy/parks-recreation/places-spaces/parks-and-recreation-facilities/location/?id=244,227 Ontario St  ,2026-05-25T08:09:38,Ontario Street Parkette Playground Drinking Fountain,None,None,1,"{""coordinates"": [[-79.3678551, 43.657491060000005]], ""type"": ""MultiPoint""}",,,,,,,,,,,,,
131,228,102024,Norwood Park,Norwood Park Wading Pool Drinking Water Station,"Bottle Filling Station, Drinking Fountain",Located east of the wading pool.,https://www.toronto.ca/explore-enjoy/parks-recreation/places-spaces/parks-and-recreation-facilities/location/?id=228,16 Norwood Rd  ,2026-05-25T08:09:21,Norwood Park Wading Pool Drinking Water Station,None,None,1,"{""coordinates"": [[-79.30498777, 43.68211091]], ""type"": ""MultiPoint""}",,,,,,,,,,,,,
132,228,2720,Norwood Park,Norwood Park Tennis Court Drinking Fountain,Drinking Fountain,"Located north of the pathway, south of the tennis courts.",https://www.toronto.ca/explore-enjoy/parks-recreation/places-spaces/parks-and-recreation-facilities/location/?id=228,16 Norwood Rd  ,2026-05-25T08:09:15,Norwood Park Tennis Court Drinking Fountain,None,None,1,"{""coordinates"": [[-79.30274525, 43.68229224]], ""type"": ""MultiPoint""}",,,,,,,,,,,,,
133,962,2163,Livingstone Park,Livingstone Park Wading Pool Drinking Fountain,Drinking Fountain,Located north of the wading pool.,https://www.toronto.ca/explore-enjoy/parks-recreation/places-spaces/parks-and-recreation-facilities/location/?id=962,21 Woodville Ave  ,2026-05-25T08:07:38,Livingstone Park Wading Pool Drinking Fountain,None,None,1,"{""coordinates"": [[-79.35377816, 43.691344799999996]], ""type"": ""MultiPoint""}",,,,,,,,,,,,,
134,75,2270,Hideaway Park,Hideaway Park Wading Pool Drinking Fountain,Drinking Fountain,Located next to wading pool.,https://www.toronto.ca/explore-enjoy/parks-recreation/places-spaces/parks-and-recreation-facilities/location/?id=75,23 Audley Ave  ,2026-05-25T08:07:05,Hideaway Park Wading Pool Drinking Fountain,None,None,1,"{""coordinates"": [[-79.33775188999999, 43.66478491]], ""type"": ""MultiPoint""}",,,,,,,,,,,,,
135,75,78876,Hideaway Park,Hideaway Park Dog Off-Leash Area Dog Fountain,Dog Fountain,Located in the southeast corner of the dog off-leash area.,https://www.toronto.ca/explore-enjoy/parks-recreation/places-spaces/parks-and-recreation-facilities/location/?id=75,23 Audley Ave  ,2026-05-25T08:06:58,Hideaway Park Dog Off-Leash Area Dog Fountain,None,None,1,"{""coordinates"": [[-79.33772892, 43.66489633]], ""type"": ""MultiPoint""}",,,,,,,,,,,,,
136,291,2275,Healey Willan Park,Healey Willan Park Wading Pool Drinking Fountain,Drinking Fountain,Located next to the wading pool.,https://www.toronto.ca/explore-enjoy/parks-recreation/places-spaces/parks-and-recreation-facilities/location/?id=291,504 Euclid Ave  ,2026-05-25T08:06:31,Healey Willan Park Wading Pool Drinking Fountain,None,None,1,"{""coordinates"": [[-79.41308031999999, 43.659365990000005]], ""type"": ""MultiPoint""}",,,,,,,,,,,,,
137,1060,2127,Memorial Gardens Park,Memorial Gardens Park Drinking Fountain,Drinking Fountain,Located east of the East York Civic Centre in Civic Centre Square along the pathway by the parking lot.,https://www.toronto.ca/explore-enjoy/parks-recreation/places-spaces/parks-and-recreation-facilities/location/?id=1060,111 Alamosa Dr  ,2026-05-25T08:06:07,Memorial Gardens Park Drinking Fountain,None,None,1,"{""coordinates"": [[-79.32750409, 43.690982149999996]], ""type"": ""MultiPoint""}",,,,,,,,,,,,,
138,111,2341,East Toronto Athletic Field,East Toronto Athletic Field Drinking Fountain,Drinking Fountain,Located on the south side of the wading pool. ,https://www.toronto.ca/explore-enjoy/parks-recreation/places-spaces/parks-and-recreation-facilities/location/?id=111,175 Main St  ,2026-05-25T08:05:48,East Toronto Athletic Field Drinking Fountain,None,None,1,"{""coordinates"": [[-79.29793479, 43.68479325]], ""type"": ""MultiPoint""}",,,,,,,,,,,,,
139,338,2370,David Crombie Park,David Crombie Park Wading Pool Drinking Fountain,Drinking Fountain,Located on the pathway between the sidewalk and the wading pool.,https://www.toronto.ca/explore-enjoy/parks-recreation/places-spaces/parks-and-recreation-facilities/location/?id=338,131 The Esplanade  ,2026-05-25T08:05:24,David Crombie Park Wading Pool Drinking Fountain,None,None,1,"{""coordinates"": [[-79.36941106, 43.64843742]], ""type"": ""MultiPoint""}",,,,,,,,,,,,,
140,338,2371,David Crombie Park,David Crombie Park Playground Drinking Fountain,Drinking Fountain,Located on the pathway east of the playground. ,https://www.toronto.ca/explore-enjoy/parks-recreation/places-spaces/parks-and-recreation-facilities/location/?id=338,131 The Esplanade  ,2026-05-25T08:05:18,David Crombie Park Playground Drinking Fountain,None,None,1,"{""coordinates"": [[-79.36475236, 43.64931058]], ""type"": ""MultiPoint""}",,,,,,,,,,,,,
141,338,102254,David Crombie Park,David Crombie Park Basketball Court Drinking Fountain,Drinking Fountain,Located on the pathway southeast of the the basketball court.,https://www.toronto.ca/explore-enjoy/parks-recreation/places-spaces/parks-and-recreation-facilities/location/?id=338,131 The Esplanade  ,2026-05-25T08:05:12,David Crombie Park Basketball Court Drinking Fountain,None,None,1,"{""coordinates"": [[-79.36394505, 43.64946717]], ""type"": ""MultiPoint""}",,,,,,,,,,,,,
142,143,97105,David A. Balfour Park,David A. Balfour Park Washroom Drinking Water Station,"Bottle Filling Station, Drinking Fountain, Dog Fountain",Located outside the washroom building north of the playground.,https://www.toronto.ca/explore-enjoy/parks-recreation/places-spaces/parks-and-recreation-facilities/location/?id=143,75 Rosehill Ave,2026-05-25T08:05:00,David A. Balfour Park Washroom Drinking Water Station,None,None,1,"{""coordinates"": [[-79.38764917, 43.68682396]], ""type"": ""MultiPoint""}",,,,,,,,,,,,,
143,143,102245,David A. Balfour Park,David A. Balfour Park Drinking Fountain,Drinking Fountain,Located near the entrance to the trail off Mathersfield Drive.,https://www.toronto.ca/explore-enjoy/parks-recreation/places-spaces/parks-and-recreation-facilities/location/?id=143,75 Rosehill Ave  ,2026-05-25T08:04:43,David A. Balfour Park Drinking Fountain,None,None,1,"{""coordinates"": [[-79.38569955, 43.68321428]], ""type"": ""MultiPoint""}",,,,,,,,,,,,,
144,2568,102218,Cosburn Park,Cosburn Park Tennis Court Drinking Fountain,Drinking Fountain,Located at the west end of the tennis club building.,https://www.toronto.ca/explore-enjoy/parks-recreation/places-spaces/parks-and-recreation-facilities/location/?id=2568,115 Roosevelt Rd  ,2026-05-25T08:04:21,Cosburn Park Tennis Court Drinking Fountain,None,None,1,"{""coordinates"": [[-79.3306219, 43.69296473]], ""type"": ""MultiPoint""}",,,,,,,,,,,,,
145,1901,2467,Bill Johnston Park,Bill Johnston Park East Drinking Water Station,"Drinking Fountain, Dog Fountain",Located in the east seating area next to Western Battery Road.,https://www.toronto.ca/explore-enjoy/parks-recreation/places-spaces/parks-and-recreation-facilities/location/?id=1901,65 Western Battery Rd  ,2026-05-25T08:03:53,Bill Johnston Park East Drinking Water Station,None,None,1,"{""coordinates"": [[-79.41312015, 43.64003636]], ""type"": ""MultiPoint""}",,,,,,,,,,,,,
146,1901,102246,Bill Johnston Park,Bill Johnston Park Dog Off-Leash Area Drinking Water Station,"Drinking Fountain, Dog Fountain",Located in the dog off-leash area near the east entrance gate.,https://www.toronto.ca/explore-enjoy/parks-recreation/places-spaces/parks-and-recreation-facilities/location/?id=1901,65 Western Battery Rd  ,2026-05-25T08:03:45,Bill Johnston Park Dog Off-Leash Area Drinking Water Station,None,None,1,"{""coordinates"": [[-79.4147179, 43.640140329999994]], ""type"": ""MultiPoint""}",,,,,,,,,,,,,
147,147,2441,Carlton Park,Carlton Park Wading Pool Drinking Fountain,Drinking Fountain,Located on the east side of the wading pool.,https://www.toronto.ca/explore-enjoy/parks-recreation/places-spaces/parks-and-recreation-facilities/location/?id=147,20 Edith Ave  ,2026-05-25T08:02:56,Carlton Park Wading Pool Drinking Fountain,None,None,1,"{""coordinates"": [[-79.45492713, 43.66658724]], ""type"": ""MultiPoint""}",,,,,,,,,,,,,
148,147,79176,Carlton Park,Carlton Park Playground Drinking Water Station,"Drinking Fountain, Dog Fountain","Located on the pathway between the playground, the fire pit and the basketball court. ",https://www.toronto.ca/explore-enjoy/parks-recreation/places-spaces/parks-and-recreation-facilities/location/?id=147,20 Edith Ave  ,2026-05-25T08:02:50,Carlton Park Playground Drinking Water Station,None,None,1,"{""coordinates"": [[-79.4556855, 43.66658372]], ""type"": ""MultiPoint""}",,,,,,,,,,,,,
149,161,102054,Cawthra Playground,Cawthra Playground Bottle Filling Station,Bottle Filling Station,Located on the pathway between Albany Avenue and the playground.,https://www.toronto.ca/explore-enjoy/parks-recreation/places-spaces/parks-and-recreation-facilities/location/?id=161,355 Albany Ave  ,2026-05-25T08:02:18,Cawthra Playground Bottle Filling Station,None,None,1,"{""coordinates"": [[-79.41411964000001, 43.67582491]], ""type"": ""MultiPoint""}",,,,,,,,,,,,,
150,2355,102178,Maplehurst Park,Maplehurst Park Playground Drinking Fountain,Drinking Fountain,Located southeast of the playground.,https://www.toronto.ca/explore-enjoy/parks-recreation/places-spaces/parks-and-recreation-facilities/location/?id=2355,296 Maplehurst Ave  ,2026-05-25T07:50:07,Maplehurst Park Playground Drinking Fountain,None,"THIS IS NOT A DRINKING FOUNTAIN, IT'S A WATER FEATURE FOR THE SANDBOX. REMOVE FROM LIVE.",2,"{""coordinates"": [[-79.39790686, 43.76578073]], ""type"": ""MultiPoint""}",,,,,,,,,,,,,
151,255,2428,Victoria Memorial Square Park,Victoria Memorial Square Park Drinking Fountain,Drinking Fountain,Located on the east side of the pathway on the southwest corner of the park.,https://www.toronto.ca/explore-enjoy/parks-recreation/places-spaces/parks-and-recreation-facilities/location/?id=255,10 Niagara St  ,2026-05-22T14:25:09,Victoria Memorial Square Park Drinking Fountain,None,None,1,"{""coordinates"": [[-79.40050017, 43.64231188]], ""type"": ""MultiPoint""}",,,,,,,,,,,,,
152,2283,102088,Main Sewage Treatment Playground,Main Sewage Treatment Playground Rugby Field Bottle Filling Station,Bottle Filling Station,Located north of the rugby field by the west end of the parking lot.,https://www.toronto.ca/explore-enjoy/parks-recreation/places-spaces/parks-and-recreation-facilities/location/?id=2283,1091 Eastern Ave  ,2026-05-22T14:24:47,Main Sewage Treatment Playground Rugby Field Bottle Filling Station,None,None,1,"{""coordinates"": [[-79.31682671, 43.66345169]], ""type"": ""MultiPoint""}",,,,,,,,,,,,,
153,2179,102107,The Doctors' Parkette,The Doctors' Parkette Drinking Water Station,"Bottle Filling Station, Drinking Fountain",Located on the west side of the park along Brunswick Avenue.,https://www.toronto.ca/explore-enjoy/parks-recreation/places-spaces/parks-and-recreation-facilities/location/?id=2179,15 Brunswick Ave  ,2026-05-22T14:24:19,The Doctors' Parkette Drinking Water Station,None,None,1,"{""coordinates"": [[-79.40404312, 43.657446650000004]], ""type"": ""MultiPoint""}",,,,,,,,,,,,,
154,2750,102244,Stanley Park South - Toronto,Stanley Park South - Toronto Tennis Court Drinking Fountain,Drinking Fountain,Located north of the tennis courts next to the washroom building.,https://www.toronto.ca/explore-enjoy/parks-recreation/places-spaces/parks-and-recreation-facilities/location/?id=2750,700 Wellington St  W ,2026-05-22T14:23:48,Stanley Park South - Toronto Tennis Court Drinking Fountain,None,None,1,"{""coordinates"": [[-79.40812925, 43.64185702]], ""type"": ""MultiPoint""}",,,,,,,,,,,,,
155,2750,102243,Stanley Park South - Toronto,Stanley Park South - Toronto Dog Off-Leash Area Drinking Water Station,"Drinking Fountain, Dog Fountain",Located on the north end of the dog off-leash area.,https://www.toronto.ca/explore-enjoy/parks-recreation/places-spaces/parks-and-recreation-facilities/location/?id=2750,700 Wellington St  W ,2026-05-22T14:23:40,Stanley Park South - Toronto Dog Off-Leash Area Drinking Water Station,None,None,1,"{""coordinates"": [[-79.40922737, 43.64155503]], ""type"": ""MultiPoint""}",,,,,,,,,,,,,
156,183,132641,St. Andrew's Playground,St. Andrew's Playground Dog Fountain,Dog Fountain,Located in the southwest corner of the dog off-leash area.,https://www.toronto.ca/explore-enjoy/parks-recreation/places-spaces/parks-and-recreation-facilities/location/?id=183,450 Adelaide St W,2026-05-22T14:23:22,St. Andrew's Playground Dog Fountain,None,None,1,"{""coordinates"": [[-79.39929613999999, 43.646185769999995]], ""type"": ""MultiPoint""}",,,,,,,,,,,,,
157,183,101685,St. Andrew's Playground,St. Andrew's Playground Bottle Filling Station,Bottle Filling Station,Located east of the dog off-leash area along the pathway.,https://www.toronto.ca/explore-enjoy/parks-recreation/places-spaces/parks-and-recreation-facilities/location/?id=183,450 Adelaide St W,2026-05-22T14:23:15,St. Andrew's Playground Bottle Filling Station,None,None,1,"{""coordinates"": [[-79.39910061, 43.646308499999996]], ""type"": ""MultiPoint""}",,,,,,,,,,,,,
158,2103,102066,Sergeant Ryan Russell Parkette,Sergent Ryan Russell Parkette Drinking Water Station,"Bottle Filling Station, Drinking Fountain",Located east of the playground.,https://www.toronto.ca/explore-enjoy/parks-recreation/places-spaces/parks-and-recreation-facilities/location/?id=2103,250 Avenue Rd  ,2026-05-22T14:22:55,Sergent Ryan Russell Parkette Drinking Water Station,None,None,1,"{""coordinates"": [[-79.39804735, 43.67749105]], ""type"": ""MultiPoint""}",,,,,,,,,,,,,
159,388,2635,Seaton Park,Seaton Park Bottle Filling Station,Bottle Filling Station,Located on the east end of the park on the south side of the pathway. ,https://www.toronto.ca/explore-enjoy/parks-recreation/places-spaces/parks-and-recreation-facilities/location/?id=388,14 Albany Ave  ,2026-05-22T14:22:41,Seaton Park Bottle Filling Station,None,None,1,"{""coordinates"": [[-79.41034067000001, 43.66594507]], ""type"": ""MultiPoint""}",,,,,,,,,,,,,
160,343,102163,Riverdale Park East,Riverdale Park East Outdoor Pool Drinking Fountain,Drinking Fountain,Located on the deck of the outdoor pool.,https://www.toronto.ca/explore-enjoy/parks-recreation/places-spaces/parks-and-recreation-facilities/location/?id=343,550 Broadview Ave  ,2026-05-22T14:21:58,Riverdale Park East Outdoor Pool Drinking Fountain,None,None,1,"{""coordinates"": [[-79.35720829, 43.6722633]], ""type"": ""MultiPoint""}",,,,,,,,,,,,,
161,343,132560,Riverdale Park East,Riverdale Park East Fieldhouse Bottle Filling Station,Bottle Filling Station,Located on the outside of the Fieldhouse Washroom building at the south end of the park.,https://www.toronto.ca/explore-enjoy/parks-recreation/places-spaces/parks-and-recreation-facilities/location/?id=343,550 Broadview Ave,2026-05-22T14:21:48,Riverdale Park East Fieldhouse Bottle Filling Station,None,None,1,"{""coordinates"": [[-79.35573782, 43.667781520000005]], ""type"": ""MultiPoint""}",,,,,,,,,,,,,
162,343,2668,Riverdale Park East,Riverdale Park East Clubhouse Drinking Water Station,"Bottle Filling Station, Drinking Fountain, Dog Fountain",Located outside on the east side of St. Matthews Lawn Bowling Clubhouse.,https://www.toronto.ca/explore-enjoy/parks-recreation/places-spaces/parks-and-recreation-facilities/location/?id=343,550 Broadview Ave  ,2026-05-22T14:21:39,Riverdale Park East Clubhouse Drinking Water Station,None,None,1,"{""coordinates"": [[-79.35356655999999, 43.6676141]], ""type"": ""MultiPoint""}",,,,,,,,,,,,,
163,343,102098,Riverdale Park East,Riverdale Park East Bottle Filling Station,Bottle Filling Station,Located along the pathway between the outdoor pool and the outdoor ice rink.,https://www.toronto.ca/explore-enjoy/parks-recreation/places-spaces/parks-and-recreation-facilities/location/?id=343,550 Broadview Ave  ,2026-05-22T14:21:27,Riverdale Park East Bottle Filling Station,None,None,1,"{""coordinates"": [[-79.35675795, 43.67242624]], ""type"": ""MultiPoint""}",,,,,,,,,,,,,
164,167,102074,Ramsden Park,Ramsden Park Wading Pool Drinking Water Station,"Bottle Filling Station, Drinking Fountain",Located north of the wading pool along the pathway.,https://www.toronto.ca/explore-enjoy/parks-recreation/places-spaces/parks-and-recreation-facilities/location/?id=167,1020 Yonge St  ,2026-05-22T14:20:42,Ramsden Park Wading Pool Drinking Water Station,None,None,1,"{""coordinates"": [[-79.3924134, 43.676781039999995]], ""type"": ""MultiPoint""}",,,,,,,,,,,,,
165,167,102072,Ramsden Park,Ramsden Park Tennis Court Bottle Filling Station,Bottle Filling Station,Located south of the tennis courts outside the washroom building.,https://www.toronto.ca/explore-enjoy/parks-recreation/places-spaces/parks-and-recreation-facilities/location/?id=167,1020 Yonge St  ,2026-05-22T14:20:18,Ramsden Park Tennis Court Bottle Filling Station,None,None,1,"{""coordinates"": [[-79.39480108000001, 43.67618887]], ""type"": ""MultiPoint""}",,,,,,,,,,,,,
166,167,102068,Ramsden Park,Ramsden Park Picnic Site 1 Drinking Water Station,"Bottle Filling Station, Drinking Fountain",Located north of Picnic Site #1 along the pathway.,https://www.toronto.ca/explore-enjoy/parks-recreation/places-spaces/parks-and-recreation-facilities/location/?id=167,1020 Yonge St  ,2026-05-22T14:20:11,Ramsden Park Picnic Site 1 Drinking Water Station,None,None,1,"{""coordinates"": [[-79.38993540999999, 43.67662238]], ""type"": ""MultiPoint""}",,,,,,,,,,,,,
167,167,102071,Ramsden Park,Ramsden Park Drinking Water Station,"Bottle Filling Station, Drinking Fountain",Located at the entrance of the southwest corner of the park along the pathway.,https://www.toronto.ca/explore-enjoy/parks-recreation/places-spaces/parks-and-recreation-facilities/location/?id=167,1020 Yonge St  ,2026-05-22T14:20:02,Ramsden Park Drinking Water Station,None,None,1,"{""coordinates"": [[-79.39624905, 43.675820640000005]], ""type"": ""MultiPoint""}",,,,,,,,,,,,,
168,167,102209,Ramsden Park,Ramsden Park Dog Off-Leash Area Drinking Water Station,"Drinking Fountain, Dog Fountain",Located outside the dog off-leash area on the southeast corner.,https://www.toronto.ca/explore-enjoy/parks-recreation/places-spaces/parks-and-recreation-facilities/location/?id=167,1020 Yonge St  ,2026-05-22T14:19:55,Ramsden Park Dog Off-Leash Area Drinking Water Station,None,None,1,"{""coordinates"": [[-79.39561791, 43.67640002]], ""type"": ""MultiPoint""}",,,,,,,,,,,,,
169,167,102070,Ramsden Park,Ramsden Park Basketball Court Drinking Water Station,"Bottle Filling Station, Drinking Fountain",Located southeast of the basketball courts.,https://www.toronto.ca/explore-enjoy/parks-recreation/places-spaces/parks-and-recreation-facilities/location/?id=167,1020 Yonge St  ,2026-05-22T14:19:47,Ramsden Park Basketball Court Drinking Water Station,None,None,1,"{""coordinates"": [[-79.39112352, 43.676202950000004]], ""type"": ""MultiPoint""}",,,,,,,,,,,,,
170,313,2690,Pricefield Road Playground,Pricefield Road Playground Drinking Water Station,"Drinking Fountain, Dog Fountain",Located south of the playground.,https://www.toronto.ca/explore-enjoy/parks-recreation/places-spaces/parks-and-recreation-facilities/location/?id=313,50 Pricefield Rd  ,2026-05-22T14:19:28,Pricefield Road Playground Drinking Water Station,None,None,1,"{""coordinates"": [[-79.38841189, 43.6811896]], ""type"": ""MultiPoint""}",,,,,,,,,,,,,
171,245,102167,Oriole Park - Toronto,Oriole Park - Toronto Wading Pool Drinking Fountain,Drinking Fountain,Located north of the wading pool.,https://www.toronto.ca/explore-enjoy/parks-recreation/places-spaces/parks-and-recreation-facilities/location/?id=245,201 Oriole Pkwy  ,2026-05-22T14:18:59,Oriole Park - Toronto Wading Pool Drinking Fountain,None,None,1,"{""coordinates"": [[-79.39880921, 43.69738506]], ""type"": ""MultiPoint""}",,,,,,,,,,,,,
172,245,2711,Oriole Park - Toronto,Oriole Park Toronto Baseball Diamond Drinking Water Station,"Drinking Fountain, Dog Fountain",Located north of the baseball diamond.,https://www.toronto.ca/explore-enjoy/parks-recreation/places-spaces/parks-and-recreation-facilities/location/?id=245,201 Oriole Pkwy  ,2026-05-22T14:18:47,Oriole Park Toronto Baseball Diamond Drinking Water Station,None,None,1,"{""coordinates"": [[-79.40066553, 43.69753688]], ""type"": ""MultiPoint""}",,,,,,,,,,,,,
173,245,2712,Oriole Park - Toronto,Oriole Park Toronto Tennis Court Drinking Fountain,Drinking Fountain,"Located near the washroom building, north of the tennis courts.",https://www.toronto.ca/explore-enjoy/parks-recreation/places-spaces/parks-and-recreation-facilities/location/?id=245,201 Oriole Pkwy  ,2026-05-22T14:18:38,Oriole Park Toronto Tennis Court Drinking Fountain,None,None,1,"{""coordinates"": [[-79.39951339000001, 43.69715041]], ""type"": ""MultiPoint""}",,,,,,,,,,,,,
174,245,78685,Oriole Park - Toronto,Oriole Park Toronto Tennis Court Bottle Filling Station,Bottle Filling Station,"Located near the washroom building, north of the tennis courts.",https://www.toronto.ca/explore-enjoy/parks-recreation/places-spaces/parks-and-recreation-facilities/location/?id=245,201 Oriole Pkwy  ,2026-05-22T14:18:30,Oriole Park Toronto Tennis Court Bottle Filling Station,None,None,1,"{""coordinates"": [[-79.39940945, 43.69720309]], ""type"": ""MultiPoint""}",,,,,,,,,,,,,
175,60,102022,McCormick Park,McCormick Park Wading Pool Drinking Water Station,"Bottle Filling Station, Drinking Fountain",Located southeast of the wading pool.,https://www.toronto.ca/explore-enjoy/parks-recreation/places-spaces/parks-and-recreation-facilities/location/?id=60,66 Sheridan Ave  ,2026-05-22T14:15:25,McCormick Park Wading Pool Drinking Water Station,None,None,1,"{""coordinates"": [[-79.43369763, 43.64670573]], ""type"": ""MultiPoint""}",,,,,,,,,,,,,
176,2420,2150,Maple Leaf Forever Park,Maple Leaf Forever Park Playground Drinking Water Station,"Drinking Fountain, Dog Fountain",Located east of the playground.,https://www.toronto.ca/explore-enjoy/parks-recreation/places-spaces/parks-and-recreation-facilities/location/?id=2420,62 Laing St  ,2026-05-22T14:15:04,Maple Leaf Forever Park Playground Drinking Water Station,None,None,1,"{""coordinates"": [[-79.32772856999999, 43.66299501]], ""type"": ""MultiPoint""}",,,,,,,,,,,,,
177,1468,2165,Little Trinity Church Lands,Little Trinity Church Lands Playground Drinking Fountain,Drinking Fountain,Located in the playground.,https://www.toronto.ca/explore-enjoy/parks-recreation/places-spaces/parks-and-recreation-facilities/location/?id=1468,417 King St  E ,2026-05-22T14:14:48,Little Trinity Church Lands Playground Drinking Fountain,None,None,1,"{""coordinates"": [[-79.36203902, 43.65281958]], ""type"": ""MultiPoint""}",,,,,,,,,,,,,
178,377,2187,Larry Sefton Park,Larry Sefton Park Drinking Fountain,Drinking Fountain,Located in the middle of Larry Sefton park.,https://www.toronto.ca/explore-enjoy/parks-recreation/places-spaces/parks-and-recreation-facilities/location/?id=377,500 Bay St  ,2026-05-22T14:14:25,Larry Sefton Park Drinking Fountain,None,None,1,"{""coordinates"": [[-79.38352793, 43.654410490000004]], ""type"": ""MultiPoint""}",,,,,,,,,,,,,
179,429,102046,Joshua Cronkwright Parkette,Joshua Cronkwright Parkette Bottle Filling Station,Bottle Filling Station,Located southeast of the playground.,https://www.toronto.ca/explore-enjoy/parks-recreation/places-spaces/parks-and-recreation-facilities/location/?id=429,504 Dawes Rd  ,2026-05-22T14:14:07,Joshua Cronkwright Parkette Bottle Filling Station,None,None,1,"{""coordinates"": [[-79.29760032, 43.7035937]], ""type"": ""MultiPoint""}",,,,,,,,,,,,,
180,194,102125,Joseph Sheard Parkette,Joseph Sheard Parkette Drinking Water Station,"Bottle Filling Station, Drinking Fountain",Located along the west side of the pathway at the north end of the park.,https://www.toronto.ca/explore-enjoy/parks-recreation/places-spaces/parks-and-recreation-facilities/location/?id=194,11 Granby St  ,2026-05-22T14:13:54,Joseph Sheard Parkette Drinking Water Station,None,None,1,"{""coordinates"": [[-79.38191707, 43.6605572]], ""type"": ""MultiPoint""}",,,,,,,,,,,,,
181,106,79342,Jay MacPherson Green,Jay MacPherson Green Drinking Water Station,"Drinking Fountain, Dog Fountain",Located at northeast entrance to the park.,https://www.toronto.ca/explore-enjoy/parks-recreation/places-spaces/parks-and-recreation-facilities/location/?id=106,255 Avenue Rd  ,2026-05-22T14:13:37,Jay MacPherson Green Drinking Water Station,None,None,1,"{""coordinates"": [[-79.39719726999999, 43.67760611]], ""type"": ""MultiPoint""}",,,,,,,,,,,,,
182,936,2232,HUMEWOOD PARK,Humewood Park Playground Drinking Water Station,"Drinking Fountain, Dog Fountain","Located south of the pathway, southwest of the playground.",https://www.toronto.ca/explore-enjoy/parks-recreation/places-spaces/parks-and-recreation-facilities/location/?id=936,655 Humberwood Blvd  ,2026-05-22T14:13:22,Humewood Park Playground Drinking Water Station,None,None,1,"{""coordinates"": [[-79.42596216, 43.68365826]], ""type"": ""MultiPoint""}",,,,,,,,,,,,,
183,68,2293,Grace - College Parkette,Grace - College Parkette Drinking Fountain,Drinking Fountain,Located at the southwest corner of Grace and College Streets.,https://www.toronto.ca/explore-enjoy/parks-recreation/places-spaces/parks-and-recreation-facilities/location/?id=68, Grace St  ,2026-05-22T14:13:06,Grace - College Parkette Drinking Fountain,None,None,1,"{""coordinates"": [[-79.41563696, 43.65486119]], ""type"": ""MultiPoint""}",,,,,,,,,,,,,
184,373,80067,Glenn Gould Park,Glenn Gould Park Bottle Filling Station,Bottle Filling Station,Located on the pathway near the corner of St. Clair Avenue West and Avenue Road.,https://www.toronto.ca/explore-enjoy/parks-recreation/places-spaces/parks-and-recreation-facilities/location/?id=373,480 Avenue Rd  ,2026-05-22T14:12:51,Glenn Gould Park Bottle Filling Station,None,None,1,"{""coordinates"": [[-79.40190262, 43.686698459999995]], ""type"": ""MultiPoint""}",,,,,,,,,,,,,
185,1057,2364,Dentonia Park,Dentonia Park Sports Fields Drinking Water Station,"Drinking Fountain, Dog Fountain",Located on a pathway near the northwest corner of the sports field.,https://www.toronto.ca/explore-enjoy/parks-recreation/places-spaces/parks-and-recreation-facilities/location/?id=1057,80 Thyra Ave  ,2026-05-22T14:12:19,Dentonia Park Sports Fields Drinking Water Station,None,None,1,"{""coordinates"": [[-79.29271541, 43.693941009999996]], ""type"": ""MultiPoint""}",,,,,,,,,,,,,
186,1057,102019,Dentonia Park,Dentonia Park Basketball Court Bottle Filling Station,Bottle Filling Station,Located on the washroom building next to the basketball court.,https://www.toronto.ca/explore-enjoy/parks-recreation/places-spaces/parks-and-recreation-facilities/location/?id=1057,80 Thyra Ave  ,2026-05-22T14:12:12,Dentonia Park Basketball Court Bottle Filling Station,None,None,1,"{""coordinates"": [[-79.29270842, 43.69412412]], ""type"": ""MultiPoint""}",,,,,,,,,,,,,
187,3628,102036,Cudmore Creek Park,Cudmore Creek Park Bottle Filling Station,Bottle Filling Station,Located on the pathway east of the playground.,https://www.toronto.ca/explore-enjoy/parks-recreation/places-spaces/parks-and-recreation-facilities/location/?id=3628,250 Manor Rd  E ,2026-05-22T14:10:31,Cudmore Creek Park Bottle Filling Station,None,None,1,"{""coordinates"": [[-79.38500185000001, 43.70533067]], ""type"": ""MultiPoint""}",,,,,,,,,,,,,
188,370,2382,Craigleigh Gardens,Craigleigh Gardens Drinking Water Station,"Drinking Fountain, Dog Fountain",Located on the pathway just inside the gates from South Drive.,https://www.toronto.ca/explore-enjoy/parks-recreation/places-spaces/parks-and-recreation-facilities/location/?id=370,160 South Dr  ,2026-05-22T14:10:18,Craigleigh Gardens Drinking Water Station,None,None,1,"{""coordinates"": [[-79.37345020000001, 43.677321680000006]], ""type"": ""MultiPoint""}",,,,,,,,,,,,,
189,226,2396,Columbus Parkette,Columbus Parkette Drinking Fountain,Drinking Fountain,Located on the south side of the wading pool. ,https://www.toronto.ca/explore-enjoy/parks-recreation/places-spaces/parks-and-recreation-facilities/location/?id=226,1985 Dundas St  W ,2026-05-22T14:09:58,Columbus Parkette Drinking Fountain,None,None,1,"{""coordinates"": [[-79.44598169, 43.651026110000004]], ""type"": ""MultiPoint""}",,,,,,,,,,,,,
190,190,102043,Chelsea Avenue Playground,Chelsea Avenue Playground Bottle Filling Station,Bottle Filling Station,Located on the pathway between the wading pool and the playground.,https://www.toronto.ca/explore-enjoy/parks-recreation/places-spaces/parks-and-recreation-facilities/location/?id=190,103 Chelsea Ave  ,2026-05-22T14:09:40,Chelsea Avenue Playground Bottle Filling Station,None,None,1,"{""coordinates"": [[-79.45574147999999, 43.65736977]], ""type"": ""MultiPoint""}",,,,,,,,,,,,,
191,192,2415,Chorley Park,Chorley Park Drinking Water Station,"Drinking Fountain, Dog Fountain",Located on the grassy area 40 metres from Roxborough Drive.,https://www.toronto.ca/explore-enjoy/parks-recreation/places-spaces/parks-and-recreation-facilities/location/?id=192,245 Douglas Dr  ,2026-05-22T14:09:23,Chorley Park Drinking Water Station,None,None,1,"{""coordinates"": [[-79.37063658999999, 43.68520743]], ""type"": ""MultiPoint""}",,,,,,,,,,,,,
192,1046,2475,Ben Nobleman Park,Ben Nobleman Park Drinking Fountain,Drinking Fountain,Located on the grassy area in the southwest corner of the park.,https://www.toronto.ca/explore-enjoy/parks-recreation/places-spaces/parks-and-recreation-facilities/location/?id=1046,1075 Eglinton Ave  W ,2026-05-22T14:08:54,Ben Nobleman Park Drinking Fountain,None,None,1,"{""coordinates"": [[-79.43559542, 43.69821163]], ""type"": ""MultiPoint""}",,,,,,,,,,,,,
193,2519,102105,Asquith Green Park,Asquith Green Park Bottle Filling Station,Bottle Filling Station,Located on the pathway at the east entrance to the park.,https://www.toronto.ca/explore-enjoy/parks-recreation/places-spaces/parks-and-recreation-facilities/location/?id=2519,19 Park Rd  ,2026-05-22T14:08:38,Asquith Green Park Bottle Filling Station,None,None,1,"{""coordinates"": [[-79.38416858000001, 43.67191642]], ""type"": ""MultiPoint""}",,,,,,,,,,,,,
194,1,2523,Ashbridges Bay Park,Ashbridges Bay Park Picnic Site 1 Drinking Water Station,"Drinking Fountain, Dog Fountain",Located on the pathway on the west side of Picnic Site #1.,https://www.toronto.ca/explore-enjoy/parks-recreation/places-spaces/parks-and-recreation-facilities/location/?id=1,1561 Lake Shore Blvd  E ,2026-05-22T14:08:21,Ashbridges Bay Park Picnic Site 1 Drinking Water Station,None,None,1,"{""coordinates"": [[-79.3073938, 43.65826136]], ""type"": ""MultiPoint""}",,,,,,,,,,,,,
195,1,2524,Ashbridges Bay Park,Ashbridges Bay Park Boardwalk Drinking Fountain,Drinking Fountain,Located on the boardwalk in front of the washrooms.,https://www.toronto.ca/explore-enjoy/parks-recreation/places-spaces/parks-and-recreation-facilities/location/?id=1,1561 Lake Shore Blvd  E ,2026-05-22T14:08:14,Ashbridges Bay Park Boardwalk Drinking Fountain,None,None,1,"{""coordinates"": [[-79.30883534, 43.65876673]], ""type"": ""MultiPoint""}",,,,,,,,,,,,,
196,1,102012,Ashbridges Bay Park,Ashbridges Bay Park Boardwalk Bottle Filling Station,Bottle Filling Station,Located on the boardwalk in front of the washrooms.,https://www.toronto.ca/explore-enjoy/parks-recreation/places-spaces/parks-and-recreation-facilities/location/?id=1,1561 Lake Shore Blvd  E ,2026-05-22T14:08:05,Ashbridges Bay Park Boardwalk Bottle Filling Station,None,None,1,"{""coordinates"": [[-79.30890403, 43.65877231]], ""type"": ""MultiPoint""}",,,,,,,,,,,,,
197,2178,75145,Brookbanks Park,Brookbanks Park Playground Drinking Fountain,Drinking Fountain,Located on the north side of the pathway across from the playground near Valley Woods Road.,https://www.toronto.ca/explore-enjoy/parks-recreation/places-spaces/parks-and-recreation-facilities/location/?id=2178,75 Brookbanks Dr  ,2026-05-22T09:45:54,Brookbanks Park Playground Drinking Fountain,None,None,1,"{""coordinates"": [[-79.33317599, 43.75772952]], ""type"": ""MultiPoint""}",,,,,,,,,,,,,
198,764,13297,Three Valleys Park,Three Valleys Park Playground Drinking Fountain,Drinking Fountain,Located southeast of the playground on the west side of the pathway.,https://www.toronto.ca/explore-enjoy/parks-recreation/places-spaces/parks-and-recreation-facilities/location/?id=764,82 Three Valleys Dr  ,2026-05-22T09:45:32,Three Valleys Park Playground Drinking Fountain,None,None,1,"{""coordinates"": [[-79.33805776999999, 43.74985804]], ""type"": ""MultiPoint""}",,,,,,,,,,,,,
199,654,2278,Havenbrook Park,Havenbrook Park Drinking Fountain,Drinking Fountain,Located east of the pathway near Havenbrook Boulevard park entrance.,https://www.toronto.ca/explore-enjoy/parks-recreation/places-spaces/parks-and-recreation-facilities/location/?id=654,15 Havenbrook Blvd  ,2026-05-22T09:45:17,Havenbrook Park Drinking Fountain,None,None,1,"{""coordinates"": [[-79.35649117999999, 43.7683542]], ""type"": ""MultiPoint""}",,,,,,,,,,,,,
200,945,2508,Albert Standing Park,Albert Standing Park Drinking Fountain,Drinking Fountain,Located on the pathway norht of the shade structures.,https://www.toronto.ca/explore-enjoy/parks-recreation/places-spaces/parks-and-recreation-facilities/location/?id=945,50 Bogert Ave  ,2026-05-22T09:45:01,Albert Standing Park Drinking Fountain,None,None,1,"{""coordinates"": [[-79.41303903, 43.7605197]], ""type"": ""MultiPoint""}",,,,,,,,,,,,,
201,2656,13283,Lord Seaton Park,Lord Seaton Park Playground Drinking Fountain,Drinking Fountain,Located next to the playground.,https://www.toronto.ca/explore-enjoy/parks-recreation/places-spaces/parks-and-recreation-facilities/location/?id=2656,168 Upper Canada Dr  ,2026-05-22T09:44:45,Lord Seaton Park Playground Drinking Fountain,None,None,1,"{""coordinates"": [[-79.39664901, 43.75972989]], ""type"": ""MultiPoint""}",,,,,,,,,,,,,
202,2308,13247,Brookdale Park,Brookdale Park Drinking Fountain,Drinking Fountain,Located on the pathway north of the playground. ,https://www.toronto.ca/explore-enjoy/parks-recreation/places-spaces/parks-and-recreation-facilities/location/?id=2308,410 Fairlawn Ave  ,2026-05-22T09:44:29,Brookdale Park Drinking Fountain,None,None,1,"{""coordinates"": [[-79.41812087999999, 43.72600721]], ""type"": ""MultiPoint""}",,,,,,,,,,,,,
203,341,102118,Linus Park,Linus Park Soccer Field Bottle Filling Station,Bottle Filling Station,Located west of the soccer field along the pathway.,https://www.toronto.ca/explore-enjoy/parks-recreation/places-spaces/parks-and-recreation-facilities/location/?id=341,125 Seneca Hill Dr  ,2026-05-22T09:44:09,Linus Park Soccer Field Bottle Filling Station,None,None,1,"{""coordinates"": [[-79.35840014, 43.78838582]], ""type"": ""MultiPoint""}",,,,,,,,,,,,,
204,2006,2159,Westmount Park,Westmount Park Playground Drinking Fountain,Drinking Fountain,Located north of the playground along the pathway.,https://www.toronto.ca/explore-enjoy/parks-recreation/places-spaces/parks-and-recreation-facilities/location/?id=2006,22 Arcade Dr  ,2026-05-21T14:21:41,Westmount Park Playground Drinking Fountain,None,None,1,"{""coordinates"": [[-79.51841623, 43.687833440000006]], ""type"": ""MultiPoint""}",,,,,,,,,,,,,
205,960,2634,Wincott Park,Wincott Park Playground Drinking Fountain,Drinking Fountain,Located south of the playground along the pathway.,https://www.toronto.ca/explore-enjoy/parks-recreation/places-spaces/parks-and-recreation-facilities/location/?id=960,86 Northcrest Rd  ,2026-05-21T14:21:34,Wincott Park Playground Drinking Fountain,None,None,1,"{""coordinates"": [[-79.55133053, 43.69226246]], ""type"": ""MultiPoint""}",,,,,,,,,,,,,
206,37,2145,Maria Street Parkette,Maria Street Parkette Drinking Fountain,Drinking Fountain,Located at the entrance to the playground.,https://www.toronto.ca/explore-enjoy/parks-recreation/places-spaces/parks-and-recreation-facilities/location/?id=37,240 Maria St  ,2026-05-21T14:21:23,Maria Street Parkette Drinking Fountain,None,None,1,"{""coordinates"": [[-79.48054843000001, 43.666496550000005]], ""type"": ""MultiPoint""}",,,,,,,,,,,,,
207,572,2318,Firgrove Park,Firgrove Park Playground Drinking Fountain,Drinking Fountain,Located on the pathway north of the playground.,https://www.toronto.ca/explore-enjoy/parks-recreation/places-spaces/parks-and-recreation-facilities/location/?id=572,254 Firgrove Cres  ,2026-05-21T13:14:17,Firgrove Park Playground Drinking Fountain,None,None,1,"{""coordinates"": [[-79.52098995, 43.751871920000006]], ""type"": ""MultiPoint""}",,,,,,,,,,,,,
208,2318,2295,Gord and Irene Risk Park,Gord and Irene Risk Park Playground Drinking Fountain,Drinking Fountain,Located on the pathway north of the playground.,https://www.toronto.ca/explore-enjoy/parks-recreation/places-spaces/parks-and-recreation-facilities/location/?id=2318,2650 Finch Ave  W ,2026-05-21T13:14:08,Gord and Irene Risk Park Playground Drinking Fountain,None,None,1,"{""coordinates"": [[-79.56756091, 43.747402539999996]], ""type"": ""MultiPoint""}",,,,,,,,,,,,,
209,46,102179,Geary Avenue Parkette,Geary Avenue Parkette Playground Drinking Fountain,Drinking Fountain,Located east of the playground near the side walk on Geary Avenue.,https://www.toronto.ca/explore-enjoy/parks-recreation/places-spaces/parks-and-recreation-facilities/location/?id=46,15 Geary Ave  ,2026-05-21T13:13:43,Geary Avenue Parkette Playground Drinking Fountain,None,None,1,"{""coordinates"": [[-79.43031501, 43.67116834]], ""type"": ""MultiPoint""}",,,,,,,,,,,,,
210,754,2179,West Rouge Park,West Rouge Park Soccer Field Drinking Fountain,Drinking Fountain,Located northeast of the soccer field along the pathway.,https://www.toronto.ca/explore-enjoy/parks-recreation/places-spaces/parks-and-recreation-facilities/location/?id=754,270 Rouge Hills Dr  ,2026-05-21T12:58:05,West Rouge Park Soccer Field Drinking Fountain,None,None,1,"{""coordinates"": [[-79.12497668, 43.79150513]], ""type"": ""MultiPoint""}",,,,,,,,,,,,,
211,590,102044,Seven Oaks Park,Seven Oaks Park Bottle Filling Station,Bottle Filling Station,"Located outside the washroom building, south of the tennis courts.",https://www.toronto.ca/explore-enjoy/parks-recreation/places-spaces/parks-and-recreation-facilities/location/?id=590,372 Military Trl  ,2026-05-21T12:57:16,Seven Oaks Park Bottle Filling Station,None,None,1,"{""coordinates"": [[-79.21000532, 43.78789525]], ""type"": ""MultiPoint""}",,,,,,,,,,,,,
212,1094,102100,Port Union Village Common Park,Port Union Village Common Park Playground Bottle Filling Station,Bottle Filling Station,Located north of the playground along the pathway.,https://www.toronto.ca/explore-enjoy/parks-recreation/places-spaces/parks-and-recreation-facilities/location/?id=1094,105 Bridgend St  ,2026-05-21T12:56:44,Port Union Village Common Park Playground Bottle Filling Station,None,None,1,"{""coordinates"": [[-79.13459916000001, 43.77628723]], ""type"": ""MultiPoint""}",,,,,,,,,,,,,
213,792,102225,Neilson Park - Scarborough,Neilson Park - Scarborough Playground Drinking Fountain,Drinking Fountain,Located along the pathway between the playground and the splash pad.,https://www.toronto.ca/explore-enjoy/parks-recreation/places-spaces/parks-and-recreation-facilities/location/?id=792,1555 Neilson Rd  ,2026-05-21T12:56:30,Neilson Park - Scarborough Playground Drinking Fountain,None,None,1,"{""coordinates"": [[-79.22500051, 43.81377534]], ""type"": ""MultiPoint""}",,,,,,,,,,,,,
214,792,103213,Neilson Park - Scarborough,Neilson Park - Scarborough Drinking Fountain,Drinking Fountain,Located on the outside of the washroom building.,https://www.toronto.ca/explore-enjoy/parks-recreation/places-spaces/parks-and-recreation-facilities/location/?id=792,1555 Neilson Rd,2026-05-21T12:56:18,Neilson Park - Scarborough Drinking Fountain,None,None,1,"{""coordinates"": [[-79.22448168, 43.81366054]], ""type"": ""MultiPoint""}",,,,,,,,,,,,,
215,1470,102060,Morningside Park,Morningside Park West Parking Lot Bottle Filling Station,Bottle Filling Station,Located in the washroom building along the pathway between Picnic Site #8 and #9.,https://www.toronto.ca/explore-enjoy/parks-recreation/places-spaces/parks-and-recreation-facilities/location/?id=1470,390 Morningside Ave  ,2026-05-21T12:55:50,Morningside Park West Parking Lot Bottle Filling Station,None,None,1,"{""coordinates"": [[-79.20176467, 43.77763263]], ""type"": ""MultiPoint""}",,,,,,,,,,,,,
216,1470,102058,Morningside Park,Morningside Park Central Picnic Site Bottle Filling Station,Bottle Filling Station,Located on the outside south side of the washroom building west of Picnic Site #1.,https://www.toronto.ca/explore-enjoy/parks-recreation/places-spaces/parks-and-recreation-facilities/location/?id=1470,390 Morningside Ave  ,2026-05-21T12:55:40,Morningside Park Central Picnic Site Bottle Filling Station,None,None,1,"{""coordinates"": [[-79.19717372000001, 43.77775631]], ""type"": ""MultiPoint""}",,,,,,,,,,,,,
217,1470,79548,Morningside Park,Morningside Park Bottle Filling Station,Bottle Filling Station,"Located at the washroom building, west of the parking lot, east of the playground.",https://www.toronto.ca/explore-enjoy/parks-recreation/places-spaces/parks-and-recreation-facilities/location/?id=1470,390 Morningside Ave  ,2026-05-21T12:55:24,Morningside Park Bottle Filling Station,None,None,1,"{""coordinates"": [[-79.19403549, 43.77914897]], ""type"": ""MultiPoint""}",,,,,,,,,,,,,
218,613,102231,Littles Road Park,Littles Road Park Playground Drinking Fountain,Drinking Fountain,Located west of the playground along the pathway.,https://www.toronto.ca/explore-enjoy/parks-recreation/places-spaces/parks-and-recreation-facilities/location/?id=613,30 Littles Rd  ,2026-05-21T12:55:01,Littles Road Park Playground Drinking Fountain,None,None,1,"{""coordinates"": [[-79.20445429, 43.816218760000005]], ""type"": ""MultiPoint""}",,,,,,,,,,,,,
219,677,2241,Horseley Hill Park, Horseley Hill Park Drinking Fountain,Drinking Fountain,Located next to the splash pad.,https://www.toronto.ca/explore-enjoy/parks-recreation/places-spaces/parks-and-recreation-facilities/location/?id=677,145 Horseley Hill Dr  ,2026-05-21T12:54:46, Horseley Hill Park Drinking Fountain,None,None,1,"{""coordinates"": [[-79.22905667, 43.81024337]], ""type"": ""MultiPoint""}",,,,,,,,,,,,,
220,594,102034,Elizabeth Simcoe Park,Elizabeth Simcoe Park Splash Pad Bottle Filling Station,Bottle Filling Station,Located on the pathway south of the splash pad.,https://www.toronto.ca/explore-enjoy/parks-recreation/places-spaces/parks-and-recreation-facilities/location/?id=594,180 Sylvan Ave  ,2026-05-21T12:54:19,Elizabeth Simcoe Park Splash Pad Bottle Filling Station,None,None,1,"{""coordinates"": [[-79.2049596, 43.73863322]], ""type"": ""MultiPoint""}",,,,,,,,,,,,,
221,4,103211,Colonel Danforth Park,Colonel Danforth Park Drinking Fountain,Drinking Fountain,Located on the outside of the washroom building.,https://www.toronto.ca/explore-enjoy/parks-recreation/places-spaces/parks-and-recreation-facilities/location/?id=4,73 Colonel Danforth Trl,2026-05-21T12:54:02,Colonel Danforth Park Drinking Fountain,None,None,1,"{""coordinates"": [[-79.16486299, 43.777165419999996]], ""type"": ""MultiPoint""}",,,,,,,,,,,,,
222,739,2461,Bob Hunter Park,Bob Hunter Park Drinking Fountain,Drinking Fountain,Located on the grassy area next to the pathway north of the baseball diamond.,https://www.toronto.ca/explore-enjoy/parks-recreation/places-spaces/parks-and-recreation-facilities/location/?id=739,205 Generation Blvd  ,2026-05-21T12:53:28,Bob Hunter Park Drinking Fountain,None,None,1,"{""coordinates"": [[-79.16558715, 43.80258991]], ""type"": ""MultiPoint""}",,,,,,,,,,,,,
223,522,102237,Adams Park,Adams Park Drinking Fountain,Drinking Fountain,Located on the north side of the baseball diamond washroom building. ,https://www.toronto.ca/explore-enjoy/parks-recreation/places-spaces/parks-and-recreation-facilities/location/?id=522,2 Rozell Rd  ,2026-05-21T12:53:07,Adams Park Drinking Fountain,None,None,1,"{""coordinates"": [[-79.14577768000001, 43.79303034]], ""type"": ""MultiPoint""}",,,,,,,,,,,,,
224,571,2729,Wexford Park,Wexford Park Playground Drinking Fountain,Drinking Fountain,Located southwest of the playground on the south side of the fieldhouse.,https://www.toronto.ca/explore-enjoy/parks-recreation/places-spaces/parks-and-recreation-facilities/location/?id=571,55 Elm Bank Rd  ,2026-05-21T08:30:55,Wexford Park Playground Drinking Fountain,None,None,1,"{""coordinates"": [[-79.29715948, 43.733624000000006]], ""type"": ""MultiPoint""}",,,,,,,,,,,,,
225,1496,102147,Oakridge Park,Oakridge Park Playground Bottle Filling Station,Bottle Filling Station,Located east of the playground in the middle of the pathway.,https://www.toronto.ca/explore-enjoy/parks-recreation/places-spaces/parks-and-recreation-facilities/location/?id=1496,3459 Danforth Ave  ,2026-05-21T08:15:10,Oakridge Park Playground Bottle Filling Station,None,None,1,"{""coordinates"": [[-79.2790921, 43.692871769999996]], ""type"": ""MultiPoint""}",,,,,,,,,,,,,
226,676,103285,Highview Park,Highview Park Playground Bottle Filling Station,Bottle Filling Station,Located east of the playground along the pathway.,https://www.toronto.ca/explore-enjoy/parks-recreation/places-spaces/parks-and-recreation-facilities/location/?id=676,150 Highview Ave,2026-05-21T08:13:24,Highview Park Playground Bottle Filling Station,None,None,1,"{""coordinates"": [[-79.25886578, 43.70313456]], ""type"": ""MultiPoint""}",,,,,,,,,,,,,
227,676,103287,Highview Park,Highview Park Baseball Diamond Bottle Filling Station,Bottle Filling Station,Located along the pathway between the south baseball diamond and the wading pool.,https://www.toronto.ca/explore-enjoy/parks-recreation/places-spaces/parks-and-recreation-facilities/location/?id=676,150 Highview Ave,2026-05-21T08:12:58,Highview Park Baseball Diamond Bottle Filling Station,None,None,1,"{""coordinates"": [[-79.25830705, 43.70207076]], ""type"": ""MultiPoint""}",,,,,,,,,,,,,
228,202,102126,Ashtonbee Reservoir Park,Ashtonbee Reservoir Park Bottle Filling Station,Bottle Filling Station,Located on the east side of the washroom building near Ashtonbee Road.,https://www.toronto.ca/explore-enjoy/parks-recreation/places-spaces/parks-and-recreation-facilities/location/?id=202,21 Ashtonbee Rd  ,2026-05-21T08:09:35,Ashtonbee Reservoir Park Bottle Filling Station,None,None,1,"{""coordinates"": [[-79.29441548, 43.72965693]], ""type"": ""MultiPoint""}",,,,,,,,,,,,,
229,2440,2178,Leslie Park,Leslie Park Playground Drinking Fountain,Drinking Fountain,Located south of the playground.,https://www.toronto.ca/explore-enjoy/parks-recreation/places-spaces/parks-and-recreation-facilities/location/?id=2440,5200 Leslie St  ,2026-05-21T08:07:54,Leslie Park Playground Drinking Fountain,None,None,1,"{""coordinates"": [[-79.3677336, 43.78477851]], ""type"": ""MultiPoint""}",,,,,,,,,,,,,
230,641,102121,Godstone Park,Godstone Park Bottle Filling Station,Bottle Filling Station,Located on the pathway near Godstone Road.,https://www.toronto.ca/explore-enjoy/parks-recreation/places-spaces/parks-and-recreation-facilities/location/?id=641,45 Godstone Rd  ,2026-05-21T08:07:38,Godstone Park Bottle Filling Station,None,None,1,"{""coordinates"": [[-79.34761706, 43.78306451]], ""type"": ""MultiPoint""}",,,,,,,,,,,,,
231,934,102007,Trace Manes Park,Trace Manes Park Playground Bottle Filling Station,Bottle Filling Station,Located along the pathway southeast of the playground.,https://www.toronto.ca/explore-enjoy/parks-recreation/places-spaces/parks-and-recreation-facilities/location/?id=934,110 Rumsey Rd  ,2026-05-21T08:07:25,Trace Manes Park Playground Bottle Filling Station,None,None,1,"{""coordinates"": [[-79.36722508, 43.70611987]], ""type"": ""MultiPoint""}",,,,,,,,,,,,,
232,934,971862,Trace Manes Park,Trace Manes Park Tennis Court Drinking Water Station,"Bottle Filling Station, Drinking Fountain","Located at the southeast corner of the outdoor tennis courts, behind the Community Centre.",https://www.toronto.ca/explore-enjoy/parks-recreation/places-spaces/parks-and-recreation-facilities/location/?id=934,110 Rumsey Rd  ,2026-05-21T08:07:13,TRACE MANES PARK - Drinking Water Source,None,None,1,"{""coordinates"": [[-79.36743471, 43.70535583]], ""type"": ""MultiPoint""}",,,,,,,,,,,,,
233,2597,103206,Ethennonnhawahstihnen Park,Ethennonnhawahstihnen Park Bottle Filling Station,Bottle Filling Station,Located east of the playground along the pathway.,https://www.toronto.ca/explore-enjoy/parks-recreation/places-spaces/parks-and-recreation-facilities/location/?id=2597,80 Mcmahon Dr  E,2026-05-21T08:06:58,Ethennonnhawahstihnen Park Bottle Filling Station,None,None,1,"{""coordinates"": [[-79.37250793, 43.76731773]], ""type"": ""MultiPoint""}",,,,,,,,,,,,,
234,2607,2611,Southwell Park,Southwell Park Playround Drinking Fountain,Drinking Fountain,Located on the northwest corner of the playground. ,https://www.toronto.ca/explore-enjoy/parks-recreation/places-spaces/parks-and-recreation-facilities/location/?id=2607,25 Southwell Dr  ,2026-05-21T08:06:43,Southwell Park Playround Drinking Fountain,None,None,1,"{""coordinates"": [[-79.35581356, 43.746924789999994]], ""type"": ""MultiPoint""}",,,,,,,,,,,,,
235,149,102280,Sherwood Park,Sherwood Park Dog Fountain,Dog Fountain,Located east of the bridge at the bottom of the stairs.,https://www.toronto.ca/explore-enjoy/parks-recreation/places-spaces/parks-and-recreation-facilities/location/?id=149,190 Sherwood Ave  ,2026-05-21T08:06:28,Sherwood Park Dog Fountain,None,None,1,"{""coordinates"": [[-79.38686324999999, 43.7162928]], ""type"": ""MultiPoint""}",,,,,,,,,,,,,
236,2711,102183,Avonshire Park,Avonshire Park Drinking Water Station,"Drinking Fountain, Dog Fountain",Located on the pathway south of the playground near to Harrison Garden Boulevard.,https://www.toronto.ca/explore-enjoy/parks-recreation/places-spaces/parks-and-recreation-facilities/location/?id=2711,125 Harrison Garden Blvd  ,2026-05-21T08:06:13,Avonshire Park Drinking Water Station,None,None,1,"{""coordinates"": [[-79.40401442999999, 43.75810181]], ""type"": ""MultiPoint""}",,,,,,,,,,,,,
237,644,13272,Goulding Park,Goulding Park Parking Lot Drinking Fountain,Drinking Fountain,Located on the pathway south of the parking lot near the outdoor table tennis table.,https://www.toronto.ca/explore-enjoy/parks-recreation/places-spaces/parks-and-recreation-facilities/location/?id=644,80 Patricia Ave  ,2026-05-21T08:05:59,Goulding Park Parking Lot Drinking Fountain,None,None,1,"{""coordinates"": [[-79.4215703, 43.79074946]], ""type"": ""MultiPoint""}",,,,,,,,,,,,,
238,131,13287,Memorial Park - North York,Memorial Park North York Track Drinking Fountain,Drinking Fountain,Located at the west end of the track.,https://www.toronto.ca/explore-enjoy/parks-recreation/places-spaces/parks-and-recreation-facilities/location/?id=131,340 Chaplin Cres  ,2026-05-21T08:05:42,Memorial Park North York Track Drinking Fountain,None,None,1,"{""coordinates"": [[-79.42282234, 43.70504739]], ""type"": ""MultiPoint""}",,,,,,,,,,,,,
239,936,2228,Indian Line Park,Indian Line Park Drinking Fountain,Drinking Fountain,"Located south of the shade structure, north of the basketball court.",https://www.toronto.ca/explore-enjoy/parks-recreation/places-spaces/parks-and-recreation-facilities/location/?id=936,655 Humberwood Blvd  ,2026-05-20T13:56:15,Indian Line Park Drinking Fountain,None,None,1,"{""coordinates"": [[-79.62262064000001, 43.72533928]], ""type"": ""MultiPoint""}",,,,,,,,,,,,,
240,948,2343,East Mall Park,East Mall Park Drinking Fountain,Drinking Fountain,"Located on the grassy area next to the sidewalk on Lormar Drive, south of the tennis courts.",https://www.toronto.ca/explore-enjoy/parks-recreation/places-spaces/parks-and-recreation-facilities/location/?id=948,355 The East Mall ,2026-05-20T13:56:03,East Mall Park Drinking Fountain,None,None,1,"{""coordinates"": [[-79.55626564, 43.641078369999995]], ""type"": ""MultiPoint""}",,,,,,,,,,,,,
241,865,13305,Willowdale Park,Willowdale Park Playground Drinking Fountain,Drinking Fountain,Located north of the playground along the pathway.,https://www.toronto.ca/explore-enjoy/parks-recreation/places-spaces/parks-and-recreation-facilities/location/?id=865,75 Hollywood Ave  ,2026-05-20T12:39:04,Willowdale Park Playground Drinking Fountain,Under Construction,ACCESS BLOCKED BY CAPITOL PARK REFRESH PROJECT.,0,"{""coordinates"": [[-79.4075253, 43.76623171]], ""type"": ""MultiPoint""}",,,,,,,,,,,,,
242,,849390,Jolly Way Park,Jolly Way Park Bottle Filling Station,Bottle Filling Station,Located between the bike rings and the north end of the playground,https://www.toronto.ca/explore-enjoy/parks-recreation/places-spaces/parks-and-recreation-facilities/location/?id=,965 Ellesmere Rd.,2026-05-20T11:57:39,Jolly Way Park - Bottle Filler,None,None,1,"{""coordinates"": [[-79.27843363000001, 43.76581944]], ""type"": ""MultiPoint""}",,,,,,,,,,,,,
243,573,103209,White Haven Park,White Haven Park Playground Bottle Filling Station,Bottle Filling Station,Located east of the playground along the pathway.,https://www.toronto.ca/explore-enjoy/parks-recreation/places-spaces/parks-and-recreation-facilities/location/?id=573,63 Invergordon Ave,2026-05-20T07:03:09,White Haven Park Playground Bottle Filling Station,None,None,1,"{""coordinates"": [[-79.25023723000001, 43.78682011]], ""type"": ""MultiPoint""}",,,,,,,,,,,,,
244,1100,102152,Scarborough Heights Park,Scarborough Heights Park Dog Off-Leash Area Bottle Filling Station,Bottle Filling Station,Located inside the dog off-leash area on the west side.,https://www.toronto.ca/explore-enjoy/parks-recreation/places-spaces/parks-and-recreation-facilities/location/?id=1100,27 Fishleigh Dr  ,2026-05-20T07:01:45,Scarborough Heights Park Dog Off-Leash Area Bottle Filling Station,None,None,1,"{""coordinates"": [[-79.25101311, 43.6997077]], ""type"": ""MultiPoint""}",,,,,,,,,,,,,
245,1017,102150,Natal Park,Natal Park Playground Bottle Filling Station,Bottle Filling Station,Located east of the playground along the pathway.,https://www.toronto.ca/explore-enjoy/parks-recreation/places-spaces/parks-and-recreation-facilities/location/?id=1017,110 Natal Ave  ,2026-05-20T07:01:18,Natal Park Playground Bottle Filling Station,None,None,1,"{""coordinates"": [[-79.25552524, 43.71420699]], ""type"": ""MultiPoint""}",,,,,,,,,,,,,
246,2459,103210,Muir Park,Muir Park Playground Drinking Fountain,Drinking Fountain,Located south of the playground.,https://www.toronto.ca/explore-enjoy/parks-recreation/places-spaces/parks-and-recreation-facilities/location/?id=2459,66 Martindale Rd,2026-05-20T07:01:02,Muir Park Playground Drinking Fountain,None,None,1,"{""coordinates"": [[-79.22836125, 43.73460372]], ""type"": ""MultiPoint""}",,,,,,,,,,,,,
247,1088,2123,Milliken Park,Milliken Park Splash Pad Drinking Water Station,"Drinking Fountain, Dog Fountain",Located  north of the splash pad along the pathway.,https://www.toronto.ca/explore-enjoy/parks-recreation/places-spaces/parks-and-recreation-facilities/location/?id=1088,5555 Steeles Ave  E ,2026-05-20T07:00:50,Milliken Park Splash Pad Drinking Water Station,None,None,1,"{""coordinates"": [[-79.26981814, 43.82942002]], ""type"": ""MultiPoint""}",,,,,,,,,,,,,
248,1461,2296,Goldhawk Park,Goldhawk Park East Baseball Diamond Drinking Fountain,Drinking Fountain,"Located near the pathway intersecton, south of the east baseball diamond.",https://www.toronto.ca/explore-enjoy/parks-recreation/places-spaces/parks-and-recreation-facilities/location/?id=1461,250 Goldhawk Trl  ,2026-05-20T06:57:05,Goldhawk Park East Baseball Diamond Drinking Fountain,None,None,1,"{""coordinates"": [[-79.27988053, 43.82285584]], ""type"": ""MultiPoint""}",,,,,,,,,,,,,
249,576,2390,Corvette Park,Corvette Park Drinking Fountain,Drinking Fountain,Located at the east end of the park on a grassy area next to the playground.,https://www.toronto.ca/explore-enjoy/parks-recreation/places-spaces/parks-and-recreation-facilities/location/?id=576,40 Corvette Ave  ,2026-05-20T06:56:43,Corvette Park Drinking Fountain,None,None,1,"{""coordinates"": [[-79.2587086, 43.726983600000004]], ""type"": ""MultiPoint""}",,,,,,,,,,,,,
250,2262,102182,Confederation Park,Confederation Park Dog Off-Leash Area Drinking Water Station,"Drinking Fountain, Dog Fountain",Located on the pathway at the north entrance to the dog off-leash area.,https://www.toronto.ca/explore-enjoy/parks-recreation/places-spaces/parks-and-recreation-facilities/location/?id=2262,250 Dolly Varden Blvd  ,2026-05-20T06:56:26,Confederation Park Dog Off-Leash Area Drinking Water Station,None,None,1,"{""coordinates"": [[-79.23495555, 43.7739839]], ""type"": ""MultiPoint""}",,,,,,,,,,,,,
251,2171,102269,Colonial Park,Colonial Park Drinking Fountain,Drinking Fountain,Located along the pathway south of the playground.,https://www.toronto.ca/explore-enjoy/parks-recreation/places-spaces/parks-and-recreation-facilities/location/?id=2171,150 Bridlegrove Dr  ,2026-05-20T06:56:02,Colonial Park Drinking Fountain,None,None,1,"{""coordinates"": [[-79.23246164, 43.73834523]], ""type"": ""MultiPoint""}",,,,,,,,,,,,,
252,2155,102154,Albert Campbell Square,Albert Campbell Square Bottle Filling Station,Bottle Filling Station,Located east of the splash pad.,https://www.toronto.ca/explore-enjoy/parks-recreation/places-spaces/parks-and-recreation-facilities/location/?id=2155,150 Borough Dr  ,2026-05-20T06:55:31,Albert Campbell Square Bottle Filling Station,None,None,1,"{""coordinates"": [[-79.25650039, 43.77384501]], ""type"": ""MultiPoint""}",,,,,,,,,,,,,
253,77,2252,High Park,High Park Black Oak Café Drinking Fountain,Drinking Fountain,Located in front of concession stand at the north end of the park.,https://www.toronto.ca/explore-enjoy/parks-recreation/places-spaces/parks-and-recreation-facilities/location/?id=77,1873 Bloor St  W ,2026-05-19T14:08:22,High Park Black Oak Café Drinking Fountain,None,"Awaiting repairs - May 19, 2026",2,"{""coordinates"": [[-79.46653782, 43.65135465]], ""type"": ""MultiPoint""}",,,,,,,,,,,,,
254,3742,102141,Allenbury Park,Allenbury Park Drinking Water Station,"Bottle Filling Station, Drinking Fountain",Located south of the playground.,https://www.toronto.ca/explore-enjoy/parks-recreation/places-spaces/parks-and-recreation-facilities/location/?id=3742,160  Fairview Mall Dr   ,2026-05-19T11:52:08,Allenbury Park Drinking Water Station,Maintenance/Repairs,REPAIRS REQUIRED,2,"{""coordinates"": [[-79.34344745, 43.7800737]], ""type"": ""MultiPoint""}",,,,,,,,,,,,,
255,513,2480,Baycrest Park,Baycrest Park Drinking Fountain,Drinking Fountain,Located on the pathway west of the playground.,https://www.toronto.ca/explore-enjoy/parks-recreation/places-spaces/parks-and-recreation-facilities/location/?id=513,160 Neptune Dr  ,2026-05-19T11:26:05,Baycrest Park Drinking Fountain,Under Construction,Closed for capital construction project.,2,"{""coordinates"": [[-79.44576889, 43.726270209999996]], ""type"": ""MultiPoint""}",,,,,,,,,,,,,
256,2294,2333,Ellerslie Park,Ellerslie Park Playground Drinking Fountain,Drinking Fountain,Located on the grassy area next to the pathway to the playground.,https://www.toronto.ca/explore-enjoy/parks-recreation/places-spaces/parks-and-recreation-facilities/location/?id=2294,499 Ellerslie Ave  ,2026-05-19T11:00:18,Ellerslie Park Playground Drinking Fountain,None,None,1,"{""coordinates"": [[-79.43985922, 43.76553113000001]], ""type"": ""MultiPoint""}",,,,,,,,,,,,,
257,1181,77318,Edithvale Park,Edithvale Park Baseball Diamond Drinking Fountain,Drinking Fountain,Located in the grassy area south of the baseball diamond.,https://www.toronto.ca/explore-enjoy/parks-recreation/places-spaces/parks-and-recreation-facilities/location/?id=1181,121 Finch Ave  W ,2026-05-19T10:59:59,Edithvale Park Baseball Diamond Drinking Fountain,None,None,1,"{""coordinates"": [[-79.42581062, 43.77541498]], ""type"": ""MultiPoint""}",,,,,,,,,,,,,
258,11,13267,G. Ross Lord Park,G. Ross Lord Park Sport Pavillion Drinking Fountain,Drinking Fountain,Located on the pathway on the west side of the sports pavilion.,https://www.toronto.ca/explore-enjoy/parks-recreation/places-spaces/parks-and-recreation-facilities/location/?id=11,4801 Dufferin St  ,2026-05-19T10:59:36,G. Ross Lord Park Sport Pavillion Drinking Fountain,None,None,1,"{""coordinates"": [[-79.46238616, 43.77918917]], ""type"": ""MultiPoint""}",,,,,,,,,,,,,
259,11,13268,G. Ross Lord Park,G. Ross Lord Park Sport Pavillion Parking Lot Drinking Fountain,Drinking Fountain,Located on the grassy area on the north side of the sport pavillion parking lot. ,https://www.toronto.ca/explore-enjoy/parks-recreation/places-spaces/parks-and-recreation-facilities/location/?id=11,4801 Dufferin St  ,2026-05-19T10:59:03,G. Ross Lord Park Sport Pavillion Parking Lot Drinking Fountain,None,None,1,"{""coordinates"": [[-79.4638944, 43.779945829999996]], ""type"": ""MultiPoint""}",,,,,,,,,,,,,
260,11,13270,G. Ross Lord Park,G. Ross Lord Park Picnic Shelter Drinking Fountain,Drinking Fountain,"Loacted on the grassy area 17m north of the park road, northeast of the picnic shelter.",https://www.toronto.ca/explore-enjoy/parks-recreation/places-spaces/parks-and-recreation-facilities/location/?id=11,4801 Dufferin St  ,2026-05-19T10:58:35,G. Ross Lord Park Picnic Shelter Drinking Fountain,None,None,1,"{""coordinates"": [[-79.46752056, 43.77932053]], ""type"": ""MultiPoint""}",,,,,,,,,,,,,
261,505,2487,Michael Mostyn Balmoral Park,Michael Mostyn Balmoral Park Drinking Fountian,Drinking Fountain,Located on the pathway between the tennis courts and the playground.,https://www.toronto.ca/explore-enjoy/parks-recreation/places-spaces/parks-and-recreation-facilities/location/?id=505,170 Faywood Blvd  ,2026-05-19T10:57:55,Michael Mostyn Balmoral Park Drinking Fountian,None,None,1,"{""coordinates"": [[-79.44979186, 43.74499211]], ""type"": ""MultiPoint""}",,,,,,,,,,,,,
262,2301,2331,Empress Parkette,Empress Parkette Drinking Fountain,Drinking Fountain,Located next to the sidewalk north of the transit shelter.,https://www.toronto.ca/explore-enjoy/parks-recreation/places-spaces/parks-and-recreation-facilities/location/?id=2301,433 Empress Ave  ,2026-05-19T10:57:41,Empress Parkette Drinking Fountain,None,None,1,"{""coordinates"": [[-79.38987732, 43.77409499]], ""type"": ""MultiPoint""}",,,,,,,,,,,,,
263,517,13243,Bayview Village Park,Bayview Village Park Drinking Fountain,Drinking Fountain,Located on the pathway north of the playground.,https://www.toronto.ca/explore-enjoy/parks-recreation/places-spaces/parks-and-recreation-facilities/location/?id=517,2945 Bayview Ave  ,2026-05-19T10:57:24,Bayview Village Park Drinking Fountain,None,None,1,"{""coordinates"": [[-79.38883932, 43.772403049999994]], ""type"": ""MultiPoint""}",,,,,,,,,,,,,
264,149,102181,Sherwood Park,Sherwood Park Wading Pool Drinking Fountain,Drinking Fountain,Located west of the wading pool.,https://www.toronto.ca/explore-enjoy/parks-recreation/places-spaces/parks-and-recreation-facilities/location/?id=149,190 Sherwood Ave  ,2026-05-19T10:57:04,Sherwood Park Wading Pool Drinking Fountain,None,None,1,"{""coordinates"": [[-79.3873909, 43.717233639999996]], ""type"": ""MultiPoint""}",,,,,,,,,,,,,
265,445,2580,Woburn Avenue Playground,Woburn Avenue Playground Wading Pool Drinking Fountain,Drinking Fountain,Located north of the wading pool.,https://www.toronto.ca/explore-enjoy/parks-recreation/places-spaces/parks-and-recreation-facilities/location/?id=445,75 Woburn Ave  ,2026-05-19T10:56:33,Woburn Avenue Playground Wading Pool Drinking Fountain,None,None,1,"{""coordinates"": [[-79.40571046, 43.72761313]], ""type"": ""MultiPoint""}",,,,,,,,,,,,,
266,117,2335,Eglinton Park,Eglinton Park Wading Pool Drinking Fountain,Drinking Fountain,Located on the west side of the wading pool. ,https://www.toronto.ca/explore-enjoy/parks-recreation/places-spaces/parks-and-recreation-facilities/location/?id=117,200 Eglinton Ave  W ,2026-05-19T10:53:56,Eglinton Park Wading Pool Drinking Fountain,None,None,1,"{""coordinates"": [[-79.40472013, 43.7082827]], ""type"": ""MultiPoint""}",,,,,,,,,,,,,
267,117,102165,Eglinton Park,Eglinton Park Dog Fountain,Dog Fountain,Located in the grassy area southeast of the washroom building.,https://www.toronto.ca/explore-enjoy/parks-recreation/places-spaces/parks-and-recreation-facilities/location/?id=117,200 Eglinton Ave  W ,2026-05-19T10:53:43,Eglinton Park Dog Fountain,None,None,1,"{""coordinates"": [[-79.40511961, 43.708095629999995]], ""type"": ""MultiPoint""}",,,,,,,,,,,,,
268,984,2596,Stafford Park,Stafford Park Playground Drinking Fountain,Drinking Fountain,Located south of the playground along the pathway. ,https://www.toronto.ca/explore-enjoy/parks-recreation/places-spaces/parks-and-recreation-facilities/location/?id=984,100 Stafford Rd  ,2026-05-19T10:53:26,Stafford Park Playground Drinking Fountain,None,None,1,"{""coordinates"": [[-79.43884779, 43.77122669]], ""type"": ""MultiPoint""}",,,,,,,,,,,,,
269,1181,13263,Edithvale Park,Edithvale Park Outdoor Oven Drinking Water Station,"Drinking Fountain, Dog Fountain",Located next to the bake oven.,https://www.toronto.ca/explore-enjoy/parks-recreation/places-spaces/parks-and-recreation-facilities/location/?id=1181,121 Finch Ave  W ,2026-05-19T10:53:09,Edithvale Park Outdoor Oven Drinking Water Station,None,None,1,"{""coordinates"": [[-79.42486285000001, 43.77676607]], ""type"": ""MultiPoint""}",,,,,,,,,,,,,
270,3816,849315,Don-Leslie Park,Don-Leslie Park Bottle Filling Station,Bottle Filling Station,Located at the west end of the park beside the splash pad.,https://www.toronto.ca/explore-enjoy/parks-recreation/places-spaces/parks-and-recreation-facilities/location/?id=3816,14 Inn On The Park Dr,2026-05-19T10:52:19,Don-Leslie Park Bottle Filling Station,None,None,1,"{""coordinates"": [[-79.34891, 43.719306489999994]], ""type"": ""MultiPoint""}",,,,,,,,,,,,,
271,757,2625,Silverview Park,Silverview Park Baseball Diamond Drinking Fountain,Drinking Fountain,Located northwest of the baseball diamond.,https://www.toronto.ca/explore-enjoy/parks-recreation/places-spaces/parks-and-recreation-facilities/location/?id=757,23 Silverview Dr  ,2026-05-19T10:52:06,Silverview Park Baseball Diamond Drinking Fountain,None,None,1,"{""coordinates"": [[-79.41162854000001, 43.785486230000004]], ""type"": ""MultiPoint""}",,,,,,,,,,,,,
272,3461,46864,Page Parkette,Page Parkette Drinking Water Station,"Drinking Fountain, Dog Fountain","Located west of the playground, along the pathway.",https://www.toronto.ca/explore-enjoy/parks-recreation/places-spaces/parks-and-recreation-facilities/location/?id=3461,23 Valliere Pl  ,2026-05-19T10:51:52,Page Parkette Drinking Water Station,None,None,1,"{""coordinates"": [[-79.38321167000001, 43.783149609999995]], ""type"": ""MultiPoint""}",,,,,,,,,,,,,
273,449,13124,Avondale Park,Avondale Park Drinking Fountain,Drinking Fountain,Located on the pathway at the south end of the playground.,https://www.toronto.ca/explore-enjoy/parks-recreation/places-spaces/parks-and-recreation-facilities/location/?id=449,15 Humberstone Dr  ,2026-05-19T10:49:38,Avondale Park Drinking Fountain,None,None,1,"{""coordinates"": [[-79.40716597, 43.75722675]], ""type"": ""MultiPoint""}",,,,,,,,,,,,,
274,2579,2646,Saddletree Park,Saddletree Park Playground Drinking Fountain,Drinking Fountain,Located north of the playground.,https://www.toronto.ca/explore-enjoy/parks-recreation/places-spaces/parks-and-recreation-facilities/location/?id=2579,50 Saddletree Dr  ,2026-05-19T10:49:15,Saddletree Park Playground Drinking Fountain,None,None,1,"{""coordinates"": [[-79.37731504, 43.80491974]], ""type"": ""MultiPoint""}",,,,,,,,,,,,,
275,2598,102087,Kenaston Park,Kenaston Park Bottle Filling Station,Bottle Filling Station,Located along the pathway at the east end of the park.,https://www.toronto.ca/explore-enjoy/parks-recreation/places-spaces/parks-and-recreation-facilities/location/?id=2598,573 Sheppard Ave  E ,2026-05-19T10:48:56,Kenaston Park Bottle Filling Station,None,None,1,"{""coordinates"": [[-79.38585903, 43.767000530000004]], ""type"": ""MultiPoint""}",,,,,,,,,,,,,
276,2255,13255,Debell Lane Parkette,Debell Lane Parkette Drinking Fountain,Drinking Fountain,Located on the pathway between the sidewalk and the playground.,https://www.toronto.ca/explore-enjoy/parks-recreation/places-spaces/parks-and-recreation-facilities/location/?id=2255,5 Debell Lane  ,2026-05-19T10:48:45,Debell Lane Parkette Drinking Fountain,None,None,1,"{""coordinates"": [[-79.39719233, 43.80034524]], ""type"": ""MultiPoint""}",,,,,,,,,,,,,
277,941,13254,Cummer Park,Cummer Park Skatepark Drinking Fountain,Drinking Fountain,Located in the grassy area between Leslie Street and the skatepark.,https://www.toronto.ca/explore-enjoy/parks-recreation/places-spaces/parks-and-recreation-facilities/location/?id=941,823 Cummer Ave  ,2026-05-19T10:48:31,Cummer Park Skatepark Drinking Fountain,None,None,1,"{""coordinates"": [[-79.37080551, 43.800648370000005]], ""type"": ""MultiPoint""}",,,,,,,,,,,,,
278,485,2427,Centre Park,Centre Park Drinking Fountain,Drinking Fountain,Located close to Centre Avenue on the pathway to the playground.,https://www.toronto.ca/explore-enjoy/parks-recreation/places-spaces/parks-and-recreation-facilities/location/?id=485,15 Centre Ave  ,2026-05-19T10:48:20,Centre Park Drinking Fountain,None,None,1,"{""coordinates"": [[-79.41749725, 43.79152913]], ""type"": ""MultiPoint""}",,,,,,,,,,,,,
279,3739,102144,Ballyconnor Park,Ballyconnor Park Bottle Filling Station,Bottle Filling Station,"Located along the pathway, across from the playground.",https://www.toronto.ca/explore-enjoy/parks-recreation/places-spaces/parks-and-recreation-facilities/location/?id=3739,21 Ballyconnor Crt   ,2026-05-19T10:48:06,Ballyconnor Court Park Bottle Filling Station,None,None,1,"{""coordinates"": [[-79.38624739000001, 43.7999239]], ""type"": ""MultiPoint""}",,,,,,,,,,,,,
280,2159,77316,Bowan Court Parkette,Bowan Court Parkette Drinking Fountain,Drinking Fountain,Located at the end of the pathway on the east side of the park.,https://www.toronto.ca/explore-enjoy/parks-recreation/places-spaces/parks-and-recreation-facilities/location/?id=2159,12 Bowan Crt  ,2026-05-19T10:47:48,Bowan Court Parkette Drinking Fountain,None,None,1,"{""coordinates"": [[-79.39219418, 43.79566464]], ""type"": ""MultiPoint""}",,,,,,,,,,,,,
281,521,13244,Bestview Park,Bestview Park Tennis Court Drinking Fountain,Drinking Fountain,Located on the pathway north of the tennis courts. ,https://www.toronto.ca/explore-enjoy/parks-recreation/places-spaces/parks-and-recreation-facilities/location/?id=521,115 Bestview Dr  ,2026-05-19T10:47:37,Bestview Park Tennis Court Drinking Fountain,None,None,1,"{""coordinates"": [[-79.38369329, 43.802708630000005]], ""type"": ""MultiPoint""}",,,,,,,,,,,,,
282,865,13306,Willowdale Park,Willowdale Park Kenneth Avenue Entrance Drinking Fountain,Drinking Fountain,Located near the Kenneth Avenue park entrance along the east side of the pathway.,https://www.toronto.ca/explore-enjoy/parks-recreation/places-spaces/parks-and-recreation-facilities/location/?id=865,75 Hollywood Ave  ,2026-05-19T10:47:25,Willowdale Park Kenneth Avenue Entrance Drinking Fountain,None,None,1,"{""coordinates"": [[-79.40592754000001, 43.76623652]], ""type"": ""MultiPoint""}",,,,,,,,,,,,,
283,723,2704,Pelmo Park,Pelmo Park Playground Drinking Fountain,Drinking Fountain,Located next to the playground.,https://www.toronto.ca/explore-enjoy/parks-recreation/places-spaces/parks-and-recreation-facilities/location/?id=723,171 Pellatt Ave  ,2026-05-19T09:36:24,Pelmo Park Playground Drinking Fountain,None,None,1,"{""coordinates"": [[-79.51929586, 43.71349385]], ""type"": ""MultiPoint""}",,,,,,,,,,,,,
284,2531,102256,James Trimbee Park,James Trimbee Park Drinking Fountain,Drinking Fountain,Located near the entrance to the park off Margarey Rose Court.,https://www.toronto.ca/explore-enjoy/parks-recreation/places-spaces/parks-and-recreation-facilities/location/?id=2531,25 Plainfield Rd  ,2026-05-19T09:27:25,James Trimbee Park Drinking Fountain,None,None,1,"{""coordinates"": [[-79.50576109000001, 43.69889706]], ""type"": ""MultiPoint""}",,,,,,,,,,,,,
285,2015,2316,Florence Gell Park,Florence Gell Park Drinking Fountain,Drinking Fountain,Located on the pathway west of the splash pad.,https://www.toronto.ca/explore-enjoy/parks-recreation/places-spaces/parks-and-recreation-facilities/location/?id=2015,85 Varsity Rd  ,2026-05-19T08:22:34,Florence Gell Park Drinking Fountain,None,None,1,"{""coordinates"": [[-79.49817225, 43.66189762]], ""type"": ""MultiPoint""}",,,,,,,,,,,,,
286,688,102106,Maple Leaf Park,Maple Leaf Park Basketball Court Bottle Filling Station,Bottle Filling Station,Located north of the basketball courts along the pathway.,https://www.toronto.ca/explore-enjoy/parks-recreation/places-spaces/parks-and-recreation-facilities/location/?id=688,320 Culford Rd  ,2026-05-19T07:45:50,Maple Leaf Park Basketball Court Bottle Filling Station,None,None,1,"{""coordinates"": [[-79.49307438, 43.716261010000004]], ""type"": ""MultiPoint""}",,,,,,,,,,,,,
287,688,75023,Maple Leaf Park,Maple Leaf Park Playground Drinking Fountain,Drinking Fountain,"Located west of the playground, along the pathway.",https://www.toronto.ca/explore-enjoy/parks-recreation/places-spaces/parks-and-recreation-facilities/location/?id=688,320 Culford Rd  ,2026-05-19T07:45:41,Maple Leaf Park Playground Drinking Fountain,None,None,1,"{""coordinates"": [[-79.49215165, 43.7161422]], ""type"": ""MultiPoint""}",,,,,,,,,,,,,
288,1504,2224,Islington Park,Islington Park Playground Drinking Fountain,Drinking Fountain,Located south of the playground.,https://www.toronto.ca/explore-enjoy/parks-recreation/places-spaces/parks-and-recreation-facilities/location/?id=1504,19 Franel Cres  ,2026-05-19T07:44:51,Islington Park Playground Drinking Fountain,None,None,1,"{""coordinates"": [[-79.56908364, 43.751975359999996]], ""type"": ""MultiPoint""}",,,,,,,,,,,,,
289,9,2338,Eglinton Flats,Eglinton Flats West Loop Pathway Drinking Fountain,Drinking Fountain,Located on the north side of the pathway 175 metres west of the southeast sports pavilion.,https://www.toronto.ca/explore-enjoy/parks-recreation/places-spaces/parks-and-recreation-facilities/location/?id=9,101 Emmett Ave  ,2026-05-19T07:37:51,Eglinton Flats West Loop Pathway Drinking Fountain,None,None,1,"{""coordinates"": [[-79.49672041000001, 43.68341472]], ""type"": ""MultiPoint""}",,,,,,,,,,,,,
290,306,2585,Withrow Park,Withrow Park Soccer Field Drinking Fountain,Drinking Fountain,Located northwest of the soccer field along the pathway. ,https://www.toronto.ca/explore-enjoy/parks-recreation/places-spaces/parks-and-recreation-facilities/location/?id=306,725 Logan Ave  ,2026-05-15T10:44:47,Withrow Park Soccer Field Drinking Fountain,None,None,1,"{""coordinates"": [[-79.34638904, 43.67380019]], ""type"": ""MultiPoint""}",,,,,,,,,,,,,
291,306,2586,Withrow Park,Withrow Park Playground Drinking Fountain,Drinking Fountain,Located southeast of the playground along the pathway.,https://www.toronto.ca/explore-enjoy/parks-recreation/places-spaces/parks-and-recreation-facilities/location/?id=306,725 Logan Ave  ,2026-05-15T10:44:37,Withrow Park Playground Drinking Fountain,None,None,1,"{""coordinates"": [[-79.34751396, 43.67591003]], ""type"": ""MultiPoint""}",,,,,,,,,,,,,
292,306,102233,Withrow Park,Withrow Park Outdoor Rink Drinking Water Station,"Drinking Fountain, Dog Fountain",Located south of the outdoor rink.,https://www.toronto.ca/explore-enjoy/parks-recreation/places-spaces/parks-and-recreation-facilities/location/?id=306,725 Logan Ave  ,2026-05-15T10:44:28,Withrow Park Outdoor Rink Drinking Water Station,None,None,1,"{""coordinates"": [[-79.34650864000001, 43.674107150000005]], ""type"": ""MultiPoint""}",,,,,,,,,,,,,
293,306,78414,Withrow Park,Withrow Park Fieldhouse Bottle Filling Station,Bottle Filling Station,Located on the outside of the fieldhouse.,https://www.toronto.ca/explore-enjoy/parks-recreation/places-spaces/parks-and-recreation-facilities/location/?id=306,725 Logan Ave  ,2026-05-15T10:44:16,Withrow Park Fieldhouse Bottle Filling Station,None,None,1,"{""coordinates"": [[-79.34730279, 43.67569839]], ""type"": ""MultiPoint""}",,,,,,,,,,,,,
294,1097,102028,Salem Parkette,Salem Parkette Fitness Area Bottle Filling Station,Bottle Filling Station,Located southeast of the fitness equipment area along the pathway.,https://www.toronto.ca/explore-enjoy/parks-recreation/places-spaces/parks-and-recreation-facilities/location/?id=1097,9 Salem Ave  ,2026-05-15T10:43:48,Salem Parkette Fitness Area Bottle Filling Station,None,None,1,"{""coordinates"": [[-79.43075473, 43.66142395]], ""type"": ""MultiPoint""}",,,,,,,,,,,,,
295,393,2273,Wells Hill Park,Wells Hill Park Wading Pool Drinking Fountain,Drinking Fountain,Located west of the wading pool.,https://www.toronto.ca/explore-enjoy/parks-recreation/places-spaces/parks-and-recreation-facilities/location/?id=393,145 Hilton Ave  ,2026-05-15T10:42:38,Wells Hill Park Wading Pool Drinking Fountain,None,None,1,"{""coordinates"": [[-79.4166854, 43.682673890000004]], ""type"": ""MultiPoint""}",,,,,,,,,,,,,
296,393,102158,Wells Hill Park,Wells Hill Park Bottle Drinking Water Station,"Bottle Filling Station, Drinking Fountain",Located in the northeast corner of the park along the pathway.,https://www.toronto.ca/explore-enjoy/parks-recreation/places-spaces/parks-and-recreation-facilities/location/?id=393,145 Hilton Ave  ,2026-05-15T10:42:31,Wells Hill Park Bottle Drinking Water Station,None,None,1,"{""coordinates"": [[-79.41601533, 43.68333728]], ""type"": ""MultiPoint""}",,,,,,,,,,,,,
297,1707,102259,Toronto Music Garden,Toronto Music Garden Prelude Drinking Fountain,Drinking Fountain,Located along the pathway in the Prelude west of the Courante.,https://www.toronto.ca/explore-enjoy/parks-recreation/places-spaces/parks-and-recreation-facilities/location/?id=1707,479 Queens Quay W,2026-05-15T10:42:06,Toronto Music Garden Prelude Drinking Fountain,None,None,1,"{""coordinates"": [[-79.39495519, 43.63674288]], ""type"": ""MultiPoint""}",,,,,,,,,,,,,
298,1707,2526,Toronto Music Garden,Toronto Music Garden Ornamental Fountain Drinking Fountain,Drinking Fountain,Located along the pathway at the intersection between the ornamental fountain and the outdoor concert theatre.,https://www.toronto.ca/explore-enjoy/parks-recreation/places-spaces/parks-and-recreation-facilities/location/?id=1707,479 Queens Quay W ,2026-05-15T10:42:00,Toronto Music Garden Ornamental Fountain Drinking Fountain,None,None,1,"{""coordinates"": [[-79.39425192, 43.63703746]], ""type"": ""MultiPoint""}",,,,,,,,,,,,,
299,1707,2527,Toronto Music Garden,Toronto Music Garden Fieldhouse Drinking Fountain,Drinking Fountain,"Located at the southeast corner of the park, south of the fieldhouse.",https://www.toronto.ca/explore-enjoy/parks-recreation/places-spaces/parks-and-recreation-facilities/location/?id=1707,479 Queens Quay W ,2026-05-15T10:41:52,Toronto Music Garden Fieldhouse Drinking Fountain,None,None,1,"{""coordinates"": [[-79.39267924, 43.636935879999996]], ""type"": ""MultiPoint""}",,,,,,,,,,,,,
300,29,80205,Taylor Creek Park,Taylor Creek Park Drinking Water Station,"Drinking Fountain, Dog Fountain",Located on the west end of the parking lot on the west side of Dawes Road.,https://www.toronto.ca/explore-enjoy/parks-recreation/places-spaces/parks-and-recreation-facilities/location/?id=29,260 Dawes Rd  ,2026-05-15T10:40:35,Taylor Creek Park Drinking Water Station,None,None,1,"{""coordinates"": [[-79.29969706, 43.6971221]], ""type"": ""MultiPoint""}",,,,,,,,,,,,,
301,205,2600,St. Patricks Square,St. Patricks Square Drinking Fountain,Drinking Fountain,Located on the southeast corner of the square.,https://www.toronto.ca/explore-enjoy/parks-recreation/places-spaces/parks-and-recreation-facilities/location/?id=205,14 St Patricks Sq  ,2026-05-15T10:39:21,St. Patricks Square Drinking Fountain,None,None,1,"{""coordinates"": [[-79.39051911, 43.65053341]], ""type"": ""MultiPoint""}",,,,,,,,,,,,,
302,408,102129,St. James Park,St. James Park Playground Bottle Filling Station,Bottle Filling Station,Located north of the playground along the pathway.,https://www.toronto.ca/explore-enjoy/parks-recreation/places-spaces/parks-and-recreation-facilities/location/?id=408,120 King St  E ,2026-05-15T10:39:06,St. James Park Playground Bottle Filling Station,None,None,1,"{""coordinates"": [[-79.37249938, 43.65117549]], ""type"": ""MultiPoint""}",,,,,,,,,,,,,
303,240,18707,Toronto Metropolitan University Square,Toronto Metropolitan University Square Drinking Fountain,Drinking Fountain,Located in the northwest corner of the park along the main pathway.,https://www.toronto.ca/explore-enjoy/parks-recreation/places-spaces/parks-and-recreation-facilities/location/?id=240,50 Gould St  ,2026-05-15T10:38:41,Toronto Metropolitan University Square Drinking Fountain,None,None,1,"{""coordinates"": [[-79.3797703, 43.65885617]], ""type"": ""MultiPoint""}",,,,,,,,,,,,,
304,344,102140,Riverdale Park West,Riverdale Farm Drinking Water Station,"Bottle Filling Station, Drinking Fountain",Located along the pathway at the south end of the farm by the animals enclosures.,https://www.toronto.ca/explore-enjoy/parks-recreation/places-spaces/parks-and-recreation-facilities/location/?id=344,375 Sumach St  ,2026-05-15T10:38:02,Riverdale Farm Drinking Water Station,None,None,1,"{""coordinates"": [[-79.36065965, 43.666697240000005]], ""type"": ""MultiPoint""}",,,,,,,,,,,,,
305,248,2709,Osler Playground,Osler Playground Drinking Water Station,"Bottle Filling Station, Drinking Fountain, Dog Fountain","Located south of the playground, across from the dog off-leash area.",https://www.toronto.ca/explore-enjoy/parks-recreation/places-spaces/parks-and-recreation-facilities/location/?id=248,123 Argyle St  ,2026-05-15T10:37:31,Osler Playground Drinking Water Station,None,None,1,"{""coordinates"": [[-79.42224866000001, 43.64590277]], ""type"": ""MultiPoint""}",,,,,,,,,,,,,
306,224,2722,Northumberland Playground,Northhumberland Playground Wading Pool Drinking Fountain,Drinking Fountain,Located next to the wading pool.,https://www.toronto.ca/explore-enjoy/parks-recreation/places-spaces/parks-and-recreation-facilities/location/?id=224,770 Ossington Ave  ,2026-05-15T10:37:10,Northhumberland Playground Wading Pool Drinking Fountain,None,None,1,"{""coordinates"": [[-79.42631214, 43.662821089999994]], ""type"": ""MultiPoint""}",,,,,,,,,,,,,
307,174,102067,Morse Street Playground,Morse Street Playground Bottle Filling Station,Bottle Filling Station,Located east of the wading pool along the pathway.,https://www.toronto.ca/explore-enjoy/parks-recreation/places-spaces/parks-and-recreation-facilities/location/?id=174,76 Morse St  ,2026-05-15T10:36:45,Morse Street Playground Bottle Filling Station,None,None,1,"{""coordinates"": [[-79.33979635, 43.656807199999996]], ""type"": ""MultiPoint""}",,,,,,,,,,,,,
308,379,71304,McCleary Park,McCleary Park Bottle Filling Station ,Bottle Filling Station,Located outside the washroom building.,https://www.toronto.ca/explore-enjoy/parks-recreation/places-spaces/parks-and-recreation-facilities/location/?id=379,755 Lake Shore Blvd  E ,2026-05-15T10:35:21,McCleary Park Bottle Filling Station ,None,None,1,"{""coordinates"": [[-79.34064013999999, 43.653368310000005]], ""type"": ""MultiPoint""}",,,,,,,,,,,,,
309,38,2144,Marian Engel Park,Marian Engel Wading Pool Drinking Fountain,Drinking Fountain,Located next to the wading pool.,https://www.toronto.ca/explore-enjoy/parks-recreation/places-spaces/parks-and-recreation-facilities/location/?id=38,285 Melita Ave  ,2026-05-15T10:34:59,Marian Engel Wading Pool Drinking Fountain,None,None,1,"{""coordinates"": [[-79.42377427, 43.67386705]], ""type"": ""MultiPoint""}",,,,,,,,,,,,,
310,128,2168,Little Norway Park,Little Norway Park Playground Drinking Fountain,Drinking Fountain,"Located in the playground, south of the wading pool.",https://www.toronto.ca/explore-enjoy/parks-recreation/places-spaces/parks-and-recreation-facilities/location/?id=128,659 Queens Quay  W ,2026-05-15T10:34:36,Little Norway Park Playground Drinking Fountain,None,None,1,"{""coordinates"": [[-79.39802816, 43.63374647]], ""type"": ""MultiPoint""}",,,,,,,,,,,,,
311,128,2167,Little Norway Park,Little Norway Park Drinking Fountain,Drinking Fountain,Located east of the main pathway in the middle of the park.,https://www.toronto.ca/explore-enjoy/parks-recreation/places-spaces/parks-and-recreation-facilities/location/?id=128,659 Queens Quay  W ,2026-05-15T10:34:29,Little Norway Park Drinking Fountain,None,None,1,"{""coordinates"": [[-79.39875524, 43.63465361]], ""type"": ""MultiPoint""}",,,,,,,,,,,,,
312,128,2166,Little Norway Park,Little Norway Park Baseball Diamond Drinking Fountain,Drinking Fountain,Located east of the baseball diamond along the pathway.,https://www.toronto.ca/explore-enjoy/parks-recreation/places-spaces/parks-and-recreation-facilities/location/?id=128,659 Queens Quay  W ,2026-05-15T10:34:20,Little Norway Park Baseball Diamond Drinking Fountain,None,None,1,"{""coordinates"": [[-79.39766906, 43.63446765]], ""type"": ""MultiPoint""}",,,,,,,,,,,,,
313,229,70963,Lionel Conacher Park,Lionel Conacher Park Wading Pool Bottle Filling Station,Bottle Filling Station,Located north of the wading pool.,https://www.toronto.ca/explore-enjoy/parks-recreation/places-spaces/parks-and-recreation-facilities/location/?id=229,80 Cottingham St  ,2026-05-15T10:33:32,Lionel Conacher Park Wading Pool Bottle Filling Station,None,None,1,"{""coordinates"": [[-79.39467001, 43.68058114]], ""type"": ""MultiPoint""}",,,,,,,,,,,,,
314,123,2180,Leslie Grove Park,Leslie Grove Park Wading Pool Drinking Fountain,Drinking Fountain,Located next to the wading pool.,https://www.toronto.ca/explore-enjoy/parks-recreation/places-spaces/parks-and-recreation-facilities/location/?id=123,1158 Queen St  E ,2026-05-15T10:32:22,Leslie Grove Park Wading Pool Drinking Fountain,None,None,1,"{""coordinates"": [[-79.33325888, 43.66315477]], ""type"": ""MultiPoint""}",,,,,,,,,,,,,
315,833,2186,Laughlin Park,Laughlin Park Drinking Fountain,Drinking Fountain,Located north of the playground entrance. ,https://www.toronto.ca/explore-enjoy/parks-recreation/places-spaces/parks-and-recreation-facilities/location/?id=833,420 Atlas Ave  ,2026-05-15T10:30:22,Laughlin Park Drinking Fountain,None,None,1,"{""coordinates"": [[-79.43650152, 43.692942030000005]], ""type"": ""MultiPoint""}",,,,,,,,,,,,,
316,376,102097,Joseph Workman Park,Joseph Workman Park Drinking Water Station,"Drinking Fountain, Dog Fountain",Located east of the pathway along Shank Street.,https://www.toronto.ca/explore-enjoy/parks-recreation/places-spaces/parks-and-recreation-facilities/location/?id=376,90 Shank St  ,2026-05-15T10:30:00,Joseph Workman Park Drinking Water Station,None,None,1,"{""coordinates"": [[-79.4170443, 43.641823]], ""type"": ""MultiPoint""}",,,,,,,,,,,,,
317,67,2214,Jonathan Ashbridge Park,Jonathan Ashbridge Park Wading Pool Drinking Fountain,Drinking Fountain,Located west of the wading pool.,https://www.toronto.ca/explore-enjoy/parks-recreation/places-spaces/parks-and-recreation-facilities/location/?id=67,1515 Queen St  E ,2026-05-15T10:29:39,Jonathan Ashbridge Park Wading Pool Drinking Fountain,None,None,1,"{""coordinates"": [[-79.32005695999999, 43.66442052]], ""type"": ""MultiPoint""}",,,,,,,,,,,,,
318,67,41107,Jonathan Ashbridge Park,Jonathan Ashbridge Park Fieldhouse Bottle Filling Station,Bottle Filling Station,Located next to the fieldhouse washroom building.,https://www.toronto.ca/explore-enjoy/parks-recreation/places-spaces/parks-and-recreation-facilities/location/?id=67,1515 Queen St  E ,2026-05-15T10:29:32,Jonathan Ashbridge Park Fieldhouse Bottle Filling Station,None,None,1,"{""coordinates"": [[-79.31976403, 43.66460433]], ""type"": ""MultiPoint""}",,,,,,,,,,,,,
319,67,18684,Jonathan Ashbridge Park,Jonathan Ashbridge Park Drinking Fountain,Drinking Fountain,Located near the corner of Queen Street East and Woodward Avenue.,https://www.toronto.ca/explore-enjoy/parks-recreation/places-spaces/parks-and-recreation-facilities/location/?id=67,1515 Queen St  E ,2026-05-15T10:29:25,Jonathan Ashbridge Park Drinking Fountain,None,None,1,"{""coordinates"": [[-79.31984857, 43.66538094]], ""type"": ""MultiPoint""}",,,,,,,,,,,,,
320,155,2216,Jimmie Simpson Park,Jimmie Simpson Park Wading Pool Bottle Filling Station,Bottle Filling Station,Located north of the wading pool.,https://www.toronto.ca/explore-enjoy/parks-recreation/places-spaces/parks-and-recreation-facilities/location/?id=155,870 Queen St  E ,2026-05-15T10:29:07,Jimmie Simpson Park Wading Pool Bottle Filling Station,None,None,1,"{""coordinates"": [[-79.34470878, 43.662641529999995]], ""type"": ""MultiPoint""}",,,,,,,,,,,,,
321,155,132561,Jimmie Simpson Park,Jimmie Simpson Park Outdoor Rink Bottle Filling Station,Bottle Filling Station,"Located on the outside of the Recreation Centre, south of the Outdoor Rink.",https://www.toronto.ca/explore-enjoy/parks-recreation/places-spaces/parks-and-recreation-facilities/location/?id=155,870 Queen St  E,2026-05-15T10:28:59,Jimmie Simpson Park Outdoor Rink Bottle Filling Station,None,None,1,"{""coordinates"": [[-79.34517725, 43.66086121]], ""type"": ""MultiPoint""}",,,,,,,,,,,,,
322,155,77814,Jimmie Simpson Park,Jimmie Simpson Park Bottle Filling Station,Bottle Filling Station,Located at the corner of Queen Street East and Booth Avenue.,https://www.toronto.ca/explore-enjoy/parks-recreation/places-spaces/parks-and-recreation-facilities/location/?id=155,870 Queen St  E ,2026-05-15T10:28:51,Jimmie Simpson Park Bottle Filling Station,None,None,1,"{""coordinates"": [[-79.3437212, 43.6603487]], ""type"": ""MultiPoint""}",,,,,,,,,,,,,
323,79,2246,Hillcrest Park,Hillcrest Park Wading Pool Drinking Fountain,Drinking Fountain,Located next to the wading pool.,https://www.toronto.ca/explore-enjoy/parks-recreation/places-spaces/parks-and-recreation-facilities/location/?id=79,950 Davenport Rd  ,2026-05-15T10:28:29,Hillcrest Park Wading Pool Drinking Fountain,None,None,1,"{""coordinates"": [[-79.42492831, 43.676009300000004]], ""type"": ""MultiPoint""}",,,,,,,,,,,,,
324,79,77874,Hillcrest Park,Hillcrest Park Dog Off-Leash Area Dog Fountain,Dog Fountain,Located in the southeast corner of the dog off-leash area.,https://www.toronto.ca/explore-enjoy/parks-recreation/places-spaces/parks-and-recreation-facilities/location/?id=79,950 Davenport Rd  ,2026-05-15T10:28:20,Hillcrest Park Dog Off-Leash Area Dog Fountain,None,None,1,"{""coordinates"": [[-79.4238856, 43.67624885]], ""type"": ""MultiPoint""}",,,,,,,,,,,,,
325,144,102185,Frankel - Lambert Park,Frankel - Lambert Park Playground Drinking Fountain,Drinking Fountain,Located on the pathway at the east end of the playground.,https://www.toronto.ca/explore-enjoy/parks-recreation/places-spaces/parks-and-recreation-facilities/location/?id=144,340 Christie St  ,2026-05-15T10:27:46,Frankel - Lambert Park Playground Drinking Fountain,None,None,1,"{""coordinates"": [[-79.42421766, 43.67216606]], ""type"": ""MultiPoint""}",,,,,,,,,,,,,
326,2798,79141,Dunfield Park,Dunfield Park Drinking Fountain,Drinking Fountain,Located on the pathway south of the playground.,https://www.toronto.ca/explore-enjoy/parks-recreation/places-spaces/parks-and-recreation-facilities/location/?id=2798,35 Dunfield Ave  ,2026-05-15T10:27:15,Dunfield Park Drinking Fountain,None,None,1,"{""coordinates"": [[-79.39430462, 43.705194160000005]], ""type"": ""MultiPoint""}",,,,,,,,,,,,,
327,86,2361,Dovercourt Park,Dovercourt Park Wading Pool Drinking Fountain,Drinking Fountain,Located at the south side of the wading pool.,https://www.toronto.ca/explore-enjoy/parks-recreation/places-spaces/parks-and-recreation-facilities/location/?id=86,155 Bartlett Ave  ,2026-05-15T10:26:48,Dovercourt Park Wading Pool Drinking Fountain,None,None,1,"{""coordinates"": [[-79.43307912, 43.66504722]], ""type"": ""MultiPoint""}",,,,,,,,,,,,,
328,86,80046,Dovercourt Park,Dovercourt Park Firepit Drinking Water Station,"Drinking Fountain, Dog Fountain",Located on the grassy area west of the fire pit.,https://www.toronto.ca/explore-enjoy/parks-recreation/places-spaces/parks-and-recreation-facilities/location/?id=86,155 Bartlett Ave  ,2026-05-15T10:26:42,Dovercourt Park Firepit Drinking Water Station,None,None,1,"{""coordinates"": [[-79.43306046000001, 43.66494265]], ""type"": ""MultiPoint""}",,,,,,,,,,,,,
329,207,2424,CHARLES G. WILLIAMS PARK,Charles G. Williams Park Bottle Filling Station,Bottle Filling Station,Located on the pathway at the south end of the splash pad.,https://www.toronto.ca/explore-enjoy/parks-recreation/places-spaces/parks-and-recreation-facilities/location/?id=207,550 Roehampton Ave  ,2026-05-15T10:26:03,Charles G. Williams Park Bottle Filling Station,None,None,1,"{""coordinates"": [[-79.44296231, 43.64684872]], ""type"": ""MultiPoint""}",,,,,,,,,,,,,
330,295,102114,Bickford Park,Bickford Park North Bottle Filling Station,Bottle Filling Station,Located on the pathway at the north end of the park.,https://www.toronto.ca/explore-enjoy/parks-recreation/places-spaces/parks-and-recreation-facilities/location/?id=295,400 Grace St  ,2026-05-15T10:24:59,Bickford Park North Bottle Filling Station,None,None,1,"{""coordinates"": [[-79.41926757, 43.661879739999996]], ""type"": ""MultiPoint""}",,,,,,,,,,,,,
331,295,102115,Bickford Park,Bickford Park Dog Off-Leash Area Bottle Filling Station,Bottle Filling Station,Located at the east gate to the dog off-leash area. ,https://www.toronto.ca/explore-enjoy/parks-recreation/places-spaces/parks-and-recreation-facilities/location/?id=295,400 Grace St  ,2026-05-15T10:24:52,Bickford Park Dog Off-Leash Area Bottle Filling Station,None,None,1,"{""coordinates"": [[-79.41799506000001, 43.660273790000005]], ""type"": ""MultiPoint""}",,,,,,,,,,,,,
332,410,2221,Ivan Forrest Gardens,Ivan Forrest Gardens Drinking Water Station,"Bottle Filling Station, Drinking Fountain, Dog Fountain",Located at the corner of Queen Street East and Glen Manor Drive.,https://www.toronto.ca/explore-enjoy/parks-recreation/places-spaces/parks-and-recreation-facilities/location/?id=410,131 Glen Manor Dr  ,2026-05-14T12:43:22,Ivan Forrest Gardens Drinking Water Station,None,None,1,"{""coordinates"": [[-79.29264683999999, 43.67173558]], ""type"": ""MultiPoint""}",,,,,,,,,,,,,
333,101,102136,James Canning Gardens,James Canning Gardens Playground Drinking Water Station,"Bottle Filling Station, Drinking Fountain",Located next to the playground.,https://www.toronto.ca/explore-enjoy/parks-recreation/places-spaces/parks-and-recreation-facilities/location/?id=101,15 Gloucester St  ,2026-05-14T12:43:06,James Canning Gardens Playground Drinking Water Station,None,None,1,"{""coordinates"": [[-79.38424129, 43.6664581]], ""type"": ""MultiPoint""}",,,,,,,,,,,,,
334,78,102171,June Rowlands Park,June Rowlands Park Splash Pad Drinking Fountain,Drinking Fountain,Located at the southeast corner of the splash pad.,https://www.toronto.ca/explore-enjoy/parks-recreation/places-spaces/parks-and-recreation-facilities/location/?id=78,220 Davisville Ave  ,2026-05-14T12:42:43,June Rowlands Park Splash Pad Drinking Fountain,None,None,1,"{""coordinates"": [[-79.38934829, 43.70029575]], ""type"": ""MultiPoint""}",,,,,,,,,,,,,
335,78,102065,June Rowlands Park,June Rowlands Park Bottle Filling Station,Bottle Filling Station,Located south of the tennis courts and east of the baseball diamond.,https://www.toronto.ca/explore-enjoy/parks-recreation/places-spaces/parks-and-recreation-facilities/location/?id=78,220 Davisville Ave  ,2026-05-14T12:42:35,June Rowlands Park Bottle Filling Station,None,None,1,"{""coordinates"": [[-79.38815353999999, 43.70098521]], ""type"": ""MultiPoint""}",,,,,,,,,,,,,
336,1077,102236,Kempton Howard Park,Kempton Howard Park Wading Pool Drinking Fountain,Drinking Fountain,Located next to the wading pool.,https://www.toronto.ca/explore-enjoy/parks-recreation/places-spaces/parks-and-recreation-facilities/location/?id=1077,150 Blake St  ,2026-05-14T12:42:19,Kempton Howard Park Wading Pool Drinking Fountain,None,None,1,"{""coordinates"": [[-79.34052033, 43.676010670000004]], ""type"": ""MultiPoint""}",,,,,,,,,,,,,
337,114,102090,Langford Parkette,Langford Parkette Drinking Water Station,"Bottle Filling Station, Drinking Fountain",Located midway along the main pathway through the park.,https://www.toronto.ca/explore-enjoy/parks-recreation/places-spaces/parks-and-recreation-facilities/location/?id=114,26 Langford Ave  ,2026-05-14T12:41:59,Langford Parkette Drinking Water Station,None,None,1,"{""coordinates"": [[-79.34142539, 43.68046636]], ""type"": ""MultiPoint""}",,,,,,,,,,,,,
338,121,102157,Lawton Parkette,Lawton Parkette Drinking Water Station,"Bottle Filling Station, Drinking Fountain",Located midway along the pathway in the middle of the park.,https://www.toronto.ca/explore-enjoy/parks-recreation/places-spaces/parks-and-recreation-facilities/location/?id=121,1600 Yonge St  ,2026-05-14T12:41:41,Lawton Parkette Drinking Water Station,None,None,1,"{""coordinates"": [[-79.39542661, 43.69141143]], ""type"": ""MultiPoint""}",,,,,,,,,,,,,
339,382,2718,Oak Street Park,Oak Street Park Bottle Filling Station,Bottle Filling Station,Located east of the basketball court.,https://www.toronto.ca/explore-enjoy/parks-recreation/places-spaces/parks-and-recreation-facilities/location/?id=382,165 River St  ,2026-05-14T12:40:09,Oak Street Park Bottle Filling Station,None,None,1,"{""coordinates"": [[-79.3580487, 43.66222921]], ""type"": ""MultiPoint""}",,,,,,,,,,,,,
340,442,2706,Parliament Square Park,Parliament Square Park Drinking Fountain,Drinking Fountain,Located in the southwest corner of the park.,https://www.toronto.ca/explore-enjoy/parks-recreation/places-spaces/parks-and-recreation-facilities/location/?id=442,44 Parliament St  ,2026-05-14T12:39:52,Parliament Square Park Drinking Fountain,None,None,1,"{""coordinates"": [[-79.36305642, 43.64951473]], ""type"": ""MultiPoint""}",,,,,,,,,,,,,
341,148,78114,Sackville Playground,Sackville Playground Drinking Water Station,"Bottle Filling Station, Drinking Fountain",Located southeast of the playground along the pathway.,https://www.toronto.ca/explore-enjoy/parks-recreation/places-spaces/parks-and-recreation-facilities/location/?id=148,420 King St  E ,2026-05-14T12:39:29,Sackville Playground Drinking Water Station,None,None,1,"{""coordinates"": [[-79.36046581, 43.65454198]], ""type"": ""MultiPoint""}",,,,,,,,,,,,,
342,1102,102112,St. Alban's Square,St. Alban's Square Drinking Water Station,"Bottle Filling Station, Drinking Fountain, Dog Fountain",Located north of the pathway on the east side of the park.,https://www.toronto.ca/explore-enjoy/parks-recreation/places-spaces/parks-and-recreation-facilities/location/?id=1102,90 Howland Ave  ,2026-05-14T12:39:05,St. Alban's Square Drinking Water Station,None,None,1,"{""coordinates"": [[-79.41006684999999, 43.66873081]], ""type"": ""MultiPoint""}",,,,,,,,,,,,,
343,2619,102123,Stadium Road Park,Stadium Road Park South Drinking Water Station,"Bottle Filling Station, Drinking Fountain","Located on the south end of the park, northeast of the outdoor fitness equipment along the pathway.",https://www.toronto.ca/explore-enjoy/parks-recreation/places-spaces/parks-and-recreation-facilities/location/?id=2619,10 Stadium Rd  ,2026-05-14T12:38:44,Stadium Road Park South Drinking Water Station,None,None,1,"{""coordinates"": [[-79.3995153, 43.6331837]], ""type"": ""MultiPoint""}",,,,,,,,,,,,,
344,35,2569,Susan Tibaldi Parkette,Susan Tibaldi Parkette Playground Drinking Water Station,"Drinking Fountain, Dog Fountain",Located west of the playground along the pathway.,https://www.toronto.ca/explore-enjoy/parks-recreation/places-spaces/parks-and-recreation-facilities/location/?id=35,620 Brock Ave  ,2026-05-14T12:38:19,Susan Tibaldi Parkette Playground Drinking Water Station,None,None,1,"{""coordinates"": [[-79.43976404, 43.65952773]], ""type"": ""MultiPoint""}",,,,,,,,,,,,,
345,431,78116,Woodbine Park,Woodbine Park Splash Pad Bottle Filling Station ,Bottle Filling Station,Located northwest of the splash pad on the east side of the pathway.,https://www.toronto.ca/explore-enjoy/parks-recreation/places-spaces/parks-and-recreation-facilities/location/?id=431,1695 Queen St  E ,2026-05-14T12:37:51,Woodbine Park Splash Pad Bottle Filling Station ,None,None,1,"{""coordinates"": [[-79.3106809, 43.664578]], ""type"": ""MultiPoint""}",,,,,,,,,,,,,
346,431,78117,Woodbine Park,Woodbine Park Fieldhouse Drinking Water Station,"Drinking Fountain, Dog Fountain",Located outside the fieldhouse on the east side of the building.,https://www.toronto.ca/explore-enjoy/parks-recreation/places-spaces/parks-and-recreation-facilities/location/?id=431,1695 Queen St  E ,2026-05-14T12:37:44,Woodbine Park Fieldhouse Drinking Water Station,None,None,1,"{""coordinates"": [[-79.31204613, 43.66483708]], ""type"": ""MultiPoint""}",,,,,,,,,,,,,
347,431,102049,Woodbine Park,Woodbine Park Fieldhouse Bottle Filling Station,Bottle Filling Station,Located on the outside the fieldhouse on the east side of the building.,https://www.toronto.ca/explore-enjoy/parks-recreation/places-spaces/parks-and-recreation-facilities/location/?id=431,1695 Queen St  E ,2026-05-14T12:37:38,Woodbine Park Fieldhouse Bottle Filling Station,None,None,1,"{""coordinates"": [[-79.31210075, 43.66484813]], ""type"": ""MultiPoint""}",,,,,,,,,,,,,
348,311,2156,Woodbine Beach Park,Woodbine Beach Park Boardwalk Drinking Fountain,Drinking Fountain,Located north of the boardwalk east of the parking lot.,https://www.toronto.ca/explore-enjoy/parks-recreation/places-spaces/parks-and-recreation-facilities/location/?id=311,1675 Lake Shore Blvd  E ,2026-05-14T12:37:30,Woodbine Beach Park Boardwalk Drinking Fountain,None,None,1,"{""coordinates"": [[-79.30762687999999, 43.66320305]], ""type"": ""MultiPoint""}",,,,,,,,,,,,,
349,311,2154,Woodbine Beach Park,Woodbine Beach Park Bathing Station Bottle Filling Station,Bottle Filling Station,Located infront of the bathing station. ,https://www.toronto.ca/explore-enjoy/parks-recreation/places-spaces/parks-and-recreation-facilities/location/?id=311,1675 Lake Shore Blvd  E ,2026-05-14T12:37:21,Woodbine Beach Park Bathing Station Bottle Filling Station,None,None,1,"{""coordinates"": [[-79.30798369, 43.66279369]], ""type"": ""MultiPoint""}",,,,,,,,,,,,,
350,311,102009,Woodbine Beach Park,Woodbine Beach Boardwalk Park Bottle Filling Station,Bottle Filling Station,Located outside the bathing station along the boardwalk.,https://www.toronto.ca/explore-enjoy/parks-recreation/places-spaces/parks-and-recreation-facilities/location/?id=311,1675 Lake Shore Blvd  E ,2026-05-14T12:37:09,Woodbine Beach Boardwalk Park Bottle Filling Station,None,None,1,"{""coordinates"": [[-79.30786925, 43.66296223]], ""type"": ""MultiPoint""}",,,,,,,,,,,,,
351,279,2183,West Lodge Park,West Lodge Park Wading Pool Drinking Fountain,Drinking Fountain,Located west of the wading pool.,https://www.toronto.ca/explore-enjoy/parks-recreation/places-spaces/parks-and-recreation-facilities/location/?id=279,165 Lansdowne Ave  ,2026-05-14T12:36:41,West Lodge Park Wading Pool Drinking Fountain,None,None,1,"{""coordinates"": [[-79.43829762, 43.64573099]], ""type"": ""MultiPoint""}",,,,,,,,,,,,,
352,270,2280,Wellesley Park,Wellesley Park Splash Pad Drinking Fountain,Drinking Fountain,Located west of the splash pad.,https://www.toronto.ca/explore-enjoy/parks-recreation/places-spaces/parks-and-recreation-facilities/location/?id=270,500 Wellesley St  E ,2026-05-14T12:36:22,Wellesley Park Splash Pad Drinking Fountain,None,None,1,"{""coordinates"": [[-79.36284029, 43.66957526]], ""type"": ""MultiPoint""}",,,,,,,,,,,,,
353,319,2407,Village Of Yorkville Park,Village of Yorkville Park Rock Drinking Fountain,Drinking Fountain,"Located west of The Yorkville Rock, behind Bay TTC Station building.  ",https://www.toronto.ca/explore-enjoy/parks-recreation/places-spaces/parks-and-recreation-facilities/location/?id=319,115 Cumberland St  ,2026-05-14T12:36:03,Village of Yorkville Park Rock Drinking Fountain,None,None,1,"{""coordinates"": [[-79.39234996, 43.66977132]], ""type"": ""MultiPoint""}",,,,,,,,,,,,,
354,319,2408,Village Of Yorkville Park,Village of Yorkville Park Drinking Water Station,"Drinking Fountain, Dog Fountain","Located at the end of the row of trees to the east of the pergola pathway, close to Critchley Lane.",https://www.toronto.ca/explore-enjoy/parks-recreation/places-spaces/parks-and-recreation-facilities/location/?id=319,115 Cumberland St  ,2026-05-14T12:35:56,Village of Yorkville Park Drinking Water Station,None,None,1,"{""coordinates"": [[-79.39170995, 43.66990025]], ""type"": ""MultiPoint""}",,,,,,,,,,,,,
355,250,102113,Vermont Square Park,Vermont Square Park Wading Pool Drinking Water Station,"Bottle Filling Station, Drinking Fountain",Located west of the wading pool.,https://www.toronto.ca/explore-enjoy/parks-recreation/places-spaces/parks-and-recreation-facilities/location/?id=250,819 Palmerston Ave  ,2026-05-14T12:33:41,Vermont Square Park Wading Pool Drinking Water Station,None,None,1,"{""coordinates"": [[-79.41589538000001, 43.67086537]], ""type"": ""MultiPoint""}",,,,,,,,,,,,,
356,250,102253,Vermont Square Park,Vermont Square Park Playground Drinking Water Station,"Drinking Fountain, Dog Fountain",Located east of the playground along the pathway.,https://www.toronto.ca/explore-enjoy/parks-recreation/places-spaces/parks-and-recreation-facilities/location/?id=250,819 Palmerston Ave  ,2026-05-14T12:33:32,Vermont Square Park Playground Drinking Water Station,None,None,1,"{""coordinates"": [[-79.41529459, 43.67064299]], ""type"": ""MultiPoint""}",,,,,,,,,,,,,
357,2441,102151,Tommy Thompson Park,Tommy Thompson Park Bottle Filling Station,Bottle Filling Station,Located south of the washroom building along the pathway.,https://www.toronto.ca/explore-enjoy/parks-recreation/places-spaces/parks-and-recreation-facilities/location/?id=2441,1 Leslie St  ,2026-05-14T12:28:58,Tommy Thompson Park Bottle Filling Station,None,None,1,"{""coordinates"": [[-79.32234026, 43.65159423]], ""type"": ""MultiPoint""}",,,,,,,,,,,,,
358,2001,2559,Tichester Park,Tichester Park Playground Drinking Water Station,"Drinking Fountain, Dog Fountain",Located northeast of the playground.,https://www.toronto.ca/explore-enjoy/parks-recreation/places-spaces/parks-and-recreation-facilities/location/?id=2001,27 Tichester Rd  ,2026-05-14T12:28:43,Tichester Park Playground Drinking Water Station,None,None,1,"{""coordinates"": [[-79.41794148, 43.6855173]], ""type"": ""MultiPoint""}",,,,,,,,,,,,,
359,227,2566,Taddle Creek Park,Taddle Creek Park Drinking Fountain,Drinking Fountain,Located at the southeast corner of the park on the south side of the pathway to Bedford Road.,https://www.toronto.ca/explore-enjoy/parks-recreation/places-spaces/parks-and-recreation-facilities/location/?id=227,40 Bedford Rd  ,2026-05-14T12:28:11,Taddle Creek Park Drinking Fountain,None,None,1,"{""coordinates"": [[-79.39825888, 43.669773989999996]], ""type"": ""MultiPoint""}",,,,,,,,,,,,,
360,1979,2671,Ricardo Parkette,Ricardo Parkette Playground Drinking Fountain,Drinking Fountain,Located northwest of the playground along the pathway.,https://www.toronto.ca/explore-enjoy/parks-recreation/places-spaces/parks-and-recreation-facilities/location/?id=1979,180 Maple Leaf Dr  ,2026-05-14T10:46:35,Ricardo Parkette Playground Drinking Fountain,None,None,1,"{""coordinates"": [[-79.49744631, 43.711784370000004]], ""type"": ""MultiPoint""}",,,,,,,,,,,,,
361,758,2624,Silvio Colella Park,Silvio Colella Park Drinking Fountain,Drinking Fountain,Located on the south side of the pathway off of Laura Road.,https://www.toronto.ca/explore-enjoy/parks-recreation/places-spaces/parks-and-recreation-facilities/location/?id=758,20 Laura Rd  ,2026-05-14T10:46:06,Silvio Colella Park Drinking Fountain,None,None,1,"{""coordinates"": [[-79.52070450000001, 43.73883334]], ""type"": ""MultiPoint""}",,,,,,,,,,,,,
362,2569,2681,RAINBOW PARK,Rainbow Park Playground Drinking Fountain,Drinking Fountain,Located next to the playground.,https://www.toronto.ca/explore-enjoy/parks-recreation/places-spaces/parks-and-recreation-facilities/location/?id=150,47 Denison Ave  ,2026-05-14T10:45:48,Rainbow Park Playground Drinking Fountain,None,None,1,"{""coordinates"": [[-79.48360928, 43.72041069]], ""type"": ""MultiPoint""}",,,,,,,,,,,,,
363,683,2175,Lindylou Park,Lindylou Park Drinking Fountain,Drinking Fountain,Located across the pathway from the shade structure.,https://www.toronto.ca/explore-enjoy/parks-recreation/places-spaces/parks-and-recreation-facilities/location/?id=683,14 Lanyard Rd  ,2026-05-14T10:44:19,Lindylou Park Drinking Fountain,None,None,1,"{""coordinates"": [[-79.54503983000001, 43.749551239999995]], ""type"": ""MultiPoint""}",,,,,,,,,,,,,
364,826,102191,Beaumonde Heights Park,Beaumonde Heights Park Drinking Fountain,Drinking Fountain,Located on the grassy area next to the sidewalk south of the baseball diamond.,https://www.toronto.ca/explore-enjoy/parks-recreation/places-spaces/parks-and-recreation-facilities/location/?id=826,17 Waltham Dr  ,2026-05-14T10:43:37,Beaumonde Heights Park Drinking Fountain,None,None,1,"{""coordinates"": [[-79.57332234, 43.74010064]], ""type"": ""MultiPoint""}",,,,,,,,,,,,,
365,870,102235,Summerlea Park,Summerlea Park Drinking Fountain,Drinking Fountain,Located north of the tennis courts along the pathway.,https://www.toronto.ca/explore-enjoy/parks-recreation/places-spaces/parks-and-recreation-facilities/location/?id=870,2 Arcot Blvd  ,2026-05-14T10:42:40,Summerlea Park Drinking Fountain,None,None,1,"{""coordinates"": [[-79.55274753, 43.72831145]], ""type"": ""MultiPoint""}",,,,,,,,,,,,,
366,959,2197,Kingsview Park,Kingsview Park Drinking Fountain,Drinking Fountain,"Located along the pathway, east of the tennis courts.",https://www.toronto.ca/explore-enjoy/parks-recreation/places-spaces/parks-and-recreation-facilities/location/?id=959,46 Kingsview Blvd  ,2026-05-14T10:34:41,Kingsview Park Drinking Fountain,None,None,1,"{""coordinates"": [[-79.55453817, 43.69910147]], ""type"": ""MultiPoint""}",,,,,,,,,,,,,
367,849,102189,Martingrove Gardens Park,Martingrove Gardens Park Splash Pad Drinking Fountain,Drinking Fountain,Located west of the splash pad along the pathway.,https://www.toronto.ca/explore-enjoy/parks-recreation/places-spaces/parks-and-recreation-facilities/location/?id=849,31 Lavington Dr  ,2026-05-14T10:31:42,Martingrove Gardens Park Splash Pad Drinking Fountain,None,None,1,"{""coordinates"": [[-79.56339896, 43.68974703]], ""type"": ""MultiPoint""}",,,,,,,,,,,,,
368,848,102210,La Rose Park,La Rose Park Playground Drinking Fountain,Drinking Fountain,Located north of the playground along the pathway.,https://www.toronto.ca/explore-enjoy/parks-recreation/places-spaces/parks-and-recreation-facilities/location/?id=848,65 La Rose Ave  ,2026-05-14T10:27:19,La Rose Park Playground Drinking Fountain,None,None,1,"{""coordinates"": [[-79.518608, 43.68591438]], ""type"": ""MultiPoint""}",,,,,,,,,,,,,
369,71,2620,Sir Casimir Gzowski Park,Sir Casimir Gzowski Park Drinking Fountain,Drinking Fountain,Located along the pathway leading from the southeast end of the east parking lot.,https://www.toronto.ca/explore-enjoy/parks-recreation/places-spaces/parks-and-recreation-facilities/location/?id=71,2001 Lake Shore Blvd  W ,2026-05-14T09:51:05,Sir Casimir Gzowski Park Drinking Fountain,None,None,1,"{""coordinates"": [[-79.46104651, 43.63673868]], ""type"": ""MultiPoint""}",,,,,,,,,,,,,
370,645,2292,Gracedale Park,Gracedale Park Drinking Fountain,Drinking Fountain,Loacted on the grassy area south of the playground.,https://www.toronto.ca/explore-enjoy/parks-recreation/places-spaces/parks-and-recreation-facilities/location/?id=645,176 Gracedale Blvd  ,2026-05-14T09:41:22,Gracedale Park Drinking Fountain,None,None,1,"{""coordinates"": [[-79.56134855, 43.75250275]], ""type"": ""MultiPoint""}",,,,,,,,,,,,,
371,998,74882,North Humber Park,North Humber Park Drinking Fountain,Drinking Fountain,Located to the west of the shade structure.,https://www.toronto.ca/explore-enjoy/parks-recreation/places-spaces/parks-and-recreation-facilities/location/?id=998,2851 Kipling Ave  ,2026-05-14T09:40:44,North Humber Park Drinking Fountain,None,None,1,"{""coordinates"": [[-79.58822092, 43.75775265]], ""type"": ""MultiPoint""}",,,,,,,,,,,,,
372,1431,78354,Grange Park,Grange Park Playground Bottle Filling Station,Bottle Filling Station,Located on the pathway on the west side of the playground.,https://www.toronto.ca/explore-enjoy/parks-recreation/places-spaces/parks-and-recreation-facilities/location/?id=1431,26 Grange Rd  W ,2026-05-13T12:49:57,Grange Park Playground Bottle Filling Station,None,None,1,"{""coordinates"": [[-79.39175715, 43.65255254]], ""type"": ""MultiPoint""}",,,,,,,,,,,,,
373,1431,78294,Grange Park,Grange Park Dog Off-Leash Area Drinking Water Station,"Bottle Filling Station, Drinking Fountain, Dog Fountain",Located on the pathway at the east end of the dog off-leash area.,https://www.toronto.ca/explore-enjoy/parks-recreation/places-spaces/parks-and-recreation-facilities/location/?id=1431,26 Grange Rd  W ,2026-05-13T12:49:47,Grange Park Dog Off-Leash Area Drinking Water Station,None,None,1,"{""coordinates"": [[-79.3920957, 43.6520967]], ""type"": ""MultiPoint""}",,,,,,,,,,,,,
374,1431,78355,Grange Park,Grange Park Bottle Filling Station,Bottle Filling Station,"Located on the east side of main pathway from Stephanie Street, across from the dog off-leash area.",https://www.toronto.ca/explore-enjoy/parks-recreation/places-spaces/parks-and-recreation-facilities/location/?id=1431,26 Grange Rd  W ,2026-05-13T12:49:38,Grange Park Bottle Filling Station,None,None,1,"{""coordinates"": [[-79.39194228000001, 43.652134229999994]], ""type"": ""MultiPoint""}",,,,,,,,,,,,,
375,1069,2300,Glen Cedar Park,Glen Cedar Park Drinking Fountain,Drinking Fountain,Located on the pathway east of the playground.,https://www.toronto.ca/explore-enjoy/parks-recreation/places-spaces/parks-and-recreation-facilities/location/?id=1069,50 Glen Cedar Rd  ,2026-05-13T12:49:19,Glen Cedar Park Drinking Fountain,None,None,1,"{""coordinates"": [[-79.42902192, 43.695511290000006]], ""type"": ""MultiPoint""}",,,,,,,,,,,,,
376,93,102083,DIEPPE PARK,Dieppe Park Splash Pad Bottle Filling Station,Bottle Filling Station,Located on the outside of the washroom building next to the splash pad.,https://www.toronto.ca/explore-enjoy/parks-recreation/places-spaces/parks-and-recreation-facilities/location/?id=93,495 Huron St  ,2026-05-13T12:48:47,Dieppe Park Splash Pad Bottle Filling Station,None,None,1,"{""coordinates"": [[-79.33470418, 43.69180521]], ""type"": ""MultiPoint""}",,,,,,,,,,,,,
377,327,102162,Dieppe Park,Dieppe Park Drinking Water Station,"Drinking Fountain, Dog Fountain",Located on the grassy area between Cosburn Ave and the car parking lot.,https://www.toronto.ca/explore-enjoy/parks-recreation/places-spaces/parks-and-recreation-facilities/location/?id=327,455 Cosburn Ave  ,2026-05-13T12:48:39,Dieppe Park Drinking Water Station,None,None,1,"{""coordinates"": [[-79.33545785000001, 43.692370700000005]], ""type"": ""MultiPoint""}",,,,,,,,,,,,,
378,2277,2354,Dundas - Watkinson Parkette,Dundas - Watkinson Parkette Drinking Fountain,Drinking Fountain,Located next to the playground.,https://www.toronto.ca/explore-enjoy/parks-recreation/places-spaces/parks-and-recreation-facilities/location/?id=2277,2742 Dundas St  W ,2026-05-13T12:47:40,Dundas - Watkinson Parkette Drinking Fountain,None,None,1,"{""coordinates"": [[-79.46060936, 43.66533384]], ""type"": ""MultiPoint""}",,,,,,,,,,,,,
379,72,2312,Fred Hamilton Playground,Fred Hamilton Playground Wading Pool Drinking Fountain,Drinking Fountain,Located on the west side of the wading pool. ,https://www.toronto.ca/explore-enjoy/parks-recreation/places-spaces/parks-and-recreation-facilities/location/?id=72,155 Roxton Rd  ,2026-05-13T12:47:13,Fred Hamilton Playground Wading Pool Drinking Fountain,None,None,1,"{""coordinates"": [[-79.4202495, 43.65206615]], ""type"": ""MultiPoint""}",,,,,,,,,,,,,
380,72,2313,Fred Hamilton Playground,Fred Hamilton Playground Bicycle Rack Drinking Fountain,Drinking Fountain,Located beside the bicycle racks near the north end of the park beside Shaw Street.,https://www.toronto.ca/explore-enjoy/parks-recreation/places-spaces/parks-and-recreation-facilities/location/?id=72,155 Roxton Rd  ,2026-05-13T12:47:05,Fred Hamilton Playground Bicycle Rack Drinking Fountain,None,None,1,"{""coordinates"": [[-79.41992537, 43.65367102]], ""type"": ""MultiPoint""}",,,,,,,,,,,,,
381,440,2306,George Hislop Park,George Hislop Park Drinking Fountain,Drinking Fountain,"Located at the north end of the park, beside Charles Street East.",https://www.toronto.ca/explore-enjoy/parks-recreation/places-spaces/parks-and-recreation-facilities/location/?id=440,20 Isabella St  ,2026-05-13T12:46:42,George Hislop Park Drinking Fountain,None,None,1,"{""coordinates"": [[-79.38521329, 43.66871471]], ""type"": ""MultiPoint""}",,,,,,,,,,,,,
382,2523,2705,Pearen Park,Pearen Park Playground Drinking Fountain,Drinking Fountain,Located north of the playground.,https://www.toronto.ca/explore-enjoy/parks-recreation/places-spaces/parks-and-recreation-facilities/location/?id=2523,30 Pearen St  ,2026-05-12T08:56:03,Pearen Park Playground Drinking Fountain,None,None,1,"{""coordinates"": [[-79.49241783000001, 43.686915670000005]], ""type"": ""MultiPoint""}",,,,,,,,,,,,,
383,922,2185,Lora Hill Park,Lora Hill Park Drinking Fountain,Drinking Fountain,Located next to the tennis courts.,https://www.toronto.ca/explore-enjoy/parks-recreation/places-spaces/parks-and-recreation-facilities/location/?id=922,36 Fernalroy Blvd  ,2026-05-12T08:55:13,Lora Hill Park Drinking Fountain,None,None,1,"{""coordinates"": [[-79.51425214, 43.6383129]], ""type"": ""MultiPoint""}",,,,,,,,,,,,,
384,874,2740,Westway Park,Westway Park Baseball Diamond Drinking Fountain,Drinking Fountain,Located west of the baseball diamond.,https://www.toronto.ca/explore-enjoy/parks-recreation/places-spaces/parks-and-recreation-facilities/location/?id=874,175 The Westway ,2026-05-12T08:54:33,Westway Park Baseball Diamond Drinking Fountain,None,None,1,"{""coordinates"": [[-79.54206153, 43.68740046]], ""type"": ""MultiPoint""}",,,,,,,,,,,,,
385,2556,102103,Rustic Park,Rustic Park Playground Bottle Filling Station,Bottle Filling Station,Located south of the playground along the pathway.,https://www.toronto.ca/explore-enjoy/parks-recreation/places-spaces/parks-and-recreation-facilities/location/?id=2556,35 Raven Rd  ,2026-05-12T08:48:45,Rustic Park Playground Bottle Filling Station,None,None,1,"{""coordinates"": [[-79.50441326, 43.7131719]], ""type"": ""MultiPoint""}",,,,,,,,,,,,,
386,2690,102193,CY Townsend Park,CY Townsend Park Drinking Fountain,Drinking Fountain,Located next to the paved seating area south of the playground.,https://www.toronto.ca/explore-enjoy/parks-recreation/places-spaces/parks-and-recreation-facilities/location/?id=2690,455 Winona Dr  ,2026-05-11T10:29:53,CY Townsend Park Drinking Fountain,None,None,1,"{""coordinates"": [[-79.43513225000001, 43.689373270000004]], ""type"": ""MultiPoint""}",,,,,,,,,,,,,
387,1096,2377,Coxwell Common,Coxwell Common Drinking Fountain,Drinking Fountain,"Located on the north side of the parkette, near Danforth Avenue.",https://www.toronto.ca/explore-enjoy/parks-recreation/places-spaces/parks-and-recreation-facilities/location/?id=1096,1555 Danforth Ave  ,2026-05-11T10:29:04,Coxwell Common Drinking Fountain,None,None,1,"{""coordinates"": [[-79.32411791, 43.68310718]], ""type"": ""MultiPoint""}",,,,,,,,,,,,,
388,2712,102227,Coxwell Avenue Playground,Coxwell Avenue Playground Drinking Fountain,Drinking Fountain,Located on the pathway next to the playground.,https://www.toronto.ca/explore-enjoy/parks-recreation/places-spaces/parks-and-recreation-facilities/location/?id=2712,450 Coxwell Ave  ,2026-05-11T10:28:51,Coxwell Avenue Playground Drinking Fountain,None,None,1,"{""coordinates"": [[-79.32145403, 43.67746425]], ""type"": ""MultiPoint""}",,,,,,,,,,,,,
389,2236,2383,Coxwell Avenue Parkette,Coxwell Avenue Parkette Drinking Fountain,Drinking Fountain,Located on the pathway south of the basketball court. ,https://www.toronto.ca/explore-enjoy/parks-recreation/places-spaces/parks-and-recreation-facilities/location/?id=2236,429 Coxwell Ave  ,2026-05-11T10:28:44,Coxwell Avenue Parkette Drinking Fountain,None,None,1,"{""coordinates"": [[-79.32086912000001, 43.67781548]], ""type"": ""MultiPoint""}",,,,,,,,,,,,,
390,467,2391,Coronation Park - Toronto,Coronation Park Toronto Remembrance Drive Drinking Fountain,Drinking Fountain,Located at the south end of the large park building on Remembrance Drive.,https://www.toronto.ca/explore-enjoy/parks-recreation/places-spaces/parks-and-recreation-facilities/location/?id=467,711 Lake Shore Blvd  W ,2026-05-11T10:28:24,Coronation Park Toronto Remembrance Drive Drinking Fountain,None,None,1,"{""coordinates"": [[-79.40461715, 43.634142069999996]], ""type"": ""MultiPoint""}",,,,,,,,,,,,,
391,467,102122,Coronation Park - Toronto,Coronation Park Toronto East Baseball Diamond Bottle Filling Station,Bottle Filling Station,Located at the north end of the large park building between the central and east baseball diamonds.,https://www.toronto.ca/explore-enjoy/parks-recreation/places-spaces/parks-and-recreation-facilities/location/?id=467,711 Lake Shore Blvd  W ,2026-05-11T10:28:16,Coronation Park Toronto East Baseball Diamond Bottle Filling Station,None,None,1,"{""coordinates"": [[-79.40485966, 43.63455305]], ""type"": ""MultiPoint""}",,,,,,,,,,,,,
392,467,76642,Coronation Park - Toronto,Coronation Park Toronto Dog Off-Leash Area Drinking Water Station,"Drinking Fountain, Dog Fountain",Located in the dog off-leash area near the north end.,https://www.toronto.ca/explore-enjoy/parks-recreation/places-spaces/parks-and-recreation-facilities/location/?id=467,711 Lake Shore Blvd  W ,2026-05-11T10:28:10,Coronation Park Toronto Dog Off-Leash Area Drinking Water Station,None,None,1,"{""coordinates"": [[-79.40394717999999, 43.63399097]], ""type"": ""MultiPoint""}",,,,,,,,,,,,,
393,467,76643,Coronation Park - Toronto,Coronation Park Toronto Central Baseball Diamond Bottle Filling Station,Bottle Filling Station,Located on the east side of the washroom building south of the central baseball diamond.,https://www.toronto.ca/explore-enjoy/parks-recreation/places-spaces/parks-and-recreation-facilities/location/?id=467,711 Lake Shore Blvd  W ,2026-05-11T10:28:01,Coronation Park Toronto Central Baseball Diamond Bottle Filling Station,None,None,1,"{""coordinates"": [[-79.40542649, 43.63408178]], ""type"": ""MultiPoint""}",,,,,,,,,,,,,
394,41,138471,Allan Gardens,Allan Gardens South Entrance Drinking Water Source,"Bottle Filling Station, Drinking Fountain",Located on the east side of the path at the south entrance to the park from Gerrard St E,https://www.toronto.ca/explore-enjoy/parks-recreation/places-spaces/parks-and-recreation-facilities/location/?id=41,160 Gerrard St E,2026-05-11T10:27:22,Allan Gardens South Entrance Drinking Water Source,None,None,1,"{""coordinates"": [[-79.37355817000001, 43.66113867]], ""type"": ""MultiPoint""}",,,,,,,,,,,,,
395,41,2501,Allan Gardens,Allan Gardens Playground Drinking Fountain,Drinking Fountain,"Located on the grassy area near the Jarvis Street sidewalk, west of the playground.",https://www.toronto.ca/explore-enjoy/parks-recreation/places-spaces/parks-and-recreation-facilities/location/?id=41,160 Gerrard St  E ,2026-05-11T10:27:15,Allan Gardens Playground Drinking Fountain,None,None,1,"{""coordinates"": [[-79.37598614, 43.661201840000004]], ""type"": ""MultiPoint""}",,,,,,,,,,,,,
396,41,77854,Allan Gardens,Allan Gardens Dog Off-Leash Area Dog Fountain,Dog Fountain,Located in the dog off-leash area.,https://www.toronto.ca/explore-enjoy/parks-recreation/places-spaces/parks-and-recreation-facilities/location/?id=41,160 Gerrard St  E ,2026-05-11T10:27:08,Allan Gardens Dog Off-Leash Area Dog Fountain,None,None,1,"{""coordinates"": [[-79.37473768000001, 43.66248359]], ""type"": ""MultiPoint""}",,,,,,,,,,,,,
397,3786,102962,150 Harrison Street Park,Harrison-Dovercourt Parkette Drinking Water Station,"Bottle Filling Station, Drinking Fountain, Dog Fountain",Located on the west side of the park near Dovercourt Road.,https://www.toronto.ca/explore-enjoy/parks-recreation/places-spaces/parks-and-recreation-facilities/location/?id=3786,150 Harrison St,2026-05-11T10:26:48,Harrison-Dovercourt Parkette Drinking Water Station,None,None,1,"{""coordinates"": [[-79.42497211999999, 43.65040799]], ""type"": ""MultiPoint""}",,,,,,,,,,,,,
398,137,79165,Baird Park,Baird Park Wading Pool Drinking Fountain,Drinking Fountain,Located on the east side of the wading pool.,https://www.toronto.ca/explore-enjoy/parks-recreation/places-spaces/parks-and-recreation-facilities/location/?id=137,275 Keele St  ,2026-05-11T10:26:09,Baird Park Wading Pool Drinking Fountain,None,None,1,"{""coordinates"": [[-79.46241101, 43.662699499999995]], ""type"": ""MultiPoint""}",,,,,,,,,,,,,
399,1032,849785,Bell Manor Park,Bell Manor Park Drinking Water Station,"Bottle Filling Station, Drinking Fountain",Located on the pathway at the entrance to the splash pad.,https://www.toronto.ca/explore-enjoy/parks-recreation/places-spaces/parks-and-recreation-facilities/location/?id=1032,1 Bayside Ln,2026-05-11T08:44:38,Bell Manor Park Drinking Water Station,None,None,1,"{""coordinates"": [[-79.49235365, 43.637521340000006]], ""type"": ""MultiPoint""}",,,,,,,,,,,,,
400,700,102251,North Park,North Park Tennis Court Drinking Fountain,Drinking Fountain,Located north of the tennis courts.,https://www.toronto.ca/explore-enjoy/parks-recreation/places-spaces/parks-and-recreation-facilities/location/?id=700,587 Rustic Rd  ,2026-05-11T08:33:21,North Park Tennis Court Drinking Fountain,Under Construction,Capital Project ,0,"{""coordinates"": [[-79.4717254, 43.71848146]], ""type"": ""MultiPoint""}",,,,,,,,,,,,,
401,1466,2281,Harding Park,Harding Park Drinking Fountain,Drinking Fountain,Location on the west side of the main pathway.,https://www.toronto.ca/explore-enjoy/parks-recreation/places-spaces/parks-and-recreation-facilities/location/?id=1466,59 Hearst Cir  ,2026-05-11T08:25:00,Harding Park Drinking Fountain,None,None,1,"{""coordinates"": [[-79.49790348, 43.6997051]], ""type"": ""MultiPoint""}",,,,,,,,,,,,,
402,2663,102094,Maple Claire Park,Maple Claire Park Splash Pad Drinking Water Station,"Bottle Filling Station, Drinking Fountain",Located south of the splash pad along the pathway.,https://www.toronto.ca/explore-enjoy/parks-recreation/places-spaces/parks-and-recreation-facilities/location/?id=2663,20 Viella St  ,2026-05-11T07:58:40,Maple Claire Park Splash Pad Drinking Water Station,None,None,1,"{""coordinates"": [[-79.47319793, 43.672613070000004]], ""type"": ""MultiPoint""}",,,,,,,,,,,,,
403,2181,13249,Burnett Park,Burnett Park Drinking Fountain,Drinking Fountain,Located on the grassy area north of where the pathway meets Burnett Avenue.,https://www.toronto.ca/explore-enjoy/parks-recreation/places-spaces/parks-and-recreation-facilities/location/?id=2181,352 Burnett Ave  ,2026-05-08T14:30:42,Burnett Park Drinking Fountain,None,None,1,"{""coordinates"": [[-79.43128951, 43.76016396]], ""type"": ""MultiPoint""}",,,,,,,,,,,,,
404,2238,2560,Woburn Park - North York,Woburn Park Playground Drinking Fountain,Drinking Fountain,Located south of the playground along the pathway.,https://www.toronto.ca/explore-enjoy/parks-recreation/places-spaces/parks-and-recreation-facilities/location/?id=2238,575 Cranbrooke Ave  ,2026-05-08T14:30:31,Woburn Park Playground Drinking Fountain,None,None,1,"{""coordinates"": [[-79.42829906, 43.723516690000004]], ""type"": ""MultiPoint""}",,,,,,,,,,,,,
405,678,13281,Ledbury Park,Ledbury Park Outdoor Pool Drinking Fountain,Drinking Fountain,Located on the deck of the outdoor pool.,https://www.toronto.ca/explore-enjoy/parks-recreation/places-spaces/parks-and-recreation-facilities/location/?id=678,160 Ledbury St  ,2026-05-08T14:30:13,Ledbury Park Outdoor Pool Drinking Fountain,None,None,1,"{""coordinates"": [[-79.42536338999999, 43.72694301]], ""type"": ""MultiPoint""}",,,,,,,,,,,,,
406,678,13280,Ledbury Park,Ledbury Park Drinking Fountain,Drinking Fountain,Located west of the outdoor ice rink.,https://www.toronto.ca/explore-enjoy/parks-recreation/places-spaces/parks-and-recreation-facilities/location/?id=678,160 Ledbury St  ,2026-05-08T14:30:01,Ledbury Park Drinking Fountain,None,None,1,"{""coordinates"": [[-79.42519284, 43.7273749]], ""type"": ""MultiPoint""}",,,,,,,,,,,,,
407,2595,2631,Shawnee Park,Shawnee Park Tennis Court Drinking Water Station,"Drinking Fountain, Dog Fountain",Located on the southwest corner of the tennis courts.,https://www.toronto.ca/explore-enjoy/parks-recreation/places-spaces/parks-and-recreation-facilities/location/?id=2595,81 Shawnee Cir  ,2026-05-08T14:29:48,Shawnee Park Tennis Court Drinking Water Station,None,None,1,"{""coordinates"": [[-79.33866376, 43.79710411]], ""type"": ""MultiPoint""}",,,,,,,,,,,,,
408,3738,102143,125 Consumers Road Park,125 Consumers Road Park Drinking Water Station,"Bottle Filling Station, Drinking Fountain","Located along the pathway, next to the shade structures.",https://www.toronto.ca/explore-enjoy/parks-recreation/places-spaces/parks-and-recreation-facilities/location/?id=3738,125 Consumers Rd   ,2026-05-08T14:29:39,125 Consumers Road Park Drinking Water Station,None,None,1,"{""coordinates"": [[-79.33209403999999, 43.7741961]], ""type"": ""MultiPoint""}",,,,,,,,,,,,,
409,2347,102240,Owen Park,Owen Park Drinking Fountain,Drinking Fountain,Located on the west side of the park along the pathway next to the public school.,https://www.toronto.ca/explore-enjoy/parks-recreation/places-spaces/parks-and-recreation-facilities/location/?id=2347,150 Gordon Rd  ,2026-05-08T14:29:18,Owen Park Drinking Fountain,None,None,1,"{""coordinates"": [[-79.39146584000001, 43.74922122]], ""type"": ""MultiPoint""}",,,,,,,,,,,,,
410,473,102229,Edwards Gardens,Edwards Gardens Drinking Fountain,Drinking Fountain,Located in the circle pathway west of the fieldhouse and east of the shade structure.,https://www.toronto.ca/explore-enjoy/parks-recreation/places-spaces/parks-and-recreation-facilities/location/?id=473,755 Lawrence Ave  E ,2026-05-08T14:29:06,Edwards Gardens Drinking Fountain,None,None,1,"{""coordinates"": [[-79.3605852, 43.73251126]], ""type"": ""MultiPoint""}",,,,,,,,,,,,,
411,473,2339,Edwards Gardens,Edwards Gardens Courtyard Drinking Fountain,Drinking Fountain,Located in the courtyard between the greenhouses. ,https://www.toronto.ca/explore-enjoy/parks-recreation/places-spaces/parks-and-recreation-facilities/location/?id=473,755 Lawrence Ave  E ,2026-05-08T14:28:54,Edwards Gardens Courtyard Drinking Fountain,None,None,1,"{""coordinates"": [[-79.35923858, 43.7337649]], ""type"": ""MultiPoint""}",,,,,,,,,,,,,
412,508,102260,Weston Lions Park,Weston Lions Park Tennis Court Drinking Fountain,Drinking Fountain,Located east of the tennis courts along the pathway.,https://www.toronto.ca/explore-enjoy/parks-recreation/places-spaces/parks-and-recreation-facilities/location/?id=508,2125 Lawrence Ave  W ,2026-05-08T14:25:48,Weston Lions Park Tennis Court Drinking Fountain,None,None,1,"{""coordinates"": [[-79.5176568, 43.69756633]], ""type"": ""MultiPoint""}",,,,,,,,,,,,,
413,3826,967490,Zorra Park,Zorra Park Drinking Water Station,"Bottle Filling Station, Drinking Fountain, Dog Fountain",Located on the South side of park outside of the fenced area.,https://www.toronto.ca/explore-enjoy/parks-recreation/places-spaces/parks-and-recreation-facilities/location/?id=3826,28 Zorra St,2026-05-08T12:59:07,Zorra Park Drinking Water Station,None,None,1,"{""coordinates"": [[-79.52194642, 43.62031861]], ""type"": ""MultiPoint""}",,,,,,,,,,,,,
414,1953,2243,Holley Park,Holley Park Playground Drinking Fountain,Drinking Fountain,Located north of the playground.,https://www.toronto.ca/explore-enjoy/parks-recreation/places-spaces/parks-and-recreation-facilities/location/?id=1953,2335 Weston Rd  ,2026-05-08T12:32:08,Holley Park Playground Drinking Fountain,None,None,1,"{""coordinates"": [[-79.53052402, 43.70617144]], ""type"": ""MultiPoint""}",,,,,,,,,,,,,
415,125,102031,Lithuania Park,Lithuania Park Splash Pad Drinking Water Station,"Bottle Filling Station, Drinking Fountain",Located south of the splash pad.,https://www.toronto.ca/explore-enjoy/parks-recreation/places-spaces/parks-and-recreation-facilities/location/?id=125,155 Oakmount Rd  ,2026-05-08T11:59:04,Lithuania Park Splash Pad Drinking Water Station,None,None,1,"{""coordinates"": [[-79.46256419000001, 43.65892731]], ""type"": ""MultiPoint""}",,,,,,,,,,,,,
416,349,2608,Spenvalley Park,Spenvallley Park Playground Drinking Fountain,Drinking Fountain,Located along the pathway northeast of the playground.,https://www.toronto.ca/explore-enjoy/parks-recreation/places-spaces/parks-and-recreation-facilities/location/?id=349,130 Spenvalley Dr  ,2026-05-08T10:52:25,Spenvallley Park Playground Drinking Fountain,None,None,1,"{""coordinates"": [[-79.50677888999999, 43.74415838]], ""type"": ""MultiPoint""}",,,,,,,,,,,,,
417,11,13269,G. Ross Lord Park,G. Ross Lord Park Yard Building Drinking Fountain,Drinking Fountain,Located on the north side of the park road south of the yard building.,https://www.toronto.ca/explore-enjoy/parks-recreation/places-spaces/parks-and-recreation-facilities/location/?id=11,4801 Dufferin St  ,2026-05-08T10:52:09,G. Ross Lord Park Yard Building Drinking Fountain,None,None,1,"{""coordinates"": [[-79.46591125, 43.78004866]], ""type"": ""MultiPoint""}",,,,,,,,,,,,,
418,320,13265,Esther Shiner Stadium,Esther Shiner Stadium Drinking Fountain,Drinking Fountain,Located on the west side of the washroom building.,https://www.toronto.ca/explore-enjoy/parks-recreation/places-spaces/parks-and-recreation-facilities/location/?id=320,5720 Bathurst St   ,2026-05-08T10:51:54,Esther Shiner Stadium Fields Drinking Fountain,None,None,1,"{""coordinates"": [[-79.44567035, 43.77612316]], ""type"": ""MultiPoint""}",,,,,,,,,,,,,
419,2520,2707,Parkview Park,Parkview Park Drinking Fountain,Drinking Fountain,"Located west of the sidewalk, east of the playground.",https://www.toronto.ca/explore-enjoy/parks-recreation/places-spaces/parks-and-recreation-facilities/location/?id=2520,355 Parkview Ave  ,2026-05-08T10:51:38,Parkview Park Drinking Fountain,None,None,1,"{""coordinates"": [[-79.39313471, 43.775148390000005]], ""type"": ""MultiPoint""}",,,,,,,,,,,,,
420,1044,2125,Alamosa Park,Alamosa Park Drinking Fountain,Drinking Fountain,Located on the pathway near the entrance to the tennis courts.,https://www.toronto.ca/explore-enjoy/parks-recreation/places-spaces/parks-and-recreation-facilities/location/?id=1044,111 Alamosa Dr  ,2026-05-08T10:51:19,Alamosa Park Drinking Fountain,None,None,1,"{""coordinates"": [[-79.36972105999999, 43.781239049999996]], ""type"": ""MultiPoint""}",,,,,,,,,,,,,
421,1490,13322,Princess Park,Princess Park Drinking Fountain,Drinking Fountain,Located at the top of the stairs in the southeast corner of the park.,https://www.toronto.ca/explore-enjoy/parks-recreation/places-spaces/parks-and-recreation-facilities/location/?id=1490,214 Doris Ave  ,2026-05-08T10:51:04,Princess Park Drinking Fountain,None,None,1,"{""coordinates"": [[-79.41075324, 43.76872129]], ""type"": ""MultiPoint""}",,,,,,,,,,,,,
422,2258,2368,Dell Park,Dell Park Drinking Fountain,Drinking Fountain,Located on the grassy area southeast of the playground.,https://www.toronto.ca/explore-enjoy/parks-recreation/places-spaces/parks-and-recreation-facilities/location/?id=2258,50 Dell Park Ave  ,2026-05-08T10:50:50,Dell Park Drinking Fountain,None,None,1,"{""coordinates"": [[-79.43364579, 43.717140820000004]], ""type"": ""MultiPoint""}",,,,,,,,,,,,,
423,2373,2245,Hillmount Parkette,Hillmount Parkette Playground Drinking Fountain,Drinking Fountain,Located north of the playground.,https://www.toronto.ca/explore-enjoy/parks-recreation/places-spaces/parks-and-recreation-facilities/location/?id=2373,393 Hillmount Ave  ,2026-05-08T10:50:37,Hillmount Parkette Playground Drinking Fountain,None,None,1,"{""coordinates"": [[-79.45174245, 43.70625762]], ""type"": ""MultiPoint""}",,,,,,,,,,,,,
424,836,75146,Walter Saunders Memorial Park,Walter Saunders Memorial Park Splash Pad Bottle Filling Station,Bottle Filling Station,Located southwest of the splash pad along the pathway. ,https://www.toronto.ca/explore-enjoy/parks-recreation/places-spaces/parks-and-recreation-facilities/location/?id=836,440 Hopewell Ave  ,2026-05-08T10:50:17,Walter Saunders Memorial Park Splash Pad Bottle Filling Station,None,None,1,"{""coordinates"": [[-79.44642252, 43.699877820000005]], ""type"": ""MultiPoint""}",,,,,,,,,,,,,
425,836,75147,Walter Saunders Memorial Park,Walter Saunders Memorial Park Basketball Court Bottle Filling Station,Bottle Filling Station,Located near the southeast corner of the basketball court.,https://www.toronto.ca/explore-enjoy/parks-recreation/places-spaces/parks-and-recreation-facilities/location/?id=836,440 Hopewell Ave  ,2026-05-08T10:50:04,Walter Saunders Memorial Park Basketball Court Bottle Filling Station,None,None,1,"{""coordinates"": [[-79.44884583000001, 43.699403419999996]], ""type"": ""MultiPoint""}",,,,,,,,,,,,,
426,865,13307,Willowdale Park,Willowdale Park Sheppard Avenue Entrance Drinking Fountain,Drinking Fountain,Located near the Sheppard Avenue park entrance along the pathway.,https://www.toronto.ca/explore-enjoy/parks-recreation/places-spaces/parks-and-recreation-facilities/location/?id=865,75 Hollywood Ave  ,2026-05-07T10:39:34,Willowdale Park Sheppard Avenue Entrance Drinking Fountain,Technical Issue,MAJOR ISSUE WITH WATER SUPPLY FROM CHAMBER,2,"{""coordinates"": [[-79.4040612, 43.76319395]], ""type"": ""MultiPoint""}",,,,,,,,,,,,,
427,651,102052,Gwendolen Park,Gwendolen Park Tennis Court Drinking Water Station,"Bottle Filling Station, Drinking Fountain, Dog Fountain",Located north of the tennis courts.,https://www.toronto.ca/explore-enjoy/parks-recreation/places-spaces/parks-and-recreation-facilities/location/?id=651,3 Gwendolen Cres  ,2026-05-06T13:39:12,Gwendolen Park Tennis Court Drinking Water Station,None,None,1,"{""coordinates"": [[-79.42023628, 43.75118452]], ""type"": ""MultiPoint""}",,,,,,,,,,,,,
428,763,102119,Sweeney Park,Sweeney Park Tennis Court Bottle Filling Station,Bottle Filling Station,Located south of the tennis courts along the pathway.,https://www.toronto.ca/explore-enjoy/parks-recreation/places-spaces/parks-and-recreation-facilities/location/?id=763,110 Sweeney Dr,2026-05-06T13:38:58,Sweeney Park Tennis Court Bottle Filling Station,None,None,1,"{""coordinates"": [[-79.31584283, 43.73564183]], ""type"": ""MultiPoint""}",,,,,,,,,,,,,
429,193,2131,Alexander Muir Memorial Gardens,Alexander Muir Memorial Gardens Drinking Fountain,Drinking Fountain,Located in the grassy area northwest of the tennis courts.,https://www.toronto.ca/explore-enjoy/parks-recreation/places-spaces/parks-and-recreation-facilities/location/?id=193,2901 Yonge St  ,2026-05-06T13:38:44,Alexander Muir Memorial Gardens Drinking Fountain,None,None,1,"{""coordinates"": [[-79.39983752, 43.720856559999994]], ""type"": ""MultiPoint""}",,,,,,,,,,,,,
430,689,75144,Mcnicoll Park,Mcnicoll Park Bottle Filling Station,Bottle Filling Station,Located north of the pathway and outdoor table tennis tables.,https://www.toronto.ca/explore-enjoy/parks-recreation/places-spaces/parks-and-recreation-facilities/location/?id=689,215 Mcnicoll Ave  ,2026-05-06T13:38:30,Mcnicoll Park Bottle Filling Station,None,None,1,"{""coordinates"": [[-79.3534744, 43.7992578]], ""type"": ""MultiPoint""}",,,,,,,,,,,,,
431,2263,2356,Duncan Creek Park,Duncan Creek Park Playground Drinking Fountain,Drinking Fountain,Located on the pathway to the playground near Cliffwood Road.,https://www.toronto.ca/explore-enjoy/parks-recreation/places-spaces/parks-and-recreation-facilities/location/?id=2263,3700 Don Mills Rd  ,2026-05-06T13:38:18,Duncan Creek Park Playground Drinking Fountain,None,None,1,"{""coordinates"": [[-79.36077999, 43.80560531]], ""type"": ""MultiPoint""}",,,,,,,,,,,,,
432,493,102124,Cliffwood Park,Cliffwood Park Drinking Water Station,"Bottle Filling Station, Drinking Fountain",Located on the pathway at the entrance to the tennis courts.,https://www.toronto.ca/explore-enjoy/parks-recreation/places-spaces/parks-and-recreation-facilities/location/?id=493,280 Cliffwood Rd  ,2026-05-06T13:38:09,Cliffwood Park Drinking Water Station,None,None,1,"{""coordinates"": [[-79.35470807, 43.807990270000005]], ""type"": ""MultiPoint""}",,,,,,,,,,,,,
433,640,102041,Glendora Park,Glendora Park Bottle Filling Station,Bottle Filling Station,Located on the pathway west of the splash pad.,https://www.toronto.ca/explore-enjoy/parks-recreation/places-spaces/parks-and-recreation-facilities/location/?id=640,201 Glendora Ave  ,2026-05-06T13:37:54,Glendora Park Bottle Filling Station,None,None,1,"{""coordinates"": [[-79.39997673, 43.76135549]], ""type"": ""MultiPoint""}",,,,,,,,,,,,,
434,961,102258,Cynthia Lai Park,Cynthia Lai Park Drinking Fountain,Drinking Fountain,Located along the pathway south of the playground and the basketball courts.,https://www.toronto.ca/explore-enjoy/parks-recreation/places-spaces/parks-and-recreation-facilities/location/?id=961,1051 Progress Ave  ,2026-05-06T07:55:37,Rosebank Park Drinking Fountain,None,None,1,"{""coordinates"": [[-79.23352375, 43.79240963]], ""type"": ""MultiPoint""}",,,,,,,,,,,,,
435,216,2568,Symington Avenue Playground,Symington Avenue Playground Fitness Area Drinking Water Station,"Drinking Fountain, Dog Fountain",Located south of the outdoor fitness equipment area and baseball diamond.,https://www.toronto.ca/explore-enjoy/parks-recreation/places-spaces/parks-and-recreation-facilities/location/?id=216,431 Perth Ave  ,2026-05-06T06:34:11,Symington Avenue Playground Fitness Area Drinking Water Station,None,None,1,"{""coordinates"": [[-79.45276983999999, 43.666693370000004]], ""type"": ""MultiPoint""}",,,,,,,,,,,,,
436,208,102063,Suydam Park,Suydam Park Drinking Water Station,"Bottle Filling Station, Drinking Fountain",Located on the northeast corner of the park along Spadina Road.,https://www.toronto.ca/explore-enjoy/parks-recreation/places-spaces/parks-and-recreation-facilities/location/?id=208,22 Relmar Rd  ,2026-05-06T06:30:45,Suydam Park Drinking Water Station,None,None,1,"{""coordinates"": [[-79.41362293, 43.69071518]], ""type"": ""MultiPoint""}",,,,,,,,,,,,,
437,2261,2582,Sugar Beach Park,Sugar Beach Splash Pad Drinking Water Station,"Drinking Fountain, Dog Fountain",Located east of the splash pad.,https://www.toronto.ca/explore-enjoy/parks-recreation/places-spaces/parks-and-recreation-facilities/location/?id=2261,11 Dockside Dr  ,2026-05-06T06:30:22,Sugar Beach Splash Pad Drinking Water Station,None,None,1,"{""coordinates"": [[-79.36697242, 43.64301365]], ""type"": ""MultiPoint""}",,,,,,,,,,,,,
438,2619,102006,Stadium Road Park,Stadium Road Park North Drinking Water Station,"Bottle Filling Station, Drinking Fountain, Dog Fountain",Located  on the north end of the park along the pathway on the east side close to Stadium Road.,https://www.toronto.ca/explore-enjoy/parks-recreation/places-spaces/parks-and-recreation-facilities/location/?id=2619,10 Stadium Rd  ,2026-05-06T06:30:05,Stadium Road Park North Drinking Water Station,None,None,1,"{""coordinates"": [[-79.40063101999999, 43.63440991]], ""type"": ""MultiPoint""}",,,,,,,,,,,,,
439,195,2598,St. Mary Street Parkette,St. Mary Street Parkette Drinking Fountain,Drinking Fountain,Located on the south side of the parkette. ,https://www.toronto.ca/explore-enjoy/parks-recreation/places-spaces/parks-and-recreation-facilities/location/?id=195,26 St Mary St  ,2026-05-06T06:29:52,St. Mary Street Parkette Drinking Fountain,None,None,1,"{""coordinates"": [[-79.38691408, 43.66786604]], ""type"": ""MultiPoint""}",,,,,,,,,,,,,
440,172,2609,Spencer - Cowan Parkette,Spencer - Cowan Wading Pool Drinking Fountain,Drinking Fountain,Located east of the wading pool.,https://www.toronto.ca/explore-enjoy/parks-recreation/places-spaces/parks-and-recreation-facilities/location/?id=172,80 Spencer Ave  ,2026-05-06T06:28:46,Spencer - Cowan Wading Pool Drinking Fountain,None,None,1,"{""coordinates"": [[-79.43059794999999, 43.63636384]], ""type"": ""MultiPoint""}",,,,,,,,,,,,,
441,200,102038,Sir Winston Churchill Park,Sir Winston Churchill Park Playground Drinking Water Station,"Bottle Filling Station, Drinking Fountain, Dog Fountain",Located east of the playground outside of the clubhouse/washroom building.,https://www.toronto.ca/explore-enjoy/parks-recreation/places-spaces/parks-and-recreation-facilities/location/?id=200,301 St. Clair Ave  W ,2026-05-06T06:28:25,Sir Winston Churchill Park Playground Drinking Water Station,None,None,1,"{""coordinates"": [[-79.40848391, 43.68435321]], ""type"": ""MultiPoint""}",,,,,,,,,,,,,
442,200,102201,Sir Winston Churchill Park,Sir Winston Churchill Park Dog Off-Leash Area Dog Fountain,Dog Fountain,Located inside the dog off-leash area on the south side.,https://www.toronto.ca/explore-enjoy/parks-recreation/places-spaces/parks-and-recreation-facilities/location/?id=200,301 St. Clair Ave  W ,2026-05-06T06:28:16,Sir Winston Churchill Park Dog Off-Leash Area Dog Fountain,None,None,1,"{""coordinates"": [[-79.40981435, 43.68232716]], ""type"": ""MultiPoint""}",,,,,,,,,,,,,
443,1860,2628,Sherbourne Common,Sherbourne Common Playground Drinking Fountain,Drinking Fountain,Located along the pathway in between the two playground areas.,https://www.toronto.ca/explore-enjoy/parks-recreation/places-spaces/parks-and-recreation-facilities/location/?id=1860,5 Lower Sherbourne St  ,2026-05-06T06:27:58,Sherbourne Common Playground Drinking Fountain,None,None,1,"{""coordinates"": [[-79.36565672, 43.64583805]], ""type"": ""MultiPoint""}",,,,,,,,,,,,,
444,1860,2627,Sherbourne Common,Sherbourne Common Drinking Fountain,Drinking Fountain,Located in the outdoor ice rink building on the south side of Queens Quay East.,https://www.toronto.ca/explore-enjoy/parks-recreation/places-spaces/parks-and-recreation-facilities/location/?id=1860,5 Lower Sherbourne St  ,2026-05-06T06:27:48,Sherbourne Common Drinking Fountain,None,None,1,"{""coordinates"": [[-79.364601, 43.64454039]], ""type"": ""MultiPoint""}",,,,,,,,,,,,,
445,386,2654,Roundhouse Park,Roundhouse Park Playground Drinking Fountain,Drinking Fountain,Located at the north end of the playground along the pathway. ,https://www.toronto.ca/explore-enjoy/parks-recreation/places-spaces/parks-and-recreation-facilities/location/?id=386,255 Bremner Blvd  ,2026-05-06T06:27:03,Roundhouse Park Playground Drinking Fountain,None,None,1,"{""coordinates"": [[-79.38426209, 43.640976030000004]], ""type"": ""MultiPoint""}",,,,,,,,,,,,,
446,386,97064,Roundhouse Park,Roundhouse Park Don Station Drinking Fountain,Drinking Fountain,Located west of the Don Station building on the west side of the pathway.,https://www.toronto.ca/explore-enjoy/parks-recreation/places-spaces/parks-and-recreation-facilities/location/?id=386,255 Bremner Blvd  ,2026-05-06T06:26:55,Roundhouse Park Don Station Drinking Fountain,None,None,1,"{""coordinates"": [[-79.38542217, 43.641463769999994]], ""type"": ""MultiPoint""}",,,,,,,,,,,,,
447,210,2660,Rosedale Park,Rosedale Park Wading Pool Drinking Fountain,Drinking Fountain,Located east of the wading pool.,https://www.toronto.ca/explore-enjoy/parks-recreation/places-spaces/parks-and-recreation-facilities/location/?id=210,20 Scholfield Ave  ,2026-05-06T06:26:18,Rosedale Park Wading Pool Drinking Fountain,None,None,1,"{""coordinates"": [[-79.37932471, 43.683145550000006]], ""type"": ""MultiPoint""}",,,,,,,,,,,,,
448,210,102208,Rosedale Park,Rosedale Park Dog Fountain,Dog Fountain,Located on the outside on the south side of the tennis clubhouse building.,https://www.toronto.ca/explore-enjoy/parks-recreation/places-spaces/parks-and-recreation-facilities/location/?id=210,20 Scholfield Ave  ,2026-05-06T06:26:08,Rosedale Park Dog Fountain,None,None,1,"{""coordinates"": [[-79.37912818999999, 43.6832071]], ""type"": ""MultiPoint""}",,,,,,,,,,,,,
449,237,2664,Robert Bateman Parkette,Robert Bateman Parkette Drinking Water Station,"Drinking Fountain, Dog Fountain",Located along the pathway where Robert Bateman Parkette and Kay Gardner Beltline Park meet.,https://www.toronto.ca/explore-enjoy/parks-recreation/places-spaces/parks-and-recreation-facilities/location/?id=237,281 Chaplin Cres  ,2026-05-06T06:23:13,Robert Bateman Parkette Drinking Water Station,None,None,1,"{""coordinates"": [[-79.41468612999999, 43.70119931]], ""type"": ""MultiPoint""}",,,,,,,,,,,,,
450,186,2670,Ritchie Avenue Parkette,Ritchie Avenue Parkette Drinking Fountain ,Drinking Fountain,Located west of the playground.,https://www.toronto.ca/explore-enjoy/parks-recreation/places-spaces/parks-and-recreation-facilities/location/?id=186,77 Ritchie Ave  ,2026-05-06T06:22:57,Ritchie Avenue Parkette Drinking Fountain ,None,None,1,"{""coordinates"": [[-79.4491458, 43.65391408]], ""type"": ""MultiPoint""}",,,,,,,,,,,,,
451,2021,102242,Rita Cox Park,Rita Cox Park Drinking Water Station,"Drinking Fountain, Dog Fountain",Located east of the playground along the pathway.,https://www.toronto.ca/explore-enjoy/parks-recreation/places-spaces/parks-and-recreation-facilities/location/?id=2021,14 Machells Ave  ,2026-05-06T06:22:39,Rita Cox Park Drinking Water Station,None,None,1,"{""coordinates"": [[-79.42548756, 43.640168339999995]], ""type"": ""MultiPoint""}",,,,,,,,,,,,,
452,2788,45646,Regent Park,Regent Park Playground Drinking Fountain ,Drinking Fountain,Located south of the playground along the pathway.,https://www.toronto.ca/explore-enjoy/parks-recreation/places-spaces/parks-and-recreation-facilities/location/?id=2788,600 Dundas St  E ,2026-05-06T06:22:09,Regent Park Playground Drinking Fountain ,None,None,1,"{""coordinates"": [[-79.36165521, 43.66152915]], ""type"": ""MultiPoint""}",,,,,,,,,,,,,
453,2788,45647,Regent Park,Regent Park Drinking Fountain ,Drinking Fountain,"Located on the southeast corner of the park, along the pathway.",https://www.toronto.ca/explore-enjoy/parks-recreation/places-spaces/parks-and-recreation-facilities/location/?id=2788,600 Dundas St  E ,2026-05-06T06:22:02,Regent Park Drinking Fountain ,None,None,1,"{""coordinates"": [[-79.36143817, 43.66091939]], ""type"": ""MultiPoint""}",,,,,,,,,,,,,
454,2788,77995,Regent Park,Regent Park Dog Off-Leash Area Drinking Water Station ,"Drinking Fountain, Dog Fountain",Located inside on the northeast corner of the dog off-leash area.,https://www.toronto.ca/explore-enjoy/parks-recreation/places-spaces/parks-and-recreation-facilities/location/?id=2788,600 Dundas St  E ,2026-05-06T06:21:55,Regent Park Dog Off-Leash Area Drinking Water Station ,None,None,1,"{""coordinates"": [[-79.36269833, 43.66086282]], ""type"": ""MultiPoint""}",,,,,,,,,,,,,
455,419,102265,Regent Park Athletic Grounds,Regent Park Athletic Grounds Drinking Fountain,Drinking Fountain,Located on the outside of the rink building west of the outdoor ice rink.,https://www.toronto.ca/explore-enjoy/parks-recreation/places-spaces/parks-and-recreation-facilities/location/?id=419,480 Shuter St  ,2026-05-06T06:21:47,Regent Park Athletic Grounds Drinking Fountain,None,None,1,"{""coordinates"": [[-79.35934333, 43.65867572]], ""type"": ""MultiPoint""}",,,,,,,,,,,,,
456,150,2676,Randy Padmore Park,Randy Padmore Park Wading Pool Drinking Fountain,Drinking Fountain,Located next to the wading pool.,https://www.toronto.ca/explore-enjoy/parks-recreation/places-spaces/parks-and-recreation-facilities/location/?id=150,47 Denison Ave  ,2026-05-06T06:21:27,Randy Padmore Park Wading Pool Drinking Fountain,None,None,1,"{""coordinates"": [[-79.40096544000001, 43.64972316]], ""type"": ""MultiPoint""}",,,,,,,,,,,,,
457,2674,102080,Queen's Park,Queen's Park Drinking Water Station,"Bottle Filling Station, Drinking Fountain",Located northeast of the statue in the middle of the park along the pathway.,https://www.toronto.ca/explore-enjoy/parks-recreation/places-spaces/parks-and-recreation-facilities/location/?id=2674,110 Wellesley St  W ,2026-05-06T06:20:20,Queen's Park Drinking Water Station,None,None,1,"{""coordinates"": [[-79.39244495, 43.66487485]], ""type"": ""MultiPoint""}",,,,,,,,,,,,,
458,307,102086,Pottery Playground,Pottery Playground Splash Pad Drinking Water Station,"Bottle Filling Station, Drinking Fountain",Located north of the splash pad along the pathway.,https://www.toronto.ca/explore-enjoy/parks-recreation/places-spaces/parks-and-recreation-facilities/location/?id=307,601 Merton St  ,2026-05-06T06:20:02,Pottery Playground Splash Pad Drinking Water Station,None,None,1,"{""coordinates"": [[-79.37862397, 43.69964914]], ""type"": ""MultiPoint""}",,,,,,,,,,,,,
459,514,116980,Earlscourt Park,Earlscourt Park Splash Pad Bottle Filling Station,Bottle Filling Station,Located west of the splash pad on the outside the park building.,https://www.toronto.ca/explore-enjoy/parks-recreation/places-spaces/parks-and-recreation-facilities/location/?id=514,1200 Landsdowne Ave,2026-05-05T14:32:34,Earlscourt Park Splash Pad Bottle Filling Station,None,None,1,"{""coordinates"": [[-79.45147774, 43.67411244]], ""type"": ""MultiPoint""}",,,,,,,,,,,,,
460,69,102177,S.A.D.R.A. Park,S.A.D.R.A. Park Drinking Fountain,Drinking Fountain,"Located east of the playground, along the pathway close to Silverthorn Avenue.",https://www.toronto.ca/explore-enjoy/parks-recreation/places-spaces/parks-and-recreation-facilities/location/?id=69,455 Old Weston Rd  ,2026-05-05T14:32:03,S.A.D.R.A. Park Drinking Fountain,None,None,1,"{""coordinates"": [[-79.46084043, 43.67557674]], ""type"": ""MultiPoint""}",,,,,,,,,,,,,
461,170,73802,Ravina Gardens,Ravina Gardens Splash Pad Bottle Filling Station,Bottle Filling Station,Located northwest of the splash pad.,https://www.toronto.ca/explore-enjoy/parks-recreation/places-spaces/parks-and-recreation-facilities/location/?id=170,290 Clendenan Ave  ,2026-05-05T14:31:41,Ravina Gardens Splash Pad Bottle Filling Station,None,None,1,"{""coordinates"": [[-79.47190874, 43.65913561]], ""type"": ""MultiPoint""}",,,,,,,,,,,,,
462,831,102102,Harwood Park,Harwood Park Drinking Water Station,"Bottle Filling Station, Drinking Fountain",Located on the corner of Leigh Street and McCormack Street.,https://www.toronto.ca/explore-enjoy/parks-recreation/places-spaces/parks-and-recreation-facilities/location/?id=831,51 Leigh St  ,2026-05-05T14:28:11,Harwood Park Drinking Water Station,None,None,1,"{""coordinates"": [[-79.47751109000001, 43.67597344]], ""type"": ""MultiPoint""}",,,,,,,,,,,,,
463,674,2188,Lanyard Park,Lanyard Park Tennis Court Drinking Fountain,Drinking Fountain,"Located along the pathway, south of the tennis courts.",https://www.toronto.ca/explore-enjoy/parks-recreation/places-spaces/parks-and-recreation-facilities/location/?id=674,138 Lanyard Rd  ,2026-05-05T14:27:00,Lanyard Park Tennis Court Drinking Fountain,None,None,1,"{""coordinates"": [[-79.54859252, 43.74700484]], ""type"": ""MultiPoint""}",,,,,,,,,,,,,
464,832,102096,Henrietta Park,Henrietta Park Drinking Water Station,"Bottle Filling Station, Drinking Fountain","Located along the pathway, north of the playground.",https://www.toronto.ca/explore-enjoy/parks-recreation/places-spaces/parks-and-recreation-facilities/location/?id=832,1 Henrietta St  ,2026-05-05T10:44:28,Henrietta Park Drinking Water Station,None,None,1,"{""coordinates"": [[-79.48093766000001, 43.67135154]], ""type"": ""MultiPoint""}",,,,,,,,,,,,,
465,129,2323,FALSTAFF PARK,Falstaff Park Drinking Fountain,Drinking Fountain,Located on the grassy area south of the basketball courts.,https://www.toronto.ca/explore-enjoy/parks-recreation/places-spaces/parks-and-recreation-facilities/location/?id=129,60 Felstead Ave  ,2026-05-05T10:19:30,Falstaff Park Drinking Fountain,Technical Issue,None,0,"{""coordinates"": [[-79.5028796, 43.71658783]], ""type"": ""MultiPoint""}",,,,,,,,,,,,,
466,559,2321,Fennimore Park,Fennimore Park Playground Drinking Fountain,Drinking Fountain,Located on the pathway south of the playground.,https://www.toronto.ca/explore-enjoy/parks-recreation/places-spaces/parks-and-recreation-facilities/location/?id=559,78 Fennimore Cres  ,2026-05-05T10:19:04,Fennimore Park Playground Drinking Fountain,None,None,1,"{""coordinates"": [[-79.52189559, 43.74540504]], ""type"": ""MultiPoint""}",,,,,,,,,,,,,
467,772,102017,Viewmount Park,Viewmount Park Baseball Diamond Bottle Filling Station,Bottle Filling Station,Located north of the baseball diamond along the pathway.,https://www.toronto.ca/explore-enjoy/parks-recreation/places-spaces/parks-and-recreation-facilities/location/?id=772,169 Viewmount Ave  ,2026-05-05T09:55:07,Viewmount Park Baseball Diamond Bottle Filling Station,Under Construction,No access to activate during construction. ,2,"{""coordinates"": [[-79.43774513000001, 43.70715765]], ""type"": ""MultiPoint""}",,,,,,,,,,,,,
468,772,2418,Viewmount Park,Viewmount Park Tennis Court Drinking Fountain,Drinking Fountain,Located west of the outdoor tennis courts along the north side of the Community Centre.,https://www.toronto.ca/explore-enjoy/parks-recreation/places-spaces/parks-and-recreation-facilities/location/?id=772,169 Viewmount Ave  ,2026-05-05T09:54:30,Viewmount Park Tennis Court Drinking Fountain,Under Construction,No access to activate during construction. ,2,"{""coordinates"": [[-79.43723546000001, 43.70764117]], ""type"": ""MultiPoint""}",,,,,,,,,,,,,
469,1104,2605,St. Clements - Yonge Parkette,St. Clements - Yonge Parkette Drinking Fountain,Drinking Fountain,Located along the pathway on the west side of the park. ,https://www.toronto.ca/explore-enjoy/parks-recreation/places-spaces/parks-and-recreation-facilities/location/?id=1104,14 St Clements Ave  ,2026-05-05T09:52:28,St. Clements - Yonge Parkette Drinking Fountain,Under Construction,Area is not accessible. ,2,"{""coordinates"": [[-79.40003220000001, 43.71313592]], ""type"": ""MultiPoint""}",,,,,,,,,,,,,
470,292,132557,Phin Park,Phin Park Wading Pool Drinking Fountain,Drinking Fountain,Located next to the wading pool.,https://www.toronto.ca/explore-enjoy/parks-recreation/places-spaces/parks-and-recreation-facilities/location/?id=292,115 Condor Ave,2026-05-05T06:19:21,Phin Park Wading Pool Drinking Fountain,None,None,1,"{""coordinates"": [[-79.33630357, 43.67755115]], ""type"": ""MultiPoint""}",,,,,,,,,,,,,
471,284,2702,Perth Square Park,Perth Square Park Splash Pad Drinking Fountain,Drinking Fountain,Located next to the splash pad.,https://www.toronto.ca/explore-enjoy/parks-recreation/places-spaces/parks-and-recreation-facilities/location/?id=284,350 Perth Ave  ,2026-05-05T06:18:58,Perth Square Park Splash Pad Drinking Fountain,None,None,1,"{""coordinates"": [[-79.45214404000001, 43.664133199999995]], ""type"": ""MultiPoint""}",,,,,,,,,,,,,
472,284,2701,Perth Square Park,Perth Square Park Drinking Fountain,Drinking Fountain,Located in the southeast corner of the park.,https://www.toronto.ca/explore-enjoy/parks-recreation/places-spaces/parks-and-recreation-facilities/location/?id=284,350 Perth Ave  ,2026-05-05T06:18:51,Perth Square Park Drinking Fountain,None,None,1,"{""coordinates"": [[-79.45182493, 43.66377444]], ""type"": ""MultiPoint""}",,,,,,,,,,,,,
473,385,2703,Perth Avenue Parkette,Perth Avenue Parkette Drinking Fountain,Drinking Fountain,Located at the corner of Perth Avenue and Randolph Avenue.,https://www.toronto.ca/explore-enjoy/parks-recreation/places-spaces/parks-and-recreation-facilities/location/?id=385,160 Perth Ave  ,2026-05-05T06:18:43,Perth Avenue Parkette Drinking Fountain,None,None,1,"{""coordinates"": [[-79.44976749000001, 43.65880092]], ""type"": ""MultiPoint""}",,,,,,,,,,,,,
474,2585,102186,Parkview Gardens,Parkview Gardens Drinking Fountain,Drinking Fountain,Located on the southwest area of the park at the corner of St. Clair Avenue East and Sandra Road.,https://www.toronto.ca/explore-enjoy/parks-recreation/places-spaces/parks-and-recreation-facilities/location/?id=2585,4 Sandra Rd  ,2026-05-05T06:18:22,Parkview Gardens Drinking Fountain,None,None,1,"{""coordinates"": [[-79.31471581, 43.70488465]], ""type"": ""MultiPoint""}",,,,,,,,,,,,,
475,115,2713,Orchard Park,Orchard Park Splash Pad Drinking Fountain,Drinking Fountain,Located next to the splash pad.,https://www.toronto.ca/explore-enjoy/parks-recreation/places-spaces/parks-and-recreation-facilities/location/?id=115,1987 Dundas St  E ,2026-05-05T06:18:02,Orchard Park Splash Pad Drinking Fountain,None,None,1,"{""coordinates"": [[-79.31365545999999, 43.66886341]], ""type"": ""MultiPoint""}",,,,,,,,,,,,,
476,168,102050,Moorevale Park,Moorevale Park Tennis Club Bottle Filling Station,Bottle Filling Station,Located north of the tennis club washroom building.,https://www.toronto.ca/explore-enjoy/parks-recreation/places-spaces/parks-and-recreation-facilities/location/?id=168,175 Moore Ave  ,2026-05-05T06:17:18,Moorevale Park Tennis Club Bottle Filling Station,None,None,1,"{""coordinates"": [[-79.38221949, 43.69372746]], ""type"": ""MultiPoint""}",,,,,,,,,,,,,
477,168,102187,Moorevale Park,Moorevale Park Playground Drinking Fountain,Drinking Fountain,Located north of the playground.,https://www.toronto.ca/explore-enjoy/parks-recreation/places-spaces/parks-and-recreation-facilities/location/?id=168,175 Moore Ave  ,2026-05-05T06:17:12,Moorevale Park Playground Drinking Fountain,None,None,1,"{""coordinates"": [[-79.38184486, 43.693841160000005]], ""type"": ""MultiPoint""}",,,,,,,,,,,,,
478,146,2118,Moncur Playground,Moncur Playground Drinking Fountain,Drinking Fountain,Located at the entrance to the park from Lower Coxwell Avenue.,https://www.toronto.ca/explore-enjoy/parks-recreation/places-spaces/parks-and-recreation-facilities/location/?id=146,10 Gainsborough Rd  ,2026-05-05T06:16:56,Moncur Playground Drinking Fountain,None,None,1,"{""coordinates"": [[-79.31822782, 43.670787729999994]], ""type"": ""MultiPoint""}",,,,,,,,,,,,,
479,2466,18524,McCleary Playground,McCleary Park Playground Drinking Fountain,Drinking Fountain,"Located in the southeast corner of the park, along Mc Gee Street.",https://www.toronto.ca/explore-enjoy/parks-recreation/places-spaces/parks-and-recreation-facilities/location/?id=2466,80 Mc Gee St  ,2026-05-05T06:15:28,McCleary Park Playground Drinking Fountain,None,None,1,"{""coordinates"": [[-79.34522422, 43.65912171]], ""type"": ""MultiPoint""}",,,,,,,,,,,,,
480,379,2132,McCleary Park,McCleary Park Drinking Fountain,Drinking Fountain,Located east of the washroom building.,https://www.toronto.ca/explore-enjoy/parks-recreation/places-spaces/parks-and-recreation-facilities/location/?id=379,755 Lake Shore Blvd  E ,2026-05-05T06:15:21,McCleary Park Drinking Fountain,None,None,1,"{""coordinates"": [[-79.3405874, 43.65343525]], ""type"": ""MultiPoint""}",,,,,,,,,,,,,
481,427,2486,Balmy Beach Park,Balmy Beach Park Silver Birch Boathouse Drinking Fountain,Drinking Fountain,Located on the east side of the Silver Birch Boathouse.,https://www.toronto.ca/explore-enjoy/parks-recreation/places-spaces/parks-and-recreation-facilities/location/?id=427,1 Beech Ave  ,2026-05-05T06:14:47,Balmy Beach Park Silver Birch Boathouse Drinking Fountain,None,None,1,"{""coordinates"": [[-79.28454146, 43.67034125]], ""type"": ""MultiPoint""}",,,,,,,,,,,,,
482,427,102069,Balmy Beach Park,Balmy Beach Park MacLean Drinking Water Station,"Bottle Filling Station, Drinking Fountain",Located on the Martin Goodman Trail at MacLean Avenue.,https://www.toronto.ca/explore-enjoy/parks-recreation/places-spaces/parks-and-recreation-facilities/location/?id=427,1 Beech Ave  ,2026-05-05T06:14:40,Balmy Beach Park MacLean Drinking Water Station,None,None,1,"{""coordinates"": [[-79.28975507999999, 43.668915]], ""type"": ""MultiPoint""}",,,,,,,,,,,,,
483,427,102010,Balmy Beach Park,Balmy Beach Park Boardwalk Bottle Filling Station,Bottle Filling Station,Located next to the Boardwalk at the west end of the Silver Birch Boathouse.,https://www.toronto.ca/explore-enjoy/parks-recreation/places-spaces/parks-and-recreation-facilities/location/?id=427,1 Beech Ave  ,2026-05-05T06:14:26,Balmy Beach Park Boardwalk Bottle Filling Station,None,None,1,"{""coordinates"": [[-79.28478768, 43.67021972]], ""type"": ""MultiPoint""}",,,,,,,,,,,,,
484,384,2708,Matty Eckler Playground,Matty Eckler Playground Wading Pool Bottle Filling Station,Bottle Filling Station,Located next to the wading pool.,https://www.toronto.ca/explore-enjoy/parks-recreation/places-spaces/parks-and-recreation-facilities/location/?id=384,953 Gerrard St  E ,2026-05-05T06:14:10,Matty Eckler Playground Wading Pool Bottle Filling Station,None,None,1,"{""coordinates"": [[-79.33855407, 43.66790094]], ""type"": ""MultiPoint""}",,,,,,,,,,,,,
485,455,2134,Massey Harris Park,Massey Harris Park Drinking Water Station,"Drinking Fountain, Dog Fountain",Located under the shade structure.,https://www.toronto.ca/explore-enjoy/parks-recreation/places-spaces/parks-and-recreation-facilities/location/?id=455,945 King St  W ,2026-05-05T06:13:54,Massey Harris Park Drinking Water Station,None,None,1,"{""coordinates"": [[-79.41341279999999, 43.64143464]], ""type"": ""MultiPoint""}",,,,,,,,,,,,,
486,49,2135,Masaryk Park,Masaryk Park Wading Pool Drinking Fountain,Drinking Fountain,Located north of the wading pool.,https://www.toronto.ca/explore-enjoy/parks-recreation/places-spaces/parks-and-recreation-facilities/location/?id=49,212 Cowan Ave  ,2026-05-05T06:13:38,Masaryk Park Wading Pool Drinking Fountain,None,None,1,"{""coordinates"": [[-79.43288841, 43.64023048]], ""type"": ""MultiPoint""}",,,,,,,,,,,,,
487,471,102131,Marilyn Bell Park,Marilyn Bell Park South Drinking Water Station,"Bottle Filling Station, Drinking Fountain","Located on the south side of the park, midway along the north side of Aquatic Drive Trail.",https://www.toronto.ca/explore-enjoy/parks-recreation/places-spaces/parks-and-recreation-facilities/location/?id=471,1095 Lake Shore Blvd  W ,2026-05-05T06:13:23,Marilyn Bell Park South Drinking Water Station,None,None,1,"{""coordinates"": [[-79.43083159000001, 43.63043556]], ""type"": ""MultiPoint""}",,,,,,,,,,,,,
488,471,2142,Marilyn Bell Park,Marilyn Bell Park North Drinking Water Station,"Drinking Fountain, Dog Fountain","Located on the north side of the park, midway along the south side of Martin Goodman Trail.",https://www.toronto.ca/explore-enjoy/parks-recreation/places-spaces/parks-and-recreation-facilities/location/?id=471,1095 Lake Shore Blvd  W ,2026-05-05T06:13:15,Marilyn Bell Park North Drinking Water Station,None,None,1,"{""coordinates"": [[-79.43051333999999, 43.6312762]], ""type"": ""MultiPoint""}",,,,,,,,,,,,,
489,378,102037,MacGregor Playground,MacGregor Playground Splash Pad Bottle Filling Station,"Bottle Filling Station, Drinking Fountain",Located north of the splash pad along the pathway.,https://www.toronto.ca/explore-enjoy/parks-recreation/places-spaces/parks-and-recreation-facilities/location/?id=378,346 Lansdowne Ave  ,2026-05-05T06:12:51,MacGregor Playground Splash Pad Bottle Filling Station,None,None,1,"{""coordinates"": [[-79.44144495, 43.65337212]], ""type"": ""MultiPoint""}",,,,,,,,,,,,,
490,3799,116976,Love Park,Love Park Bottle Filling Station,Bottle Filling Station,Located south of the dog off-leash area.,https://www.toronto.ca/explore-enjoy/parks-recreation/places-spaces/parks-and-recreation-facilities/location/?id=3799,96 Queens Quay W,2026-05-05T06:12:24,Love Park Bottle Filling Station,None,None,1,"{""coordinates"": [[-79.37959323, 43.641019889999995]], ""type"": ""MultiPoint""}",,,,,,,,,,,,,
491,3733,102091,Logan Green Field,Logan Green Field Drinking Water Station,"Bottle Filling Station, Drinking Fountain",Located on the southwest corner of the park along the pathway.,https://www.toronto.ca/explore-enjoy/parks-recreation/places-spaces/parks-and-recreation-facilities/location/?id=3733,921 Logan Ave   ,2026-05-05T06:12:06,Logan Green Field Drinking Water Station,None,None,1,"{""coordinates"": [[-79.34949540000001, 43.67876461]], ""type"": ""MultiPoint""}",,,,,,,,,,,,,
492,1084,2176,Liberty Village Park,Liberty Village Park Drinking Water Station,"Drinking Fountain, Dog Fountain",Located west of the heritage building.,https://www.toronto.ca/explore-enjoy/parks-recreation/places-spaces/parks-and-recreation-facilities/location/?id=1084,70 East Liberty St  ,2026-05-05T06:11:27,Liberty Village Park Drinking Water Station,None,None,1,"{""coordinates"": [[-79.41460350999999, 43.63878039]], ""type"": ""MultiPoint""}",,,,,,,,,,,,,
493,1465,101876,Grand Avenue Park,Grand Avenue Park Bottle Filling Station,Bottle Filling Station,Located north of the playground and dog off-leash area along the pathway.,https://www.toronto.ca/explore-enjoy/parks-recreation/places-spaces/parks-and-recreation-facilities/location/?id=1465,1 Grand Ave,2026-05-04T11:16:40,Grand Avenue Park Bottle Filling Station,None,None,1,"{""coordinates"": [[-79.49104537, 43.62211628]], ""type"": ""MultiPoint""}",,,,,,,,,,,,,
494,3791,970147,Canon Jackson Park,Canon Jackson Splash Pad Drinking Water Station,"Bottle Filling Station, Drinking Fountain",Located to the east of the splash pad south of the playground and shade structure.,https://www.toronto.ca/explore-enjoy/parks-recreation/places-spaces/parks-and-recreation-facilities/location/?id=3791,80 Canon Jackson Dr.,2026-05-04T11:04:24,Canon Jackson Splash Pad Drinking Water Station,None,None,1,"{""coordinates"": [[-79.47183907, 43.69823939]], ""type"": ""MultiPoint""}",,,,,,,,,,,,,
495,1451,2406,Cliff Lumsdon Park,Cliff Lumsdon Park Drinking Fountain,Drinking Fountain,Located on the pathway near the west end of the park.,https://www.toronto.ca/explore-enjoy/parks-recreation/places-spaces/parks-and-recreation-facilities/location/?id=1451,101 Lake Shore Dr  ,2026-05-04T11:03:10,Cliff Lumsdon Park Drinking Fountain,None,None,1,"{""coordinates"": [[-79.50211789, 43.59505344]], ""type"": ""MultiPoint""}",,,,,,,,,,,,,
496,3609,96703,Syd Cole Park,Syd Cole Park Playground Bottle Filling Station,Bottle Filling Station,Located east of the playground.,https://www.toronto.ca/explore-enjoy/parks-recreation/places-spaces/parks-and-recreation-facilities/location/?id=3609,60 Eastwood Park Gardens   ,2026-05-04T10:54:40,Syd Cole Park Playground Bottle Filling Station,None,None,1,"{""coordinates"": [[-79.53363979000001, 43.59577052]], ""type"": ""MultiPoint""}",,,,,,,,,,,,,
497,769,2452,Upwood Greenbelt,Upwood Greenbelt Playground Drinking Fountain,Drinking Fountain,Located southwest of the playground on the east side of the pathway.,https://www.toronto.ca/explore-enjoy/parks-recreation/places-spaces/parks-and-recreation-facilities/location/?id=769,44 Marshlynn Ave  ,2026-05-04T10:52:34,Upwood Greenbelt Playground Drinking Fountain,None,None,1,"{""coordinates"": [[-79.50074348, 43.705037329999996]], ""type"": ""MultiPoint""}",,,,,,,,,,,,,
498,219,102013,Beaches Park,Beaches Park Boathouse Bottle Filling Station,Bottle Filling Station,Located on the pathway between the Martin Goodman Trail and the boathouse.,https://www.toronto.ca/explore-enjoy/parks-recreation/places-spaces/parks-and-recreation-facilities/location/?id=219,2075 Queen St  E ,2026-05-04T06:37:45,Beaches Park Boathouse Bottle Filling Station,None,None,1,"{""coordinates"": [[-79.29621946, 43.66695891]], ""type"": ""MultiPoint""}",,,,,,,,,,,,,
499,884,102199,Kay Gardner Beltline Park,Kay Gardner Beltline Park Mount Pleasant Road Drinking Water Station,"Drinking Fountain, Dog Fountain","Located behind the Toronto Water building, west of Mount Pleasant Road.",https://www.toronto.ca/explore-enjoy/parks-recreation/places-spaces/parks-and-recreation-facilities/location/?id=884,378 Mount Pleasant Rd  ,2026-05-04T06:37:25,Kay Gardner Beltline Park Mount Pleasant Road Drinking Water Station,None,None,1,"{""coordinates"": [[-79.38765384000001, 43.69746631]], ""type"": ""MultiPoint""}",,,,,,,,,,,,,
500,884,2208,Kay Gardner Beltline Park,Kay Gardner Beltline Park Marton Street Drinking Water Station,"Drinking Fountain, Dog Fountain",Located at the entrance to the trail off the Marton Street laneway.,https://www.toronto.ca/explore-enjoy/parks-recreation/places-spaces/parks-and-recreation-facilities/location/?id=884,378 Mount Pleasant Rd  ,2026-05-04T06:37:18,Kay Gardner Beltline Park Marton Street Drinking Water Station,None,None,1,"{""coordinates"": [[-79.39496507000001, 43.6958048]], ""type"": ""MultiPoint""}",,,,,,,,,,,,,
501,2825,132559,June Callwood Park,June Callwood Park Drinking Water Station,"Bottle Filling Station, Drinking Fountain",Located on the west side of the park south of Fort York Boulevard.,https://www.toronto.ca/explore-enjoy/parks-recreation/places-spaces/parks-and-recreation-facilities/location/?id=2825,636 Fleet St,2026-05-04T06:36:55,June Callwood Park Drinking Water Station,None,None,1,"{""coordinates"": [[-79.40411959, 43.63721516]], ""type"": ""MultiPoint""}",,,,,,,,,,,,,
502,1467,102248,Joseph Burr Tyrrell Park,Joseph Burr Tyrrell Park Playground Drinking Water Station,"Bottle Filling Station, Drinking Fountain",Located next to the playground.,https://www.toronto.ca/explore-enjoy/parks-recreation/places-spaces/parks-and-recreation-facilities/location/?id=1467,10 Dalton Rd  ,2026-05-04T06:36:38,Joseph Burr Tyrrell Park Playground Drinking Water Station,None,None,1,"{""coordinates"": [[-79.40711683, 43.66670543]], ""type"": ""MultiPoint""}",,,,,,,,,,,,,
503,375,102077,Jesse Ketchum Park,Jesse Ketchum Park Bottle Filling Station,Bottle Filling Station,Located next to the shade structure.,https://www.toronto.ca/explore-enjoy/parks-recreation/places-spaces/parks-and-recreation-facilities/location/?id=375,1310 Bay St  ,2026-05-04T06:36:22,Jesse Ketchum Park Bottle Filling Station,None,None,1,"{""coordinates"": [[-79.39095603, 43.67258171]], ""type"": ""MultiPoint""}",,,,,,,,,,,,,
504,151,80209,Jean Sibelius Square,Jean Sibelius Square Drinking Fountain,Drinking Fountain,"Located next to the fieldhouse building, northwest corner of the park.",https://www.toronto.ca/explore-enjoy/parks-recreation/places-spaces/parks-and-recreation-facilities/location/?id=151,50 Kendal Ave  ,2026-05-04T06:36:07,Jean Sibelius Square Drinking Fountain,None,None,1,"{""coordinates"": [[-79.40912003999999, 43.671608559999996]], ""type"": ""MultiPoint""}",,,,,,,,,,,,,
505,97,79137,Irene Avenue Parkette,Irene Avenue Parkette Playground Drinking Fountain,Drinking Fountain,Located east of the playground.,https://www.toronto.ca/explore-enjoy/parks-recreation/places-spaces/parks-and-recreation-facilities/location/?id=97,760 Shaw St  ,2026-05-04T06:35:53,Irene Avenue Parkette Playground Drinking Fountain,None,None,1,"{""coordinates"": [[-79.42368556, 43.66292775]], ""type"": ""MultiPoint""}",,,,,,,,,,,,,
506,93,102082,Huron Street Playground,Huron Street Playground Drinking Water Station,"Bottle Filling Station, Drinking Fountain, Dog Fountain",Located near the entrance by Lowther Avenue and Huron Street.,https://www.toronto.ca/explore-enjoy/parks-recreation/places-spaces/parks-and-recreation-facilities/location/?id=93,495 Huron St  ,2026-05-04T06:35:34,Huron Street Playground Drinking Water Station,None,None,1,"{""coordinates"": [[-79.40217802000001, 43.669404500000006]], ""type"": ""MultiPoint""}",,,,,,,,,,,,,
507,2542,2148,HTO Park West,HTO Park West Drinking Fountain,Drinking Fountain,Located in the northeast corner of the park.,https://www.toronto.ca/explore-enjoy/parks-recreation/places-spaces/parks-and-recreation-facilities/location/?id=2542,375 Queens Quay W ,2026-05-04T06:35:16,HTO Park West Drinking Fountain,None,None,1,"{""coordinates"": [[-79.38997649, 43.63779781]], ""type"": ""MultiPoint""}",,,,,,,,,,,,,
508,1663,2238,HTO Park,HTO Park Drinking Fountain,Drinking Fountain,Located in the southeast corner of the park.,https://www.toronto.ca/explore-enjoy/parks-recreation/places-spaces/parks-and-recreation-facilities/location/?id=1663,339 Queens Quay W ,2026-05-04T06:35:09,HTO Park Drinking Fountain,None,None,1,"{""coordinates"": [[-79.38749104, 43.637742870000004]], ""type"": ""MultiPoint""}",,,,,,,,,,,,,
509,3788,102405,Hillsdale Avenue Park,Hillsdale Avenue Park Bottle Filling Station,Bottle Filling Station,Located on the south side of the park off of Hillsdale Avenue.,https://www.toronto.ca/explore-enjoy/parks-recreation/places-spaces/parks-and-recreation-facilities/location/?id=3788,33 Soundan Ave,2026-05-04T06:34:48,Hillsdale Avenue Park Bottle Filling Station,None,None,1,"{""coordinates"": [[-79.39657270000001, 43.703739129999995]], ""type"": ""MultiPoint""}",,,,,,,,,,,,,
510,70,2288,Greenwood Park,Greenwood Park Splash Pad Drinking Fountain,Drinking Fountain,Located next to the splash pad.,https://www.toronto.ca/explore-enjoy/parks-recreation/places-spaces/parks-and-recreation-facilities/location/?id=70,150 Greenwood Ave  ,2026-05-04T06:34:31,Greenwood Park Splash Pad Drinking Fountain,None,None,1,"{""coordinates"": [[-79.32915323, 43.669639450000005]], ""type"": ""MultiPoint""}",,,,,,,,,,,,,
511,70,132642,Greenwood Park,Greenwood Park Dog Off-Leash Area South Dog Fountain,Dog Fountain,Located at the southeast entrance of the dog off-leash area.,https://www.toronto.ca/explore-enjoy/parks-recreation/places-spaces/parks-and-recreation-facilities/location/?id=70,150 Greenwood Ave,2026-05-04T06:34:24,Greenwood Park Dog Off-Leash Area South Dog Fountain,None,None,1,"{""coordinates"": [[-79.32868658999999, 43.66769117]], ""type"": ""MultiPoint""}",,,,,,,,,,,,,
512,70,78240,Greenwood Park,Greenwood Park Dog Off-Leash Area Dog Fountain,Dog Fountain,Located at the west entrance of the dog off-leash area.,https://www.toronto.ca/explore-enjoy/parks-recreation/places-spaces/parks-and-recreation-facilities/location/?id=70,150 Greenwood Ave  ,2026-05-04T06:34:17,Greenwood Park Dog Off-Leash Area Dog Fountain,None,None,1,"{""coordinates"": [[-79.32937271, 43.66788301]], ""type"": ""MultiPoint""}",,,,,,,,,,,,,
513,2030,2301,Gledhill Park,Gledhill Park Drinking Water Station,"Bottle Filling Station, Drinking Fountain",Located next to the splash pad.,https://www.toronto.ca/explore-enjoy/parks-recreation/places-spaces/parks-and-recreation-facilities/location/?id=2030,125 Gledhill Ave  ,2026-05-04T06:34:00,Gledhill Park Drinking Water Station,None,None,1,"{""coordinates"": [[-79.30980294, 43.69092462]], ""type"": ""MultiPoint""}",,,,,,,,,,,,,
514,426,102045,George Webster Park,George Webster Park Drinking Water Station,"Bottle Filling Station, Drinking Fountain",Located between the spash pad and wading pool.,https://www.toronto.ca/explore-enjoy/parks-recreation/places-spaces/parks-and-recreation-facilities/location/?id=426,30 Chapman Ave  ,2026-05-04T06:33:39,George Webster Park Drinking Water Station,None,None,1,"{""coordinates"": [[-79.30084042, 43.700634390000005]], ""type"": ""MultiPoint""}",,,,,,,,,,,,,
515,129,2322,Felstead Avenue Playground,Felstead Avenue Playground Drinking Fountain,Drinking Fountain,Located on the pathway north of the playground.,https://www.toronto.ca/explore-enjoy/parks-recreation/places-spaces/parks-and-recreation-facilities/location/?id=129,60 Felstead Ave  ,2026-05-04T06:33:24,Felstead Avenue Playground Drinking Fountain,None,None,1,"{""coordinates"": [[-79.32974202, 43.68026431]], ""type"": ""MultiPoint""}",,,,,,,,,,,,,
516,2554,2329,Erwin Krickhahn Park,Erwin Krickhahn Park Bottle Filling Station,Bottle Filling Station,Located on the pathway south of the playground.,https://www.toronto.ca/explore-enjoy/parks-recreation/places-spaces/parks-and-recreation-facilities/location/?id=2554,121 Rankin Cres  ,2026-05-04T06:33:08,Erwin Krickhahn Park Bottle Filling Station,None,None,1,"{""coordinates"": [[-79.44615105, 43.65898923]], ""type"": ""MultiPoint""}",,,,,,,,,,,,,
517,87,2357,Dufferin Grove Park,Dufferin Grove Park Wading Pool Drinking Fountain,Drinking Fountain,Located on the pathway south of the wading pool.,https://www.toronto.ca/explore-enjoy/parks-recreation/places-spaces/parks-and-recreation-facilities/location/?id=87,875 Dufferin St  ,2026-05-04T06:32:50,Dufferin Grove Park Wading Pool Drinking Fountain,None,None,1,"{""coordinates"": [[-79.43175403000001, 43.65565829]], ""type"": ""MultiPoint""}",,,,,,,,,,,,,
518,87,2358,Dufferin Grove Park,Dufferin Grove Park Sports Field Drinking Fountain,Drinking Fountain,Located on north side of the washroom building beside the sports field.,https://www.toronto.ca/explore-enjoy/parks-recreation/places-spaces/parks-and-recreation-facilities/location/?id=87,875 Dufferin St  ,2026-05-04T06:32:43,Dufferin Grove Park Sports Field Drinking Fountain,None,None,1,"{""coordinates"": [[-79.43226473, 43.657092649999996]], ""type"": ""MultiPoint""}",,,,,,,,,,,,,
519,3584,102261,Diamond Jubilee Promenade,Diamond Jubilee Promenade Drinking Fountain,Drinking Fountain,Located along the sidewalk on the east side of  Tannery Road.,https://www.toronto.ca/explore-enjoy/parks-recreation/places-spaces/parks-and-recreation-facilities/location/?id=3584,475 Front St  E ,2026-05-04T06:31:21,Diamond Jubilee Promenade Drinking Fountain,None,None,1,"{""coordinates"": [[-79.35478388, 43.65353289]], ""type"": ""MultiPoint""}",,,,,,,,,,,,,
520,3584,102262,Diamond Jubilee Promenade,Diamond Jubilee Promenade Drinking Fountain,Drinking Fountain,Located along the sidewalk on the east side of  Rolling Mills Road.,https://www.toronto.ca/explore-enjoy/parks-recreation/places-spaces/parks-and-recreation-facilities/location/?id=3584,475 Front St  E ,2026-05-04T06:31:13,Diamond Jubilee Promenade Drinking Fountain,None,None,1,"{""coordinates"": [[-79.35575897, 43.653304840000004]], ""type"": ""MultiPoint""}",,,,,,,,,,,,,
521,3584,102263,Diamond Jubilee Promenade,Diamond Jubilee Promenade Drinking Fountain,Drinking Fountain,Located along the sidewalk on the east side of  Cooperage Street.,https://www.toronto.ca/explore-enjoy/parks-recreation/places-spaces/parks-and-recreation-facilities/location/?id=3584,475 Front St  E ,2026-05-04T06:31:05,Diamond Jubilee Promenade Drinking Fountain,None,None,1,"{""coordinates"": [[-79.35672602000001, 43.65308185]], ""type"": ""MultiPoint""}",,,,,,,,,,,,,
522,2568,2389,Cosburn Park,Cosburn Park Bowling Green Drinking Fountain,Drinking Fountain,"Located between the lawn bowling and tennis club buildings, inside the bowling greens.",https://www.toronto.ca/explore-enjoy/parks-recreation/places-spaces/parks-and-recreation-facilities/location/?id=2568,115 Roosevelt Rd  ,2026-05-04T06:30:46,Cosburn Park Bowling Green Drinking Fountain,None,None,1,"{""coordinates"": [[-79.33039303, 43.69308529]], ""type"": ""MultiPoint""}",,,,,,,,,,,,,
523,223,102016,College Park,College Park Bottle Filling Station,Bottle Filling Station,Located next to the Barbara Ann Scott outdoor rink building.,https://www.toronto.ca/explore-enjoy/parks-recreation/places-spaces/parks-and-recreation-facilities/location/?id=223,420 Yonge St  ,2026-05-04T06:30:23,College Park Bottle Filling Station,None,None,1,"{""coordinates"": [[-79.38358943, 43.659829949999995]], ""type"": ""MultiPoint""}",,,,,,,,,,,,,
524,220,102021,Coleman Park,Coleman Park Wading Pool Drinking Fountain,Drinking Fountain,Located on the pathway at the north side of the wading pool.,https://www.toronto.ca/explore-enjoy/parks-recreation/places-spaces/parks-and-recreation-facilities/location/?id=220,19 Coleman Ave  ,2026-05-04T06:30:09,Coleman Park Wading Pool Drinking Fountain,None,None,1,"{""coordinates"": [[-79.30009387999999, 43.689307830000004]], ""type"": ""MultiPoint""}",,,,,,,,,,,,,
525,3697,78976,Clover Hill Park,Clover Hill Park Bottle Filling Station,Bottle Filling Station,Located on the pathway north of the splash pad.,https://www.toronto.ca/explore-enjoy/parks-recreation/places-spaces/parks-and-recreation-facilities/location/?id=3697,50 St. Joseph St.   ,2026-05-04T06:29:54,Clover Hill Park Bottle Filling Station,None,None,1,"{""coordinates"": [[-79.38838684, 43.66627072]], ""type"": ""MultiPoint""}",,,,,,,,,,,,,
526,211,2404,Close Avenue Parkette,Close Avenue Parkette Bottle Filling Station,Bottle Filling Station,Located on the north side of the wading pool.,https://www.toronto.ca/explore-enjoy/parks-recreation/places-spaces/parks-and-recreation-facilities/location/?id=211,116 Close Ave  ,2026-05-04T06:29:37,Close Avenue Parkette Bottle Filling Station,None,None,1,"{""coordinates"": [[-79.43488364, 43.63703889]], ""type"": ""MultiPoint""}",,,,,,,,,,,,,
527,629,2432,Cedarvale Park,Cedarvale Park Tennis Court Drinking Water Station,"Drinking Fountain, Dog Fountain",Located on the pathway at the west side of the tennis courts.,https://www.toronto.ca/explore-enjoy/parks-recreation/places-spaces/parks-and-recreation-facilities/location/?id=629,443 Arlington Ave  ,2026-05-04T06:28:51,Cedarvale Park Tennis Court Drinking Water Station,None,None,1,"{""coordinates"": [[-79.43242818, 43.692799900000004]], ""type"": ""MultiPoint""}",,,,,,,,,,,,,
528,629,78151,Cedarvale Park,Cedarvale Park Dog Off-Leash Area Drinking Water Station,"Drinking Fountain, Dog Fountain",Located inside the dog off-leash area just north of the west gate.,https://www.toronto.ca/explore-enjoy/parks-recreation/places-spaces/parks-and-recreation-facilities/location/?id=629,443 Arlington Ave  ,2026-05-04T06:28:43,Cedarvale Park Dog Off-Leash Area Drinking Water Station,None,None,1,"{""coordinates"": [[-79.429654, 43.69202577]], ""type"": ""MultiPoint""}",,,,,,,,,,,,,
529,629,78119,Cedarvale Park,Cedarvale Park Bottle Filling Station,Bottle Filling Station,Located on the pathway north of the west gate into the dog off-leash area.,https://www.toronto.ca/explore-enjoy/parks-recreation/places-spaces/parks-and-recreation-facilities/location/?id=629,443 Arlington Ave  ,2026-05-04T06:28:36,Cedarvale Park Bottle Filling Station,None,None,1,"{""coordinates"": [[-79.42971036, 43.69202406]], ""type"": ""MultiPoint""}",,,,,,,,,,,,,
530,318,2658,Prince Edward Viaduct Parkette,Prince Edward Viaduct Parkette Drinking Fountain,Drinking Fountain,Located along the west side of the parkette.,https://www.toronto.ca/explore-enjoy/parks-recreation/places-spaces/parks-and-recreation-facilities/location/?id=318,725 Bloor St  E ,2026-05-04T06:27:46,Prince Edward Viaduct Parkette Drinking Fountain,None,None,1,"{""coordinates"": [[-79.36830608000001, 43.674333250000004]], ""type"": ""MultiPoint""}",,,,,,,,,,,,,
531,157,2438,Cassels Avenue Playground,Cassels Avenue Playground Drinking Fountain,Drinking Fountain,Located at the south side of the splash pad. ,https://www.toronto.ca/explore-enjoy/parks-recreation/places-spaces/parks-and-recreation-facilities/location/?id=157,69 Cassels Ave  ,2026-05-04T06:27:21,Cassels Avenue Playground Drinking Fountain,None,None,1,"{""coordinates"": [[-79.30668354000001, 43.67995139000001]], ""type"": ""MultiPoint""}",,,,,,,,,,,,,
532,2723,79139,Spadina Park,Spadina Park Drinking Water Station,"Bottle Filling Station, Drinking Fountain",Located on the south end of the park before the stairs coming off Davenport Road entrance. ,https://www.toronto.ca/explore-enjoy/parks-recreation/places-spaces/parks-and-recreation-facilities/location/?id=2723,486 Davenport Rd  ,2026-05-04T06:26:40,Spadina Park Drinking Water Station,None,None,1,"{""coordinates"": [[-79.40828063, 43.67790085]], ""type"": ""MultiPoint""}",,,,,,,,,,,,,
533,2708,2442,Canoe Landing Park,Canoe Landing Park Drinking Fountain,Drinking Fountain,Located on the pathway north of the sports field and east of the playground.,https://www.toronto.ca/explore-enjoy/parks-recreation/places-spaces/parks-and-recreation-facilities/location/?id=2708,95 Fort York Blvd  ,2026-05-04T06:26:19,Canoe Landing Park Drinking Fountain,None,None,1,"{""coordinates"": [[-79.39645661, 43.63912777]], ""type"": ""MultiPoint""}",,,,,,,,,,,,,
534,1053,2445,Campbell Avenue Park,Campbell Avenue Park Drinking Fountain,Drinking Fountain,Located on the west side of the wading pool. ,https://www.toronto.ca/explore-enjoy/parks-recreation/places-spaces/parks-and-recreation-facilities/location/?id=1053,225 Campbell Ave  ,2026-05-04T06:26:06,Campbell Avenue Playground Drinking Fountain,None,None,1,"{""coordinates"": [[-79.44873637, 43.66329898]], ""type"": ""MultiPoint""}",,,,,,,,,,,,,
535,335,2449,Budapest Park,Budapest Park Wading Pool Drinking Fountain,Drinking Fountain,Located on the north side of the wading pool.,https://www.toronto.ca/explore-enjoy/parks-recreation/places-spaces/parks-and-recreation-facilities/location/?id=335,1575 Lake Shore Blvd  W ,2026-05-04T06:25:44,Budapest Park Wading Pool Drinking Fountain,None,None,1,"{""coordinates"": [[-79.45299299, 43.637439549999996]], ""type"": ""MultiPoint""}",,,,,,,,,,,,,
536,335,102127,Budapest Park,Budapest Park East Drinking Water Station,"Bottle Filling Station, Drinking Fountain",Located at the east end of the park on the Martin Goodman Trail opposite from the pedestrian bridge over the highway. ,https://www.toronto.ca/explore-enjoy/parks-recreation/places-spaces/parks-and-recreation-facilities/location/?id=335,1575 Lake Shore Blvd  W ,2026-05-04T06:25:35,Budapest Park East Drinking Water Station,None,None,1,"{""coordinates"": [[-79.44762288999999, 43.63687158]], ""type"": ""MultiPoint""}",,,,,,,,,,,,,
537,263,79245,Bellevue Square Park,Bellevue Square Park Drinking Water Station,"Bottle Filling Station, Drinking Fountain",Located on the pathway at the west end of the playground.,https://www.toronto.ca/explore-enjoy/parks-recreation/places-spaces/parks-and-recreation-facilities/location/?id=263,5 Bellevue Ave  ,2026-05-04T06:25:06,Bellevue Square Park Drinking Water Station,None,None,1,"{""coordinates"": [[-79.40272571, 43.65346048]], ""type"": ""MultiPoint""}",,,,,,,,,,,,,
538,73,102160,Art Eggleton Park,Art Eggleton Park Drinking Water Station,"Drinking Fountain, Dog Fountain",Located next to wading pool.,https://www.toronto.ca/explore-enjoy/parks-recreation/places-spaces/parks-and-recreation-facilities/location/?id=73,323 Harbord St  ,2026-05-04T06:24:48,Art Eggleton Park Drinking Water Station,None,None,1,"{""coordinates"": [[-79.41836545, 43.65906229]], ""type"": ""MultiPoint""}",,,,,,,,,,,,,
539,57,2494,Anniversary Park,Anniversary Park Drinking Fountain,Drinking Fountain,Located on the pathway behind the transit shelter.,https://www.toronto.ca/explore-enjoy/parks-recreation/places-spaces/parks-and-recreation-facilities/location/?id=57,410 Parliament St  ,2026-05-04T06:24:27,Anniversary Park Drinking Fountain,None,None,1,"{""coordinates"": [[-79.36728905, 43.662119360000005]], ""type"": ""MultiPoint""}",,,,,,,,,,,,,
540,359,2509,Albert Crosland Park,Albert Crosland Park Drinking Fountain,Drinking Fountain,Located on the pathway south of the wading pool and playground.,https://www.toronto.ca/explore-enjoy/parks-recreation/places-spaces/parks-and-recreation-facilities/location/?id=359,15 Saunders Ave  ,2026-05-04T06:24:09,Albert Crosland Park Drinking Fountain,None,None,1,"{""coordinates"": [[-79.43957603999999, 43.64063292]], ""type"": ""MultiPoint""}",,,,,,,,,,,,,
541,2732,2745,Alexander The Great Parkette,Alexander the Great Parkette Drinking Fountain,Drinking Fountain,Located at the south end of the park near the corner of Logan Avenue and Danforth Avenue.,https://www.toronto.ca/explore-enjoy/parks-recreation/places-spaces/parks-and-recreation-facilities/location/?id=2732, Logan Ave  ,2026-05-04T06:23:48,Alexander the Great Parkette Drinking Fountain,None,None,1,"{""coordinates"": [[-79.34947102, 43.678209839999994]], ""type"": ""MultiPoint""}",,,,,,,,,,,,,
542,31,70962,Alexandra Park,Alexandra Park Bottle Filling Station,Bottle Filling Station,Located at the south end of the splash pad.,https://www.toronto.ca/explore-enjoy/parks-recreation/places-spaces/parks-and-recreation-facilities/location/?id=31,275 Bathurst St  ,2026-05-04T06:23:09,Alexandra Park Bottle Filling Station,None,None,1,"{""coordinates"": [[-79.40381478, 43.65070643]], ""type"": ""MultiPoint""}",,,,,,,,,,,,,
543,20,2504,Alexander Street Parkette,Alexander Street Parkette Drinking Fountain,Drinking Fountain,Located on the west pathway near Alexander Street.,https://www.toronto.ca/explore-enjoy/parks-recreation/places-spaces/parks-and-recreation-facilities/location/?id=20,16 Alexander St  ,2026-05-04T06:22:52,Alexander Street Parkette Drinking Fountain,None,None,1,"{""coordinates"": [[-79.38278715, 43.66321869]], ""type"": ""MultiPoint""}",,,,,,,,,,,,,
544,1882,2326,Fairfield Park,Fairfield Park Drinking Fountain,Drinking Fountain,Located on the south side of the pathway 45 metres from the Islington Avenue park entrance.,https://www.toronto.ca/explore-enjoy/parks-recreation/places-spaces/parks-and-recreation-facilities/location/?id=1882,90 Lothian Ave  ,2026-05-01T09:47:53,Fairfield Park Drinking Fountain,None,None,1,"{""coordinates"": [[-79.51998102, 43.63813441]], ""type"": ""MultiPoint""}",,,,,,,,,,,,,
545,713,116979,Westlake Park,Westlake Park Playground Drinking Water Station,"Bottle Filling Station, Drinking Fountain, Dog Fountain",Located northeast of the playground along the pathway.,https://www.toronto.ca/explore-enjoy/parks-recreation/places-spaces/parks-and-recreation-facilities/location/?id=713,86 Jasper Ave,2026-05-01T07:39:45,Westlake Park Drinking Water Station,None,None,1,"{""coordinates"": [[-79.48617175, 43.68205788]], ""type"": ""MultiPoint""}",,,,,,,,,,,,,
546,610,2353,Wallace C. Swanek Park,Wallace C. Swanek Park Playground Drinking Fountain,Drinking Fountain,Located north of the playground along the pathway. ,https://www.toronto.ca/explore-enjoy/parks-recreation/places-spaces/parks-and-recreation-facilities/location/?id=610,241 Gary Dr  ,2026-05-01T07:39:27,Wallace C. Swanek Park Playground Drinking Fountain,None,None,1,"{""coordinates"": [[-79.5226819, 43.708698229999996]], ""type"": ""MultiPoint""}",,,,,,,,,,,,,
547,611,2381,Cruickshank Park,Cruickshank Park Drinking Fountain,Drinking Fountain,Located on the grassy area near the pathway west of the playground.,https://www.toronto.ca/explore-enjoy/parks-recreation/places-spaces/parks-and-recreation-facilities/location/?id=611,2196 Weston Rd  ,2026-05-01T07:19:13,Cruickshank Park Drinking Fountain,None,None,1,"{""coordinates"": [[-79.52576547, 43.70240808]], ""type"": ""MultiPoint""}",,,,,,,,,,,,,
548,241,2520,Trethewey Park West,Trethewey Park West Playground Drinking Fountain,Drinking Fountain,Located east of the playground on the south side of the pathway. ,https://www.toronto.ca/explore-enjoy/parks-recreation/places-spaces/parks-and-recreation-facilities/location/?id=241,790 Queen St  W ,2026-05-01T07:18:33,Trethewey Park West Playground Drinking Fountain,None,None,1,"{""coordinates"": [[-79.49853546000001, 43.69678103]], ""type"": ""MultiPoint""}",,,,,,,,,,,,,
549,829,2426,Charles Brereton Park,Charles Brereton Park Drinking Fountain,Drinking Fountain,Located on the pathway at the west end of the park.,https://www.toronto.ca/explore-enjoy/parks-recreation/places-spaces/parks-and-recreation-facilities/location/?id=829,306 Oakwood Ave  ,2026-05-01T07:16:36,Charles Brereton Park Drinking Fountain,Planned Closure,None,0,"{""coordinates"": [[-79.43854637000001, 43.68503664]], ""type"": ""MultiPoint""}",,,,,,,,,,,,,
550,606,74582,Bert Robinson Park,Bert Robinson Park Drinking Fountain,Drinking Fountain,Located on the grassy area north of the sports field and close to Gilbert Avenue.,https://www.toronto.ca/explore-enjoy/parks-recreation/places-spaces/parks-and-recreation-facilities/location/?id=606,400 Caledonia Rd  ,2026-05-01T07:15:05,Bert Robinson Park Drinking Fountain,None,None,1,"{""coordinates"": [[-79.46186395, 43.68849002]], ""type"": ""MultiPoint""}",,,,,,,,,,,,,
551,834,102023,Charles Caccia Park,Charles Caccia Park Drinking Water Station,"Bottle Filling Station, Drinking Fountain",Located on the pathway between the splash pad and the playground.,https://www.toronto.ca/explore-enjoy/parks-recreation/places-spaces/parks-and-recreation-facilities/location/?id=834,348 Nairn Ave  ,2026-05-01T07:14:26,Charles Caccia Park Drinking Water Station,None,None,1,"{""coordinates"": [[-79.4539768, 43.6883614]], ""type"": ""MultiPoint""}",,,,,,,,,,,,,
552,840,2330,Eringate Park,Eringate Park South Baseball Diamond Drinking Fountain,Drinking Fountain,Located on the west side of the south baseball diamond. ,https://www.toronto.ca/explore-enjoy/parks-recreation/places-spaces/parks-and-recreation-facilities/location/?id=840,121 Wellesworth Dr  ,2026-05-01T06:25:14,Eringate Park South Baseball Diamond Drinking Fountain,None,None,1,"{""coordinates"": [[-79.58139543, 43.66160494]], ""type"": ""MultiPoint""}",,,,,,,,,,,,,
553,1480,103283,Birunthan Park,Birunthan Park Basketball Court Bottle Filling Station,Bottle Filling Station,Located east of the basketball courts along the pathway.,https://www.toronto.ca/explore-enjoy/parks-recreation/places-spaces/parks-and-recreation-facilities/location/?id=1480,31 Dragonfly Cres,2026-04-30T14:34:41,Birunthan Park Basketball Court Bottle Filling Station,None,None,1,"{""coordinates"": [[-79.22559328999999, 43.822012650000005]], ""type"": ""MultiPoint""}",,,,,,,,,,,,,
554,19,2656,Rosetta McClain Gardens,Rosetta McClain Gardens Drinking Fountain,Drinking Fountain,Located on the east side of the pathway leading from the north end of the washroom building.,https://www.toronto.ca/explore-enjoy/parks-recreation/places-spaces/parks-and-recreation-facilities/location/?id=19,5 Glen Everest Rd  ,2026-04-30T14:30:01,Rosetta McClain Gardens Drinking Fountain,None,None,1,"{""coordinates"": [[-79.25584174999999, 43.69683527]], ""type"": ""MultiPoint""}",,,,,,,,,,,,,
555,956,13285,Mel Lastman Square,Mel Lastman Square Upper Level Drinking Fountain,Drinking Fountain,Located on the upper level of the north staircase.,https://www.toronto.ca/explore-enjoy/parks-recreation/places-spaces/parks-and-recreation-facilities/location/?id=956,5100 Yonge St  ,2026-04-30T08:50:04,Mel Lastman Square Upper Level Drinking Fountain,None,None,1,"{""coordinates"": [[-79.41365127, 43.767917499999996]], ""type"": ""MultiPoint""}",,,,,,,,,,,,,
556,956,102276,Mel Lastman Square,Mel Lastman Square Lower Level Drinking Fountain,Drinking Fountain,Located on the lower level east of the reflecting pond.,https://www.toronto.ca/explore-enjoy/parks-recreation/places-spaces/parks-and-recreation-facilities/location/?id=956,5100 Yonge St  ,2026-04-30T08:49:44,Mel Lastman Square Lower Level Drinking Fountain,None,None,1,"{""coordinates"": [[-79.41369970000001, 43.76789979]], ""type"": ""MultiPoint""}",,,,,,,,,,,,,
557,711,102056,Old Orchard Park,Old Orchard Park Playground Bottle Filling Station,Bottle Filling Station,Located south of the playground along the pathway.,https://www.toronto.ca/explore-enjoy/parks-recreation/places-spaces/parks-and-recreation-facilities/location/?id=711,465 Old Orchard Grv  ,2026-04-30T08:49:33,Old Orchard Park Playground Bottle Filling Station,None,None,1,"{""coordinates"": [[-79.42189214000001, 43.730410140000004]], ""type"": ""MultiPoint""}",,,,,,,,,,,,,
558,774,80165,Wenderly Park,Wenderly Park Baseball Diamond Bottle Filling Station,Bottle Filling Station,Located north of the baseball diamond along the pathway. ,https://www.toronto.ca/explore-enjoy/parks-recreation/places-spaces/parks-and-recreation-facilities/location/?id=774,89 Wenderly Dr  ,2026-04-30T08:49:23,Wenderly Park Baseball Diamond Bottle Filling Station,None,None,1,"{""coordinates"": [[-79.44611976, 43.71197192]], ""type"": ""MultiPoint""}",,,,,,,,,,,,,
559,1476,102211,York Mills Valley Park,York Mills Valley Park Tennis Court Drinking Fountain,Drinking Fountain,Located outdoor the tennis clubhouse on the northwest corner.,https://www.toronto.ca/explore-enjoy/parks-recreation/places-spaces/parks-and-recreation-facilities/location/?id=1476,3865 Yonge St  ,2026-04-30T08:49:14,York Mills Valley Park Tennis Court Drinking Fountain,None,None,1,"{""coordinates"": [[-79.40507326, 43.73994774]], ""type"": ""MultiPoint""}",,,,,,,,,,,,,
560,1476,2686,York Mills Valley Park,York Mills Valley Park Playground Drinking Fountain,Drinking Fountain,Located north of the playground along the pathway.,https://www.toronto.ca/explore-enjoy/parks-recreation/places-spaces/parks-and-recreation-facilities/location/?id=1476,3865 Yonge St  ,2026-04-30T08:49:02,York Mills Valley Park Playground Drinking Fountain,None,None,1,"{""coordinates"": [[-79.40378171, 43.739633530000006]], ""type"": ""MultiPoint""}",,,,,,,,,,,,,
561,448,102055,Phil Givens Park,Phil Givens Park Playground Bottle Filling Station,Bottle Filling Station,Located south of the playground along the pathway.,https://www.toronto.ca/explore-enjoy/parks-recreation/places-spaces/parks-and-recreation-facilities/location/?id=448,99 Caribou Rd  ,2026-04-30T08:48:50,Phil Givens Park Playground Bottle Filling Station,None,None,1,"{""coordinates"": [[-79.42079423999999, 43.718896380000004]], ""type"": ""MultiPoint""}",,,,,,,,,,,,,
562,2753,102059,Duplex Parkette,Duplex Parkette East Drinking Water Station,"Bottle Filling Station, Drinking Fountain",Located on the pathway west of the Yonge Street park entrance.,https://www.toronto.ca/explore-enjoy/parks-recreation/places-spaces/parks-and-recreation-facilities/location/?id=2753,2906 Yonge St  ,2026-04-30T08:48:41,Duplex Parkette East Drinking Water Station,None,None,1,"{""coordinates"": [[-79.40186736, 43.721467870000005]], ""type"": ""MultiPoint""}",,,,,,,,,,,,,
563,982,13292,Ranee Park,Ranee Park Playground Drinking Fountain,Drinking Fountain,"Located along the pathway, east of the playground.",https://www.toronto.ca/explore-enjoy/parks-recreation/places-spaces/parks-and-recreation-facilities/location/?id=982,326 Ranee Ave  ,2026-04-30T08:48:31,Ranee Park Playground Drinking Fountain,None,None,1,"{""coordinates"": [[-79.45356199000001, 43.72282616]], ""type"": ""MultiPoint""}",,,,,,,,,,,,,
564,735,2688,Prince Charles Park,Prince Charles Park Drinking Fountain,Drinking Fountain,"Located along the pathway, south of the playground.",https://www.toronto.ca/explore-enjoy/parks-recreation/places-spaces/parks-and-recreation-facilities/location/?id=735,36 Prince Charles Dr  ,2026-04-30T08:48:19,Prince Charles Park Drinking Fountain,None,None,1,"{""coordinates"": [[-79.43587797, 43.72236022]], ""type"": ""MultiPoint""}",,,,,,,,,,,,,
565,2,2462,Bluffer's Park,Bluffer's Park West Pavillion Drinking Fountain,Drinking Fountain,Located on the pathway on the north side of the west washroom.,https://www.toronto.ca/explore-enjoy/parks-recreation/places-spaces/parks-and-recreation-facilities/location/?id=2,1 Brimley Rd  S ,2026-04-29T14:40:25,Bluffer's Park West Pavillion Drinking Fountain,None,None,1,"{""coordinates"": [[-79.23496781, 43.70625296]], ""type"": ""MultiPoint""}",,,,,,,,,,,,,
566,2541,121925,Toronto Islands - Hanlan's Point,Toronto Islands - Hanlan's Point Picnic Site 111 Water Tap,Water Tap,"Located east of Picnic Site #111, along the pathway.",https://www.toronto.ca/explore-enjoy/parks-recreation/places-spaces/parks-and-recreation-facilities/location/?id=2541,9 Queens Quay  W,2026-04-29T10:57:59,Toronto Islands - Hanlan's Point Picnic Site 111 Water Tap,Under Construction,replacement scheduled 2026,0,"{""coordinates"": [[-79.39028264, 43.62169997]], ""type"": ""MultiPoint""}",,,,,,,,,,,,,
567,2247,102048,Dane Parkette,Dane Parkette Drinking Water Station,"Bottle Filling Station, Drinking Fountain, Dog Fountain",Located on the pathway southeast from the playground.,https://www.toronto.ca/explore-enjoy/parks-recreation/places-spaces/parks-and-recreation-facilities/location/?id=2247,21 Dane Ave  ,2026-04-29T07:50:02,Dane Parkette Drinking Water Station,None,None,1,"{""coordinates"": [[-79.45302196, 43.71559651]], ""type"": ""MultiPoint""}",,,,,,,,,,,,,
568,1026,102040,Sheppard East Park,Sheppard East Park Playground Bottle Filling Station,Bottle Filling Station,Located west of the playground along the pathway.,https://www.toronto.ca/explore-enjoy/parks-recreation/places-spaces/parks-and-recreation-facilities/location/?id=1026,229 Glendora Ave  ,2026-04-29T07:49:43,Sheppard East Park Playground Bottle Filling Station,None,None,1,"{""coordinates"": [[-79.39745995, 43.76422964]], ""type"": ""MultiPoint""}",,,,,,,,,,,,,
569,425,102008,Leaside Park,Leaside Park Drinking Water Station,"Bottle Filling Station, Drinking Fountain",Located outside on the west side of the washroom building.,https://www.toronto.ca/explore-enjoy/parks-recreation/places-spaces/parks-and-recreation-facilities/location/?id=425,5 Leaside Park Dr  ,2026-04-29T07:48:58,Leaside Park Drinking Water Station,None,None,1,"{""coordinates"": [[-79.35011806, 43.70240079]], ""type"": ""MultiPoint""}",,,,,,,,,,,,,
570,423,13291,R.V. Burgess Park,R.V. Burgess Park Drinking Fountain,Drinking Fountain,"Located east of the outdoor oven, along the pathway.",https://www.toronto.ca/explore-enjoy/parks-recreation/places-spaces/parks-and-recreation-facilities/location/?id=423,46 Thorncliffe Park Dr  ,2026-04-29T07:48:44,R.V. Burgess Park Drinking Fountain,None,None,1,"{""coordinates"": [[-79.34339909, 43.70352431]], ""type"": ""MultiPoint""}",,,,,,,,,,,,,
571,775,13303,Wigmore Park,Wigmore Park Playground Drinking Fountain,Drinking Fountain,Located east of the playground along the pathway. ,https://www.toronto.ca/explore-enjoy/parks-recreation/places-spaces/parks-and-recreation-facilities/location/?id=775,106 Wigmore Dr  ,2026-04-29T07:48:21,Wigmore Park Playground Drinking Fountain,None,None,1,"{""coordinates"": [[-79.31291647, 43.7308369]], ""type"": ""MultiPoint""}",,,,,,,,,,,,,
572,2194,97126,Dr. Daniel Hill Park,Dr. Daniel Hill Park Bottle Filling Station,Bottle Filling Station,Located east of the playground on the west side of the pathway. ,https://www.toronto.ca/explore-enjoy/parks-recreation/places-spaces/parks-and-recreation-facilities/location/?id=2194,25 Cassandra Blvd  ,2026-04-29T07:48:07,Dr. Daniel Hill Park Bottle Filling Station,None,None,1,"{""coordinates"": [[-79.32786457, 43.74928439]], ""type"": ""MultiPoint""}",,,,,,,,,,,,,
573,215,2455,Broadlands Park,Broadlands Park Drinking Fountain,Drinking Fountain,Located at the pathway intersection east of the tennis courts.,https://www.toronto.ca/explore-enjoy/parks-recreation/places-spaces/parks-and-recreation-facilities/location/?id=215,19 Castlegrove Blvd  ,2026-04-29T07:47:49,Broadlands Park Drinking Fountain,None,None,1,"{""coordinates"": [[-79.32149339, 43.74569434]], ""type"": ""MultiPoint""}",,,,,,,,,,,,,
574,2178,2454,Brookbanks Park,Brookbanks Park Fenside Drive Drinking Fountain,Drinking Fountain,Located on the pathway at the entrance on the corner of Fenside Drive and Brookbanks Drive.,https://www.toronto.ca/explore-enjoy/parks-recreation/places-spaces/parks-and-recreation-facilities/location/?id=2178,75 Brookbanks Dr  ,2026-04-29T07:47:37,Brookbanks Park Fenside Drive Drinking Fountain,None,None,1,"{""coordinates"": [[-79.32641906, 43.75916178999999]], ""type"": ""MultiPoint""}",,,,,,,,,,,,,
575,2037,2220,Jack Goodlad Park,Jack Goodlad Park Drinking Fountain,Drinking Fountain,Located on the outside of the washroom building next to the basketball court.,https://www.toronto.ca/explore-enjoy/parks-recreation/places-spaces/parks-and-recreation-facilities/location/?id=2037,929 Kennedy Rd  ,2026-04-29T07:18:34,Jack Goodlad Park Drinking Fountain,None,None,1,"{""coordinates"": [[-79.27091712, 43.742333190000004]], ""type"": ""MultiPoint""}",,,,,,,,,,,,,
576,2303,18692,Marble Hill Parkette,Marble Hill Parkette Drinking Fountain,Drinking Fountain,Located outside the playground fence.,https://www.toronto.ca/explore-enjoy/parks-recreation/places-spaces/parks-and-recreation-facilities/location/?id=2303,22 Ennerdale Rd  ,2026-04-28T14:03:08,Marble Hill Parkette Drinking Fountain,Under Construction,None,0,"{""coordinates"": [[-79.45074211, 43.68739701]], ""type"": ""MultiPoint""}",,,,,,,,,,,,,
577,2147,13245,Bishop Park,Bishop Park Drinking Fountain,Drinking Fountain,Located on the pathway north of the playground.,https://www.toronto.ca/explore-enjoy/parks-recreation/places-spaces/parks-and-recreation-facilities/location/?id=2147,45 Bishop Ave  ,2026-04-28T13:56:40,Bishop Park Drinking Fountain,None,None,1,"{""coordinates"": [[-79.41249639, 43.781859739999994]], ""type"": ""MultiPoint""}",,,,,,,,,,,,,
578,3555,59943,Lee Lifeson Art Park,Lee Lifeson Art Park Drinking Fountain,Drinking Fountain,"Located to the east of the washroom building, north of the amphitheatre.",https://www.toronto.ca/explore-enjoy/parks-recreation/places-spaces/parks-and-recreation-facilities/location/?id=3555,45 Princess Ave   ,2026-04-28T13:56:24,Lee Lifeson Art Park Drinking Fountain,None,None,1,"{""coordinates"": [[-79.40981312000001, 43.76886621]], ""type"": ""MultiPoint""}",,,,,,,,,,,,,
579,2404,2204,Kenneth Park,Kenneth Park Playground Drinking Fountain,Drinking Fountain,Located west of the playground.,https://www.toronto.ca/explore-enjoy/parks-recreation/places-spaces/parks-and-recreation-facilities/location/?id=2404,417 Kenneth Ave  ,2026-04-28T13:56:13,Kenneth Park Playground Drinking Fountain,None,None,1,"{""coordinates"": [[-79.41075504000001, 43.77723326]], ""type"": ""MultiPoint""}",,,,,,,,,,,,,
580,729,18703,Pinto Park,Pinto Park Drinking Fountain,Drinking Fountain,"Located at the north end of the park, along Pinto Drive.",https://www.toronto.ca/explore-enjoy/parks-recreation/places-spaces/parks-and-recreation-facilities/location/?id=729,23 Pinto Dr  ,2026-04-28T13:55:47,Pinto Park Drinking Fountain,None,None,1,"{""coordinates"": [[-79.34051668000001, 43.79145432]], ""type"": ""MultiPoint""}",,,,,,,,,,,,,
581,2370,2271,Hickorynut Parkette,Hickorynut Parkette Drinking Fountain,Drinking Fountain,Located on the east side of the main pathway.,https://www.toronto.ca/explore-enjoy/parks-recreation/places-spaces/parks-and-recreation-facilities/location/?id=2370,87 Hickorynut Dr  ,2026-04-28T13:55:16,Hickorynut Parkette Drinking Fountain,None,None,1,"{""coordinates"": [[-79.32645345, 43.77508504]], ""type"": ""MultiPoint""}",,,,,,,,,,,,,
582,2713,103207,Dallington Park,Dallington Park Playground Bottle Filling Station,Bottle Filling Station,Located south of the playground along the pathway.,https://www.toronto.ca/explore-enjoy/parks-recreation/places-spaces/parks-and-recreation-facilities/location/?id=2713,32 Glentworth Rd,2026-04-28T13:55:01,Dallington Park Playground Bottle Filling Station,None,None,1,"{""coordinates"": [[-79.35477144, 43.77598721]], ""type"": ""MultiPoint""}",,,,,,,,,,,,,
583,494,2401,Clydesdale Park,Clydesdale Park Drinking Fountain,Drinking Fountain,Located on the west side of the clubhouse. ,https://www.toronto.ca/explore-enjoy/parks-recreation/places-spaces/parks-and-recreation-facilities/location/?id=494,116 Clydesdale Dr  ,2026-04-28T13:54:47,Clydesdale Park Drinking Fountain,None,None,1,"{""coordinates"": [[-79.329408, 43.78343115]], ""type"": ""MultiPoint""}",,,,,,,,,,,,,
584,3635,60583,Atria South Park,Atria South Park Bottle Filling Station,Bottle Filling Station,Located in the middle of the park on the east side of the pathway intersection.,https://www.toronto.ca/explore-enjoy/parks-recreation/places-spaces/parks-and-recreation-facilities/location/?id=3635,63 Ann O'reilly Rd   ,2026-04-28T13:54:30,Atria South Park Bottle Filling Station,None,None,1,"{""coordinates"": [[-79.32880746000001, 43.77368502]], ""type"": ""MultiPoint""}",,,,,,,,,,,,,
585,3741,102133,Atria North Park,Atria North Park Drinking Water Station,"Bottle Filling Station, Drinking Fountain",Located in the middle of the playground.,https://www.toronto.ca/explore-enjoy/parks-recreation/places-spaces/parks-and-recreation-facilities/location/?id=3741,75 Atria Blvd   ,2026-04-28T13:54:21,Atria North Park Drinking Water Station,None,None,1,"{""coordinates"": [[-79.32904742999999, 43.77431291]], ""type"": ""MultiPoint""}",,,,,,,,,,,,,
586,238,2513,Trinity Square,Trinity Square Drinking Fountain,Drinking Fountain,Located in the centre of the square. ,https://www.toronto.ca/explore-enjoy/parks-recreation/places-spaces/parks-and-recreation-facilities/location/?id=238,19 Trinity Sq  ,2026-04-28T06:29:21,Trinity Square Drinking Fountain,None,None,1,"{""coordinates"": [[-79.38192647, 43.654532689999996]], ""type"": ""MultiPoint""}",,,,,,,,,,,,,
587,461,78120,Wychwood Barns Park,Wychwood Barns Park Volleyball Court Drinking Fountain,Drinking Fountain,Located east of the outdoor volleyball court. ,https://www.toronto.ca/explore-enjoy/parks-recreation/places-spaces/parks-and-recreation-facilities/location/?id=461,76 Wychwood Ave  ,2026-04-28T06:29:02,Wychwood Barns Park Volleyball Court Drinking Fountain,None,None,1,"{""coordinates"": [[-79.4242445, 43.679798039999994]], ""type"": ""MultiPoint""}",,,,,,,,,,,,,
588,461,18718,Wychwood Barns Park,Wychwood Barns Park Playground Drinking Fountain,Drinking Fountain,Located north of the playground along the pathway.,https://www.toronto.ca/explore-enjoy/parks-recreation/places-spaces/parks-and-recreation-facilities/location/?id=461,76 Wychwood Ave  ,2026-04-28T06:28:53,Wychwood Barns Park Playground Drinking Fountain,None,None,1,"{""coordinates"": [[-79.42306414000001, 43.68014826]], ""type"": ""MultiPoint""}",,,,,,,,,,,,,
589,461,18717,Wychwood Barns Park,Wychwood Barns Park Dog Off-Leash Area Drinking Water Station,"Drinking Fountain, Dog Fountain",Located inside the dog off-leash area by the north end entrance.,https://www.toronto.ca/explore-enjoy/parks-recreation/places-spaces/parks-and-recreation-facilities/location/?id=461,76 Wychwood Ave  ,2026-04-28T06:28:44,Wychwood Barns Park Dog Off-Leash Area Drinking Water Station,None,None,1,"{""coordinates"": [[-79.42417979999999, 43.67949329]], ""type"": ""MultiPoint""}",,,,,,,,,,,,,
590,130,2161,Logan Avenue Parkette,Logan Avenue Parkette Drinking Water Station,"Drinking Fountain, Dog Fountain","Located south of the pathway, in the east section of the park.",https://www.toronto.ca/explore-enjoy/parks-recreation/places-spaces/parks-and-recreation-facilities/location/?id=130,916 Logan Ave  ,2026-04-28T06:28:20,Logan Avenue Parkette Drinking Water Station,None,None,1,"{""coordinates"": [[-79.35005075999999, 43.678685370000004]], ""type"": ""MultiPoint""}",,,,,,,,,,,,,
591,2476,2128,Melbourne Avenue Parkette,Melbourne Avenue Parkette Drinking Fountain,Drinking Fountain,Located on the west side of the pathway.,https://www.toronto.ca/explore-enjoy/parks-recreation/places-spaces/parks-and-recreation-facilities/location/?id=2476,7 Mebourne Ave  ,2026-04-28T06:27:59,Melbourne Avenue Parkette Drinking Fountain,None,None,1,"{""coordinates"": [[-79.42858531, 43.64035932]], ""type"": ""MultiPoint""}",,,,,,,,,,,,,
592,2539,61582,Paul E. Garfinkel Park,Paul E. Garfunkel Park Drinking Water Station,"Drinking Fountain, Dog Fountain",Located in the northeast corner of the park.,https://www.toronto.ca/explore-enjoy/parks-recreation/places-spaces/parks-and-recreation-facilities/location/?id=2539,1071 Queen St  W ,2026-04-28T06:27:43,Paul E. Garfunkel Park Drinking Water Station,None,None,1,"{""coordinates"": [[-79.4213083, 43.6435831]], ""type"": ""MultiPoint""}",,,,,,,,,,,,,
593,2197,102214,Julius Deutsch Park,Julius Deutsch Park Drinking Fountain,Drinking Fountain,Located at the corner of Huron Street and Cecil Street.,https://www.toronto.ca/explore-enjoy/parks-recreation/places-spaces/parks-and-recreation-facilities/location/?id=2197,40 Cecil St  ,2026-04-28T06:27:14,Julius Deutsch Park Drinking Fountain,None,None,1,"{""coordinates"": [[-79.39736985, 43.65656637]], ""type"": ""MultiPoint""}",,,,,,,,,,,,,
594,2339,102109,Glasgow Parkette,Glasgow Parkette Bottle Filling Station,Bottle Filling Station,Located at the north end of the park.,https://www.toronto.ca/explore-enjoy/parks-recreation/places-spaces/parks-and-recreation-facilities/location/?id=2339,11 Glasgow St  ,2026-04-28T06:26:48,Glasgow Parkette Bottle Filling Station,None,None,1,"{""coordinates"": [[-79.39847892, 43.65682852]], ""type"": ""MultiPoint""}",,,,,,,,,,,,,
595,268,2215,Joel Weeks Park,Joel Weeks Park Drinking Fountain,Drinking Fountain,Located next to the basketball court.,https://www.toronto.ca/explore-enjoy/parks-recreation/places-spaces/parks-and-recreation-facilities/location/?id=268,10 Thompson St  ,2026-04-28T06:26:26,Joel Weeks Park Drinking Fountain,None,None,1,"{""coordinates"": [[-79.35290861, 43.659424109999996]], ""type"": ""MultiPoint""}",,,,,,,,,,,,,
596,108,2345,East Lynn Park,East Lynn Park Wading Pool Drinking Water Station,"Bottle Filling Station, Drinking Fountain",Located at the south side of the wading pool.,https://www.toronto.ca/explore-enjoy/parks-recreation/places-spaces/parks-and-recreation-facilities/location/?id=108,1949 Danforth Ave  ,2026-04-28T06:26:04,East Lynn Park Wading Pool Drinking Water Station,None,None,1,"{""coordinates"": [[-79.31546696, 43.684199740000004]], ""type"": ""MultiPoint""}",,,,,,,,,,,,,
597,108,2344,East Lynn Park,East Lynn Park North Drinking Fountain,Drinking Fountain,Located on the pathway at the north end of the park from Danforth Avenue.,https://www.toronto.ca/explore-enjoy/parks-recreation/places-spaces/parks-and-recreation-facilities/location/?id=108,1949 Danforth Ave  ,2026-04-28T06:25:56,East Lynn Park North Drinking Fountain,None,None,1,"{""coordinates"": [[-79.31565828000001, 43.684880140000004]], ""type"": ""MultiPoint""}",,,,,,,,,,,,,
598,456,2309,Gamble Playground,Gamble Playground Drinking Fountain,Drinking Fountain,Located next to the splash pad.,https://www.toronto.ca/explore-enjoy/parks-recreation/places-spaces/parks-and-recreation-facilities/location/?id=456,150 Gamble Ave  ,2026-04-28T06:25:37,Gamble Playground Drinking Fountain,None,None,1,"{""coordinates"": [[-79.34697477, 43.691000450000004]], ""type"": ""MultiPoint""}",,,,,,,,,,,,,
599,1453,2437,Arena Gardens,Arena Gardens Drinking Water Station,"Drinking Fountain, Dog Fountain",Located on the pathway next to the playground.,https://www.toronto.ca/explore-enjoy/parks-recreation/places-spaces/parks-and-recreation-facilities/location/?id=1453,78 Mutual St  ,2026-04-28T06:25:11,Arena Gardens Drinking Water Station,None,None,1,"{""coordinates"": [[-79.37557654, 43.655943310000005]], ""type"": ""MultiPoint""}",,,,,,,,,,,,,
600,277,102128,Berczy Park,Berczy Park Bottle Filling Station,Bottle Filling Station,Located on the pathway near the corner of Scott Street and Front Street East.,https://www.toronto.ca/explore-enjoy/parks-recreation/places-spaces/parks-and-recreation-facilities/location/?id=277,35 Wellington St  E ,2026-04-28T06:24:45,Berczy Park Bottle Filling Station,None,None,1,"{""coordinates"": [[-79.37554906, 43.64776639]], ""type"": ""MultiPoint""}",,,,,,,,,,,,,
601,837,2558,Tom Riley Park,Tom Riley Park Baseball Diamond Drinking Fountain,Drinking Fountain,Located west of the baseball diamond.,https://www.toronto.ca/explore-enjoy/parks-recreation/places-spaces/parks-and-recreation-facilities/location/?id=837,4725 Dundas St  W ,2026-04-24T11:17:11,Tom Riley Park Baseball Diamond Drinking Fountain,None,None,1,"{""coordinates"": [[-79.52496258000001, 43.64883798]], ""type"": ""MultiPoint""}",,,,,,,,,,,,,
602,1074,102238,Humber Bay Park West,Humber Bay Park West Drinking Fountain,Drinking Fountain,Located in the grassy area east of the boat launch.,https://www.toronto.ca/explore-enjoy/parks-recreation/places-spaces/parks-and-recreation-facilities/location/?id=1074,2225 Lake Shore Blvd  W ,2026-04-24T11:13:23,Humber Bay Park West Drinking Fountain,None,None,1,"{""coordinates"": [[-79.47843707999999, 43.619130340000005]], ""type"": ""MultiPoint""}",,,,,,,,,,,,,
603,2725,102135,Toronto Islands - Centre Island,Toronto Islands - Centre Island Drinking Water Station,"Bottle Filling Station, Drinking Fountain",Located at the northeast end of Avenue of the Islands before the bridge to Island Park.,https://www.toronto.ca/explore-enjoy/parks-recreation/places-spaces/parks-and-recreation-facilities/location/?id=2725,9 Queens Quay  W ,2026-04-24T10:13:06,Toronto Islands - Centre Island Drinking Water Station,None,None,1,"{""coordinates"": [[-79.37363649, 43.618724]], ""type"": ""MultiPoint""}",,,,,,,,,,,,,
604,2541,2545,Toronto Islands - Hanlan's Point,Toronto Islands - Hanlan's Point Beach/Lakeshore Drinking Fountain,Drinking Fountain,Located west of the intersection of Beach Road and Lakeshore Avenue.,https://www.toronto.ca/explore-enjoy/parks-recreation/places-spaces/parks-and-recreation-facilities/location/?id=2541,9 Queens Quay  W ,2026-04-24T10:07:44,Toronto Islands - Hanlan's Point Beach/Lakeshore Drinking Fountain,None,None,1,"{""coordinates"": [[-79.38994207, 43.61501889]], ""type"": ""MultiPoint""}",,,,,,,,,,,,,
605,2541,2543,Toronto Islands - Hanlan's Point,Toronto Islands - Hanlan's Point Ferry Dock Drinking Fountain,Drinking Fountain,"Located on the east side of the pathway, south of the snack/concession building.",https://www.toronto.ca/explore-enjoy/parks-recreation/places-spaces/parks-and-recreation-facilities/location/?id=2541,9 Queens Quay  W ,2026-04-24T10:05:17,Toronto Islands - Hanlan's Point Ferry Dock Drinking Fountain,None,None,1,"{""coordinates"": [[-79.38950118, 43.627248630000004]], ""type"": ""MultiPoint""}",,,,,,,,,,,,,
606,2565,2663,Robert Hicks Park,Robert Hicks Playground Drinking Fountain,Drinking Fountain,Located west of the playground.,https://www.toronto.ca/explore-enjoy/parks-recreation/places-spaces/parks-and-recreation-facilities/location/?id=2565,39 Robert Hicks Dr  ,2026-04-24T08:12:24,Robert Hicks Playground Drinking Fountain,None,None,1,"{""coordinates"": [[-79.45356055, 43.77243471]], ""type"": ""MultiPoint""}",,,,,,,,,,,,,
607,685,13282,Lissom Park,Lissom Park Drinking Fountain,Drinking Fountain,Located in the grassy area northwest of the playground.,https://www.toronto.ca/explore-enjoy/parks-recreation/places-spaces/parks-and-recreation-facilities/location/?id=685,338 Homewood Ave  ,2026-04-24T08:12:06,Lissom Park Drinking Fountain,None,None,1,"{""coordinates"": [[-79.44151879, 43.78561546]], ""type"": ""MultiPoint""}",,,,,,,,,,,,,
608,660,13276,Hidden Trail Park,Hidden Trail Park Playground Drinking Water Station,"Drinking Fountain, Dog Fountain",Located north of the playground.,https://www.toronto.ca/explore-enjoy/parks-recreation/places-spaces/parks-and-recreation-facilities/location/?id=660,506 Hidden Trl  ,2026-04-24T08:11:46,Hidden Trail Park Playground Drinking Water Station,None,None,1,"{""coordinates"": [[-79.45890635, 43.78387793]], ""type"": ""MultiPoint""}",,,,,,,,,,,,,
609,337,102202,Earl Bales Park,Earl Bales Park South Drinking Fountain,Drinking Fountain,Located on the outside of the south washroom building.,https://www.toronto.ca/explore-enjoy/parks-recreation/places-spaces/parks-and-recreation-facilities/location/?id=337,4169 Bathurst St  ,2026-04-24T08:11:32,Earl Bales Park South Drinking Fountain,None,None,1,"{""coordinates"": [[-79.42789959000001, 43.75216887]], ""type"": ""MultiPoint""}",,,,,,,,,,,,,
610,337,102064,Earl Bales Park,Earl Bales Park Dog Off-Leash Area Bottle Filling Station,Bottle Filling Station,Located on the pathway north of the dog off-leash area. ,https://www.toronto.ca/explore-enjoy/parks-recreation/places-spaces/parks-and-recreation-facilities/location/?id=337,4169 Bathurst St  ,2026-04-24T08:11:16,Earl Bales Park Dog Off-Leash Area Bottle Filling Station,None,None,1,"{""coordinates"": [[-79.43067171, 43.75625163]], ""type"": ""MultiPoint""}",,,,,,,,,,,,,
611,337,13260,Earl Bales Park,Earl Bales Park Community Centre Drinking Fountain,Drinking Fountain,Located near the front entrance to the Community Centre.,https://www.toronto.ca/explore-enjoy/parks-recreation/places-spaces/parks-and-recreation-facilities/location/?id=337,4169 Bathurst St  ,2026-04-24T08:10:55,Earl Bales Park Community Centre Drinking Fountain,None,None,1,"{""coordinates"": [[-79.43411602, 43.75443945]], ""type"": ""MultiPoint""}",,,,,,,,,,,,,
612,490,103214,Elie Wiesel Park,Elie Wiesel Park Bottle Filling Station,Bottle Filling Station,Located on the south side of the washroom building.,https://www.toronto.ca/explore-enjoy/parks-recreation/places-spaces/parks-and-recreation-facilities/location/?id=490,30 Palm Dr,2026-04-24T08:10:40,Elie Wiesel Park Bottle Filling Station,None,None,1,"{""coordinates"": [[-79.43763294, 43.74603967]], ""type"": ""MultiPoint""}",,,,,,,,,,,,,
613,3693,102030,Stanley Greene Park,Stanley Greene Park Drinking Water Station,"Bottle Filling Station, Drinking Fountain",Located outside the washroom building east of the splash pad.,https://www.toronto.ca/explore-enjoy/parks-recreation/places-spaces/parks-and-recreation-facilities/location/?id=3693,55 Stanley Greene Blvd.   ,2026-04-24T08:10:13,Stanley Greene Park Drinking Water Station,None,None,1,"{""coordinates"": [[-79.47750329, 43.73415995]], ""type"": ""MultiPoint""}",,,,,,,,,,,,,
614,745,13293,Roding Park,Roding Park Outdoor Pool Drinking Fountain,Drinking Fountain,Located on the deck of the outdoor pool.,https://www.toronto.ca/explore-enjoy/parks-recreation/places-spaces/parks-and-recreation-facilities/location/?id=745,600 Roding St  ,2026-04-24T08:09:54,Roding Park Outdoor Pool Drinking Fountain,None,None,1,"{""coordinates"": [[-79.49232557, 43.72903246]], ""type"": ""MultiPoint""}",,,,,,,,,,,,,
615,637,2304,Giltspur Park,Giltspur Park Drinking Fountain,Drinking Fountain,Located between the playground and bocce courts.,https://www.toronto.ca/explore-enjoy/parks-recreation/places-spaces/parks-and-recreation-facilities/location/?id=637,85 Magellan Dr  ,2026-04-24T08:09:40,Giltspur Park Drinking Fountain,None,None,1,"{""coordinates"": [[-79.50818355999999, 43.7357612]], ""type"": ""MultiPoint""}",,,,,,,,,,,,,
616,762,2583,Strathburn Park,Strathburn Park Playground Drinking Fountain,Drinking Fountain,Located south of the playground.,https://www.toronto.ca/explore-enjoy/parks-recreation/places-spaces/parks-and-recreation-facilities/location/?id=762,55 Strathburn Blvd  ,2026-04-24T07:43:30,Strathburn Park Playground Drinking Fountain,None,None,1,"{""coordinates"": [[-79.532312, 43.72165493]], ""type"": ""MultiPoint""}",,,,,,,,,,,,,
617,293,102175,Willard Gardens Parkette,Willard Gardens Playground Parkette Drinking Fountain,Drinking Fountain,Located southeast of the playground across the cul-de-sac.,https://www.toronto.ca/explore-enjoy/parks-recreation/places-spaces/parks-and-recreation-facilities/location/?id=293,55 Mayfield Ave  ,2026-04-24T07:42:34,Willard Gardens Playground Parkette Drinking Fountain,None,None,1,"{""coordinates"": [[-79.48082889, 43.6475372]], ""type"": ""MultiPoint""}",,,,,,,,,,,,,
618,1923,2439,Cashman Park,Cashman Park Drinking Fountain,Drinking Fountain,Located on the grassy area in the south west part of the park.,https://www.toronto.ca/explore-enjoy/parks-recreation/places-spaces/parks-and-recreation-facilities/location/?id=1923,4 Langmuir Cres  ,2026-04-24T07:42:21,Cashman Park Drinking Fountain,None,None,1,"{""coordinates"": [[-79.49351457, 43.6554367]], ""type"": ""MultiPoint""}",,,,,,,,,,,,,
619,204,71083,Clarence Square Park,Clarence Square Park Monument Bottle Filling Station,Bottle Filling Station,Located on the grassy area east of the monument. ,https://www.toronto.ca/explore-enjoy/parks-recreation/places-spaces/parks-and-recreation-facilities/location/?id=204,25 Clarence Sq  ,2026-04-23T11:20:53,Clarence Square Park Monument Bottle Filling Station,None,None,1,"{""coordinates"": [[-79.39361702000001, 43.64418853]], ""type"": ""MultiPoint""}",,,,,,,,,,,,,
620,204,2410,Clarence Square Park,Clarence Square Park Dog Off-Leash Area South Drinking Water Station,"Bottle Filling Station, Dog Fountain",Located near the south fence half way between the East and West entrance gates to the dog off-leash area.,https://www.toronto.ca/explore-enjoy/parks-recreation/places-spaces/parks-and-recreation-facilities/location/?id=204,25 Clarence Sq  ,2026-04-23T11:20:45,Clarence Square Park Dog Off-Leash Area South Dog Fountain,None,None,1,"{""coordinates"": [[-79.39349889, 43.6438968]], ""type"": ""MultiPoint""}",,,,,,,,,,,,,
621,204,57602,Clarence Square Park,Clarence Square Park Dog Off-Leash Area North Dog Fountain,Dog Fountain,Located near the north entrance gate of the dog off-leash area. ,https://www.toronto.ca/explore-enjoy/parks-recreation/places-spaces/parks-and-recreation-facilities/location/?id=204,25 Clarence Sq  ,2026-04-23T11:20:36,Clarence Square Park Dog Off-Leash Area North Dog Fountain,None,None,1,"{""coordinates"": [[-79.39355145, 43.644028819999996]], ""type"": ""MultiPoint""}",,,,,,,,,,,,,
622,163,2433,Barbara Hall Park,Barbara Hall Park Splash Pad Drinking Water Station,"Drinking Fountain, Dog Fountain",Located on the pathway north of the splash pad.,https://www.toronto.ca/explore-enjoy/parks-recreation/places-spaces/parks-and-recreation-facilities/location/?id=163,519 Church St  ,2026-04-23T11:20:04,Barbara Hall Park Splash Pad Drinking Water Station,None,None,1,"{""coordinates"": [[-79.38063744, 43.66671255]], ""type"": ""MultiPoint""}",,,,,,,,,,,,,
623,163,102271,Barbara Hall Park,Barbara Hall Park Dog Off-Leash Area Dog Fountain,Dog Fountain,Located in the dog-off leash area.,https://www.toronto.ca/explore-enjoy/parks-recreation/places-spaces/parks-and-recreation-facilities/location/?id=163,519 Church St  ,2026-04-23T11:19:49,Barbara Hall Park Dog Off-Leash Area Dog Fountain,None,None,1,"{""coordinates"": [[-79.3799776, 43.66674421]], ""type"": ""MultiPoint""}",,,,,,,,,,,,,
624,196,2413,Christie Pits Park,Christie Pits Park Wading Pool Drinking Fountain,Drinking Fountain,Located on the west side of the wading pool. ,https://www.toronto.ca/explore-enjoy/parks-recreation/places-spaces/parks-and-recreation-facilities/location/?id=196,750 Bloor St  W ,2026-04-23T11:18:33,Christie Pits Park Wading Pool Drinking Fountain,None,None,1,"{""coordinates"": [[-79.42068425, 43.66441284]], ""type"": ""MultiPoint""}",,,,,,,,,,,,,
625,364,18665,Bobbie Rosenfeld Park,Bobbie Rosenfeld Park Drinking Fountain,Drinking Fountain,"Located next to the north garden bed, at the bottom of a staircase.",https://www.toronto.ca/explore-enjoy/parks-recreation/places-spaces/parks-and-recreation-facilities/location/?id=364,294 Bremner Blvd  ,2026-04-23T11:17:51,Bobbie Rosenfeld Park Drinking Fountain,None,None,1,"{""coordinates"": [[-79.38760005, 43.64214761]], ""type"": ""MultiPoint""}",,,,,,,,,,,,,
626,2023,2506,Aldwych Park,Aldwych Park Drinking Fountain,Drinking Fountain,Located on the east side of the splash pad. ,https://www.toronto.ca/explore-enjoy/parks-recreation/places-spaces/parks-and-recreation-facilities/location/?id=2023,134 Aldwych Ave  ,2026-04-23T11:17:06,Aldwych Park Drinking Fountain,None,None,1,"{""coordinates"": [[-79.34100640999999, 43.68492008]], ""type"": ""MultiPoint""}",,,,,,,,,,,,,
627,3660,75648,Aitken Place Park,Aitken Place Park Bottle Filling Station,Bottle Filling Station,Located on the west side of the park south of the playground.,https://www.toronto.ca/explore-enjoy/parks-recreation/places-spaces/parks-and-recreation-facilities/location/?id=3660,90 Merchants' Wharf   ,2026-04-23T11:16:41,Aitken Place Park Bottle Filling Station,None,None,1,"{""coordinates"": [[-79.36271849, 43.64490679]], ""type"": ""MultiPoint""}",,,,,,,,,,,,,
628,3715,102132,45 Dalhousie Street Park,45 Dalhousie Street Drinking Water Station,"Bottle Filling Station, Drinking Fountain, Dog Fountain",Located in the northwest corner of the park near to Dalhousie Street.,https://www.toronto.ca/explore-enjoy/parks-recreation/places-spaces/parks-and-recreation-facilities/location/?id=3715,45 Dalhousie St   ,2026-04-23T11:15:27,45 Dalhousie Street Drinking Water Station,None,None,1,"{""coordinates"": [[-79.37554059, 43.65456298]], ""type"": ""MultiPoint""}",,,,,,,,,,,,,
629,585,77317,Flemingdon Park,Flemingdon Park Community Garden Drinking Fountain,Drinking Fountain,Located on the pathway north of the community garden entrance.,https://www.toronto.ca/explore-enjoy/parks-recreation/places-spaces/parks-and-recreation-facilities/location/?id=585,150 Grenoble Dr  ,2026-04-23T08:49:09,Flemingdon Park Community Garden Drinking Fountain,None,None,1,"{""coordinates"": [[-79.32690563999999, 43.7139678]], ""type"": ""MultiPoint""}",,,,,,,,,,,,,
630,1061,2350,E.T. Seton Park,E.T. Seton Park Drinking Fountain,Drinking Fountain,Located next to the pathway 50 metres north of the Overlea Boulevard bridge.,https://www.toronto.ca/explore-enjoy/parks-recreation/places-spaces/parks-and-recreation-facilities/location/?id=1061,73 Thorncliffe Park Dr  ,2026-04-23T08:48:46,E.T. Seton Park Drinking Fountain,None,None,1,"{""coordinates"": [[-79.33747314, 43.70955684]], ""type"": ""MultiPoint""}",,,,,,,,,,,,,
631,265,13302,Wanless Park,Wanless Park Wading Pool Drinking Water Station,"Drinking Fountain, Dog Fountain",Located east of the wading pool.,https://www.toronto.ca/explore-enjoy/parks-recreation/places-spaces/parks-and-recreation-facilities/location/?id=265,250 Wanless Ave  ,2026-04-23T08:48:27,Wanless Park Wading Pool Drinking Water Station,None,None,1,"{""coordinates"": [[-79.39200307, 43.72919935]], ""type"": ""MultiPoint""}",,,,,,,,,,,,,
632,2818,45963,Sunnyside Bike Park,Sunnyside Bike Park Bottle Filling Station,Bottle Filling Station,Located at the west end of the park by the drop-off area off of Ellis Avenue.,https://www.toronto.ca/explore-enjoy/parks-recreation/places-spaces/parks-and-recreation-facilities/location/?id=2818,3 Ellis Ave  ,2026-04-23T08:48:05,Sunnyside Bike Park Bottle Filling Station,None,None,1,"{""coordinates"": [[-79.46517829000001, 43.63685185]], ""type"": ""MultiPoint""}",,,,,,,,,,,,,
633,28,13296,Sunnybrook Park,Sunnybrook Park Concession Stand Drinking Fountain,Drinking Fountain,Located outside the snack/concussion stand on the north side.,https://www.toronto.ca/explore-enjoy/parks-recreation/places-spaces/parks-and-recreation-facilities/location/?id=28,1132 Leslie St  ,2026-04-23T08:47:50,Sunnybrook Park Concession Stand Drinking Fountain,None,None,1,"{""coordinates"": [[-79.36275816, 43.72306498]], ""type"": ""MultiPoint""}",,,,,,,,,,,,,
634,1854,2584,Stratford Park,Stratford Park Drinking Fountain,Drinking Fountain,Located in the middle of the park where all the pathways intersect in a circle.,https://www.toronto.ca/explore-enjoy/parks-recreation/places-spaces/parks-and-recreation-facilities/location/?id=1854,2100 Bayview Ave  ,2026-04-23T08:47:26,Stratford Park Drinking Fountain,None,None,1,"{""coordinates"": [[-79.37992547, 43.721502019999996]], ""type"": ""MultiPoint""}",,,,,,,,,,,,,
635,488,102076,Cheltenham Park,Cheltenham Park Bottle Filling Station,Bottle Filling Station,Located on the pathway near Mildenhall Road.,https://www.toronto.ca/explore-enjoy/parks-recreation/places-spaces/parks-and-recreation-facilities/location/?id=488,43 Mildenhall Rd  ,2026-04-23T08:47:06,Cheltenham Park Bottle Filling Station,None,None,1,"{""coordinates"": [[-79.38560045999999, 43.72652281]], ""type"": ""MultiPoint""}",,,,,,,,,,,,,
636,334,2177,Lessard Park,Lessard Park Playground Drinking Fountain,Drinking Fountain,Located east of the playground.,https://www.toronto.ca/explore-enjoy/parks-recreation/places-spaces/parks-and-recreation-facilities/location/?id=334,52 Lessard Ave  ,2026-04-23T07:10:07,Lessard Park Playground Drinking Fountain,None,None,1,"{""coordinates"": [[-79.49002462, 43.65385895]], ""type"": ""MultiPoint""}",,,,,,,,,,,,,
637,2092,102120,Futura Parkette,Futura Parkette Bottle Filling Station,Bottle Filling Station,Located on the pathway west of the playground.,https://www.toronto.ca/explore-enjoy/parks-recreation/places-spaces/parks-and-recreation-facilities/location/?id=2092,175 Arleta Ave  ,2026-04-22T13:51:21,Futura Parkette Bottle Filling Station,None,None,1,"{""coordinates"": [[-79.50768796, 43.74801975]], ""type"": ""MultiPoint""}",,,,,,,,,,,,,
638,2274,13257,Dubray Parkette,Dubray Parkette Drinking Fountain,Drinking Fountain,Located next to the entrance to the bocce courts.,https://www.toronto.ca/explore-enjoy/parks-recreation/places-spaces/parks-and-recreation-facilities/location/?id=2274,28 Dubray Ave  ,2026-04-22T13:50:54,Dubray Parkette Drinking Fountain,None,None,1,"{""coordinates"": [[-79.47823964, 43.72964846]], ""type"": ""MultiPoint""}",,,,,,,,,,,,,
639,280,2130,Diana Park,Diana Park Drinking Fountain,Drinking Fountain,Located on the grassy area near the pathway south of the playground.,https://www.toronto.ca/explore-enjoy/parks-recreation/places-spaces/parks-and-recreation-facilities/location/?id=280,46 Diana Dr  ,2026-04-22T13:50:37,Diana Park Drinking Fountain,None,None,1,"{""coordinates"": [[-79.48899324, 43.74125705]], ""type"": ""MultiPoint""}",,,,,,,,,,,,,
640,765,13298,Topcliff Park,Topcliff Park Outdoor Bocce Court Drinking Fountain,Drinking Fountain,Located west of the outdoor bocce court. ,https://www.toronto.ca/explore-enjoy/parks-recreation/places-spaces/parks-and-recreation-facilities/location/?id=765,75 Topcliff Ave  ,2026-04-22T13:50:07,Topcliff Park Outdoor Bocce Court Drinking Fountain,Maintenance/Repairs,REPLACEMENT REQUIRED,2,"{""coordinates"": [[-79.50927521000001, 43.755451820000005]], ""type"": ""MultiPoint""}",,,,,,,,,,,,,
641,593,80105,Fountainhead Park,Fountainhead Park Bottle Filling Station,Bottle Filling Station,Located on the pathway on the south side of the playground.,https://www.toronto.ca/explore-enjoy/parks-recreation/places-spaces/parks-and-recreation-facilities/location/?id=593,445 Sentinel Rd  ,2026-04-22T13:38:25,Fountainhead Park Bottle Filling Station,None,None,1,"{""coordinates"": [[-79.49809559, 43.76221438]], ""type"": ""MultiPoint""}",,,,,,,,,,,,,
642,2161,13246,Bratty Park,Bratty Park Drinking Fountain,Drinking Fountain,Located on the pathway next to Bratty Road entrance to the park.,https://www.toronto.ca/explore-enjoy/parks-recreation/places-spaces/parks-and-recreation-facilities/location/?id=2161,40 Bratty Rd  ,2026-04-22T13:37:44,Bratty Park Drinking Fountain,None,None,1,"{""coordinates"": [[-79.49512551, 43.75749604]], ""type"": ""MultiPoint""}",,,,,,,,,,,,,
643,1004,2160,Louise Russo Park,Louise Russo Park Bocce Court Drinking Fountain,Drinking Fountain,Located east of the bocce courts.,https://www.toronto.ca/explore-enjoy/parks-recreation/places-spaces/parks-and-recreation-facilities/location/?id=1004,42 Flindon Rd  ,2026-04-21T14:28:45,Louise Russo Park Bocce Court Drinking Fountain,None,None,1,"{""coordinates"": [[-79.53988702, 43.72260977]], ""type"": ""MultiPoint""}",,,,,,,,,,,,,
644,367,2147,Chandos Park North,Chandos Park North Drinking Fountain,Drinking Fountain,Located on the grassy area between Chandos Avenue sidewalk and the sports pad.,https://www.toronto.ca/explore-enjoy/parks-recreation/places-spaces/parks-and-recreation-facilities/location/?id=367,75 Lightbourn Ave  ,2026-04-21T14:21:12,Chandos Park North Drinking Fountain,None,None,1,"{""coordinates"": [[-79.44272583, 43.67080726]], ""type"": ""MultiPoint""}",,,,,,,,,,,,,
645,2175,102014,Bristol Avenue Parkette West,Bristol Avenue Parkette West Bottle Filling Station,Bottle Filling Station,Located on the pathway east of the playground.,https://www.toronto.ca/explore-enjoy/parks-recreation/places-spaces/parks-and-recreation-facilities/location/?id=2175,30 Bristol Ave  ,2026-04-21T14:20:05,Bristol Avenue Parkette West Bottle Filling Station,None,None,1,"{""coordinates"": [[-79.43857413, 43.67063444]], ""type"": ""MultiPoint""}",,,,,,,,,,,,,
646,361,2481,Bartlett Parkette,Bartlett Parkette Drinking Fountain,Drinking Fountain,Located on the grassy area south of the sports pad. ,https://www.toronto.ca/explore-enjoy/parks-recreation/places-spaces/parks-and-recreation-facilities/location/?id=361,160 Geary Ave  ,2026-04-21T14:19:48,Bartlett Parkette Drinking Fountain,None,None,1,"{""coordinates"": [[-79.43600924, 43.67028401]], ""type"": ""MultiPoint""}",,,,,,,,,,,,,
647,987,2657,Rosethorn Park,Rosethorn Park Tennis Court Drinking Fountain,Drinking Fountain,Located southwest of the tennis courts.,https://www.toronto.ca/explore-enjoy/parks-recreation/places-spaces/parks-and-recreation-facilities/location/?id=987,26 Remington Dr  ,2026-04-21T08:54:27,Rosethorn Park Tennis Court Drinking Fountain,None,None,1,"{""coordinates"": [[-79.53825866, 43.658342219999994]], ""type"": ""MultiPoint""}",,,,,,,,,,,,,
648,951,75182,Princess Anne Park,Princess Ann Park Tennis Court Drinking Fountain,Drinking Fountain,Located east of the tennis courts.,https://www.toronto.ca/explore-enjoy/parks-recreation/places-spaces/parks-and-recreation-facilities/location/?id=951,25 Princess Margaret Blvd  ,2026-04-21T08:53:53,Princess Ann Park Tennis Court Drinking Fountain,None,None,1,"{""coordinates"": [[-79.53990975, 43.67287779]], ""type"": ""MultiPoint""}",,,,,,,,,,,,,
649,15,2242,Home Smith Park,Home Smith Park Drinking Fountain,Drinking Fountain,"Located west of the pathway, north of Picnic Site #2.",https://www.toronto.ca/explore-enjoy/parks-recreation/places-spaces/parks-and-recreation-facilities/location/?id=15,4101 Dundas St  W ,2026-04-21T08:53:14,Home Smith Park Drinking Fountain,None,None,1,"{""coordinates"": [[-79.50118128, 43.65908175]], ""type"": ""MultiPoint""}",,,,,,,,,,,,,
650,77,102057,High Park,High Park Wading Pool Bottle Filling Station,Bottle Filling Station,Located next to the wading pool.,https://www.toronto.ca/explore-enjoy/parks-recreation/places-spaces/parks-and-recreation-facilities/location/?id=77,1873 Bloor St  W ,2026-04-21T07:32:26,High Park Wading Pool Bottle Filling Station,None,None,1,"{""coordinates"": [[-79.46759180000001, 43.65112223]], ""type"": ""MultiPoint""}",,,,,,,,,,,,,
651,77,102217,High Park,High Park Tennis Court Drinking Fountain,Drinking Fountain,Located north of the High Park Tennis Courts.,https://www.toronto.ca/explore-enjoy/parks-recreation/places-spaces/parks-and-recreation-facilities/location/?id=77,1873 Bloor St  W ,2026-04-21T07:32:15,High Park Tennis Court Drinking Fountain,None,None,1,"{""coordinates"": [[-79.46394543, 43.65093504]], ""type"": ""MultiPoint""}",,,,,,,,,,,,,
652,77,102081,High Park,High Park Maple Leaf Bottle Filling Station,Bottle Filling Station,Located on the pathway south of Hillside gardens.,https://www.toronto.ca/explore-enjoy/parks-recreation/places-spaces/parks-and-recreation-facilities/location/?id=77,1873 Bloor St  W ,2026-04-21T07:30:53,High Park Maple Leaf Bottle Filling Station,None,None,1,"{""coordinates"": [[-79.46680836, 43.64275963]], ""type"": ""MultiPoint""}",,,,,,,,,,,,,
653,77,102073,High Park,High Park James Bell Adventure Playground Bottle Filling Station,Bottle Filling Station,Located next to James Bell Adventure playground.,https://www.toronto.ca/explore-enjoy/parks-recreation/places-spaces/parks-and-recreation-facilities/location/?id=77,1873 Bloor St  W ,2026-04-21T07:30:42,High Park James Bell Adventure Playground Bottle Filling Station,None,None,1,"{""coordinates"": [[-79.45766586, 43.643334849999995]], ""type"": ""MultiPoint""}",,,,,,,,,,,,,
654,77,102212,High Park,High Park Transit Loop Drinking Fountain,Drinking Fountain,Located on the pathway across from the High Park transit loop.,https://www.toronto.ca/explore-enjoy/parks-recreation/places-spaces/parks-and-recreation-facilities/location/?id=77,1873 Bloor St  W ,2026-04-21T07:30:19,High Park Transit Loop Drinking Fountain,Planned Closure,None,0,"{""coordinates"": [[-79.45836621, 43.64806292]], ""type"": ""MultiPoint""}",,,,,,,,,,,,,
655,77,2257,High Park,High Park Hillside Gardens Drinking Fountain,Drinking Fountain,Located on the pathway behind the Park Office building on Colborne Lodge Drive.,https://www.toronto.ca/explore-enjoy/parks-recreation/places-spaces/parks-and-recreation-facilities/location/?id=77,1873 Bloor St  W ,2026-04-21T07:29:52,High Park Hillside Gardens Drinking Fountain,None,None,1,"{""coordinates"": [[-79.46451954, 43.64305862]], ""type"": ""MultiPoint""}",,,,,,,,,,,,,
656,77,2255,High Park,High Park Grenadier Viewing Deck Drinking Fountain,Drinking Fountain,Located on the pathway east of the Grenadier Pond wooden viewing platform.,https://www.toronto.ca/explore-enjoy/parks-recreation/places-spaces/parks-and-recreation-facilities/location/?id=77,1873 Bloor St  W ,2026-04-21T07:29:40,High Park Grenadier Viewing Deck Drinking Fountain,None,None,1,"{""coordinates"": [[-79.46553083, 43.64200030000001]], ""type"": ""MultiPoint""}",,,,,,,,,,,,,
657,77,2254,High Park,High Park Dog Off-Leash Area Dog Fountain,Dog Fountain,Located in the dog off-leash area.,https://www.toronto.ca/explore-enjoy/parks-recreation/places-spaces/parks-and-recreation-facilities/location/?id=77,1873 Bloor St  W ,2026-04-21T07:29:30,High Park Dog Off-Leash Area Dog Fountain,None,None,1,"{""coordinates"": [[-79.46308105, 43.64640161]], ""type"": ""MultiPoint""}",,,,,,,,,,,,,
658,77,102148,High Park,High Park Chess House Drinking Water Station,"Bottle Filling Station, Drinking Fountain, Dog Fountain",Located east of the Chess House building near Bloor Street West.,https://www.toronto.ca/explore-enjoy/parks-recreation/places-spaces/parks-and-recreation-facilities/location/?id=77,1873 Bloor St  W ,2026-04-21T07:29:23,High Park Chess House Drinking Water Station,None,None,1,"{""coordinates"": [[-79.46609604999999, 43.65285757]], ""type"": ""MultiPoint""}",,,,,,,,,,,,,
659,77,2250,High Park,High Park  Nature Centre Drinking Fountain,Drinking Fountain,Located on the grassy  area between the tennis courts and the Nature centre.,https://www.toronto.ca/explore-enjoy/parks-recreation/places-spaces/parks-and-recreation-facilities/location/?id=77,1873 Bloor St  W ,2026-04-21T07:29:08,High Park  Nature Centre Drinking Fountain,None,None,1,"{""coordinates"": [[-79.45896775, 43.65126721]], ""type"": ""MultiPoint""}",,,,,,,,,,,,,
660,715,102117,North Keelesdale Park,North Keelesdale Park Bottle Filling Station,Bottle Filling Station,Located north of the washroom building between the parking lot and the baseball diamond.,https://www.toronto.ca/explore-enjoy/parks-recreation/places-spaces/parks-and-recreation-facilities/location/?id=715,415 Black Creek Dr  ,2026-04-21T06:20:28,North Keelesdale Park Bottle Filling Station,None,None,1,"{""coordinates"": [[-79.48261838, 43.690003589999996]], ""type"": ""MultiPoint""}",,,,,,,,,,,,,
661,1974,2728,Noble Park,Noble Park Drinking Fountain,Drinking Fountain,"Located in the southeast corner of the park, close to Sandcliff Road.",https://www.toronto.ca/explore-enjoy/parks-recreation/places-spaces/parks-and-recreation-facilities/location/?id=1974,74 Sandcliff Rd  ,2026-04-21T06:17:59,Noble Park Drinking Fountain,None,None,1,"{""coordinates"": [[-79.50054822, 43.67721754]], ""type"": ""MultiPoint""}",,,,,,,,,,,,,
662,536,2465,Bluehaven Park,Bluehaven Park Drinking Fountain,Drinking Fountain,Located on the grassy area south of the playground.,https://www.toronto.ca/explore-enjoy/parks-recreation/places-spaces/parks-and-recreation-facilities/location/?id=536,19 Blue Haven Cres  ,2026-04-17T08:37:35,Bluehaven Park Drinking Fountain,None,None,1,"{""coordinates"": [[-79.55675563000001, 43.7453843]], ""type"": ""MultiPoint""}",,,,,,,,,,,,,
663,880,102188,Elm Park - York,Elm Park York Playground Drinking Fountain,Drinking Fountain,Located at the north end of the playground.,https://www.toronto.ca/explore-enjoy/parks-recreation/places-spaces/parks-and-recreation-facilities/location/?id=880,54 Elm St  ,2026-04-17T08:37:25,Elm Park York Playground Drinking Fountain,None,None,1,"{""coordinates"": [[-79.51611845, 43.70652482]], ""type"": ""MultiPoint""}",,,,,,,,,,,,,
664,1009,102078,Chestnut Hills Park,Chestnut Hills Park Bottle Filling Station,Bottle Filling Station,Located on the pathway to the playground from Chestnut Hills Parkway.,https://www.toronto.ca/explore-enjoy/parks-recreation/places-spaces/parks-and-recreation-facilities/location/?id=1009,1391 Islington Ave  ,2026-04-17T08:30:49,Chestnut Hills Park Bottle Filling Station,None,None,1,"{""coordinates"": [[-79.52716856, 43.65587548]], ""type"": ""MultiPoint""}",,,,,,,,,,,,,
665,841,2328,Esther Lorrie Park,Esther Lorrie Park Drinking Fountain,Drinking Fountain,Located on the grassy area west of the parking lot. ,https://www.toronto.ca/explore-enjoy/parks-recreation/places-spaces/parks-and-recreation-facilities/location/?id=841,50 Westhumber Blvd  ,2026-04-16T10:34:22,Esther Lorrie Park Drinking Fountain,None,None,1,"{""coordinates"": [[-79.57974319, 43.72716054]], ""type"": ""MultiPoint""}",,,,,,,,,,,,,
666,514,2347,Earlscourt Park,Earlscourt Park Dog Off-Leash Area Dog Fountain,Dog Fountain,Located in the middle of the dog off-leash area.,https://www.toronto.ca/explore-enjoy/parks-recreation/places-spaces/parks-and-recreation-facilities/location/?id=514,1200 Lansdowne Ave  ,2026-04-16T10:22:00,Earlscourt Park Dog Off-Leash Area Dog Fountain,None,None,1,"{""coordinates"": [[-79.44933137, 43.67202431]], ""type"": ""MultiPoint""}",,,,,,,,,,,,,
667,923,102247,Albion Gardens Park,Albion Gardens Park Drinking Fountain,Drinking Fountain,"Located on the west side of the playground, between the playgroudn and the tennis courts.",https://www.toronto.ca/explore-enjoy/parks-recreation/places-spaces/parks-and-recreation-facilities/location/?id=923,41 Deanlea Crt  ,2026-04-16T10:14:49,Albion Gardens Park Drinking Fountain,None,None,1,"{""coordinates"": [[-79.55877665, 43.739284999999995]], ""type"": ""MultiPoint""}",,,,,,,,,,,,,
668,77,102075,High Park,High Park Parkside Drive Bottle Filling Station,Bottle Filling Station,Located along the pathway north of Picnic Site #26 and west of the washroom building along Parkside Drive.,https://www.toronto.ca/explore-enjoy/parks-recreation/places-spaces/parks-and-recreation-facilities/location/?id=77,1873 Bloor St  W ,2026-04-16T10:11:38,High Park Parkside Drive Bottle Filling Station,None,None,1,"{""coordinates"": [[-79.45756650999999, 43.64427265]], ""type"": ""MultiPoint""}",,,,,,,,,,,,,
669,484,43302,Amesbury Park,Amesbury Park Basketball Court Drinking Fountain,Drinking Fountain,Located on the pathway between the Community Centre and the basketball courts.,https://www.toronto.ca/explore-enjoy/parks-recreation/places-spaces/parks-and-recreation-facilities/location/?id=484,151 Culford Rd  ,2026-04-16T09:54:15,Amesbury Park Basketball Court Drinking Fountain,None,None,1,"{""coordinates"": [[-79.48278085999999, 43.70694589]], ""type"": ""MultiPoint""}",,,,,,,,,,,,,
670,484,2500,Amesbury Park,Amesbury Park Baseball Diamond Drinking Fountain,Drinking Fountain,Located on the pathway east of the central baseball diamond.,https://www.toronto.ca/explore-enjoy/parks-recreation/places-spaces/parks-and-recreation-facilities/location/?id=484,151 Culford Rd  ,2026-04-16T09:54:08,Amesbury Park Baseball Diamond Drinking Fountain,None,None,1,"{""coordinates"": [[-79.48077909, 43.70694577]], ""type"": ""MultiPoint""}",,,,,,,,,,,,,
671,484,41102,Amesbury Park,Amesbury Park Baseball Diamond Bottle Filling Station,Bottle Filling Station,Located on the pathway east of the central baseball diamond.,https://www.toronto.ca/explore-enjoy/parks-recreation/places-spaces/parks-and-recreation-facilities/location/?id=484,151 Culford Rd  ,2026-04-16T09:53:43,Amesbury Park Baseball Diamond Bottle Filling Station,None,None,1,"{""coordinates"": [[-79.48077092, 43.70693831]], ""type"": ""MultiPoint""}",,,,,,,,,,,,,
672,746,1000864,Scarborough Village Park,Scarborough Village Park Playground Bottle Filler,Bottle Filling Station,On the pathway North of the Splash Pad,https://www.toronto.ca/explore-enjoy/parks-recreation/places-spaces/parks-and-recreation-facilities/location/?id=746,23 Gatesview Ave,2026-02-20T16:04:53,Scarborough Village Park Playground Bottle Filler,None,None,1,"{""coordinates"": [[-79.2139607, 43.747103450000004]], ""type"": ""MultiPoint""}",,,,,,,,,,,,,
673,2039,2539,Toronto Islands - Ward's Island,Toronto Islands - Ward's Island Fire Station Drinking Fountain,Drinking Fountain,Located east of the Fire Station on the west end of the island.,https://www.toronto.ca/explore-enjoy/parks-recreation/places-spaces/parks-and-recreation-facilities/location/?id=2039,1 Centre Island Park  ,2026-01-12T13:49:45,Toronto Islands - Ward's Island Fire Station Drinking Fountain,Closed for the Season,None,0,"{""coordinates"": [[-79.35907257999999, 43.62555025]], ""type"": ""MultiPoint""}",,,,,,,,,,,,,
674,2039,2536,Toronto Islands - Ward's Island,Toronto Islands - Ward's Island Ferry Dock Drinking Fountain,Drinking Fountain,Located south of the Toronto-Ward's Island Ferry dock along the pathway. ,https://www.toronto.ca/explore-enjoy/parks-recreation/places-spaces/parks-and-recreation-facilities/location/?id=2039,1 Centre Island Park  ,2026-01-12T13:49:05,Toronto Islands - Ward's Island Ferry Dock Drinking Fountain,Closed for the Season,None,0,"{""coordinates"": [[-79.35720879, 43.63124947]], ""type"": ""MultiPoint""}",,,,,,,,,,,,,
675,2024,18743,Toronto Islands - Toronto Island Park,Toronto Islands - Toronto Island Park Picnic Site 13 Drinking Fountain,Drinking Fountain,Located east of Picnic Site #13,https://www.toronto.ca/explore-enjoy/parks-recreation/places-spaces/parks-and-recreation-facilities/location/?id=2024,9 Queens Quay  W ,2026-01-12T13:48:39,Toronto Islands - Toronto Island Park Picnic Site 13 Drinking Fountain,Closed for the Season,None,0,"{""coordinates"": [[-79.37585281, 43.61991098]], ""type"": ""MultiPoint""}",,,,,,,,,,,,,
676,2024,18745,Toronto Islands - Toronto Island Park,Toronto Islands - Toronto Island Park Ferry Dock Drinking Fountain,Drinking Fountain,"Located on the south side of the Avenue of the Islands pathway, south of the Toronto-Centre Island ferry dock.",https://www.toronto.ca/explore-enjoy/parks-recreation/places-spaces/parks-and-recreation-facilities/location/?id=2024,9 Queens Quay  W ,2026-01-12T13:48:01,Toronto Islands - Toronto Island Park Ferry Dock Drinking Fountain,Closed for the Season,None,0,"{""coordinates"": [[-79.37807186, 43.62162209]], ""type"": ""MultiPoint""}",,,,,,,,,,,,,
677,2024,18744,Toronto Islands - Toronto Island Park,Toronto Islands - Toronto Island Park Drinking Fountain,Drinking Fountain,Located on the east side of the island on the north side of Avenue of the Islands pathway.,https://www.toronto.ca/explore-enjoy/parks-recreation/places-spaces/parks-and-recreation-facilities/location/?id=2024,9 Queens Quay  W ,2026-01-12T13:47:37,Toronto Islands - Toronto Island Park Drinking Fountain,Closed for the Season,None,0,"{""coordinates"": [[-79.37575962999999, 43.62075416]], ""type"": ""MultiPoint""}",,,,,,,,,,,,,
678,3536,24923,Toronto Islands - Snake Island,Toronto Islands - Snake Island Drinking Fountain,Drinking Fountain,Located on the southeast corner of Picnic Site #4.,https://www.toronto.ca/explore-enjoy/parks-recreation/places-spaces/parks-and-recreation-facilities/location/?id=3536,9 Queens Quay  W ,2026-01-12T13:47:18,Toronto Islands - Snake Island Drinking Fountain,Closed for the Season,None,0,"{""coordinates"": [[-79.36375213999999, 43.62354838]], ""type"": ""MultiPoint""}",,,,,,,,,,,,,
679,2543,18746,Toronto Islands - Olympic Island,Toronto Islands - Olympic Island Picnic Site 18 Drinking Fountain,Drinking Fountain,Located on the south side of the pathway south of Picnic Site #18.,https://www.toronto.ca/explore-enjoy/parks-recreation/places-spaces/parks-and-recreation-facilities/location/?id=2543,9 Queens Quay  W ,2026-01-12T13:46:17,Toronto Islands - Olympic Island Picnic Site 18 Drinking Fountain,Closed for the Season,None,0,"{""coordinates"": [[-79.37524652, 43.62285869]], ""type"": ""MultiPoint""}",,,,,,,,,,,,,
680,2541,121927,Toronto Islands - Hanlan's Point,Toronto Islands - Hanlan's Point Water Tap,Water Tap,"Located east of Hanlan's Point Tennis Court Washroom, east of the pathway along the water.",https://www.toronto.ca/explore-enjoy/parks-recreation/places-spaces/parks-and-recreation-facilities/location/?id=2541,9 Queens Quay  W,2026-01-12T13:45:38,Toronto Islands - Hanlan's Point Water Tap,Closed for the Season,None,0,"{""coordinates"": [[-79.39021186, 43.61912817]], ""type"": ""MultiPoint""}",,,,,,,,,,,,,
681,2541,121926,Toronto Islands - Hanlan's Point,Toronto Islands - Hanlan's Point Picnic Site 112 Water Tap,Water Tap,Located east of Picnic Site #112 and the pathway along the water.,https://www.toronto.ca/explore-enjoy/parks-recreation/places-spaces/parks-and-recreation-facilities/location/?id=2541,9 Queens Quay  W,2026-01-12T13:44:54,Toronto Islands – Hanlan’s Point Picnic Site 112 Water Tap,Closed for the Season,None,0,"{""coordinates"": [[-79.39024038999999, 43.6205602]], ""type"": ""MultiPoint""}",,,,,,,,,,,,,
682,2541,121924,Toronto Islands - Hanlan's Point,Toronto Islands - Hanlan's Point Picnic Site 110 Water Tap,Water Tap,"Located northeast of Picnic Site #110, along the pathway.",https://www.toronto.ca/explore-enjoy/parks-recreation/places-spaces/parks-and-recreation-facilities/location/?id=2541,9 Queens Quay  W,2026-01-12T13:44:25,Toronto Islands - Hanlan's Point Picnic Site 110 Water Tap,Closed for the Season,None,0,"{""coordinates"": [[-79.39029344999999, 43.62262906]], ""type"": ""MultiPoint""}",,,,,,,,,,,,,
683,2725,18788,Toronto Islands - Centre Island,Toronto Islands - Centre Island Picnic Site 28 Drinking Fountain,Drinking Fountain,"Located at the northwest corner of Picnic Site #28, outside the snack/concession building.",https://www.toronto.ca/explore-enjoy/parks-recreation/places-spaces/parks-and-recreation-facilities/location/?id=2725,9 Queens Quay  W ,2026-01-12T13:40:46,Toronto Islands - Centre Island Picnic Site 28 Drinking Fountain,Closed for the Season,None,0,"{""coordinates"": [[-79.37574405, 43.61746286]], ""type"": ""MultiPoint""}",,,,,,,,,,,,,
684,2725,121934,Toronto Islands - Centre Island,Toronto Islands - Centre Island Picnic Site 26 Water Tap,Water Tap,"Located north of Picnic Site #26, north of the maze hedge.",https://www.toronto.ca/explore-enjoy/parks-recreation/places-spaces/parks-and-recreation-facilities/location/?id=2725,9 Queens Quay  W,2026-01-12T13:40:15,Toronto Islands - Centre Island Picnic Site 26 Water Tap,Closed for the Season,None,0,"{""coordinates"": [[-79.37535276, 43.61821178]], ""type"": ""MultiPoint""}",,,,,,,,,,,,,
685,2725,102268,Toronto Islands - Centre Island,Toronto Islands - Centre Island Franklin Children's Garden Drinking Fountain,Drinking Fountain,Located east of Franklin Children's Garden.,https://www.toronto.ca/explore-enjoy/parks-recreation/places-spaces/parks-and-recreation-facilities/location/?id=2725,9 Queens Quay  W ,2026-01-12T13:38:59,Toronto Islands - Centre Island Franklin Children's Garden Drinking Fountain,Closed for the Season,None,0,"{""coordinates"": [[-79.37630841000001, 43.61672539]], ""type"": ""MultiPoint""}",,,,,,,,,,,,,
686,2039,121935,Toronto Islands - Ward's Island,Toronto Islands - Ward's Island Water Tap,Water Tap,"Located south of the pathway, between Chippewa House Washroom and the fork in the pathway.",https://www.toronto.ca/explore-enjoy/parks-recreation/places-spaces/parks-and-recreation-facilities/location/?id=2039,1 Centre Island Park,2026-01-12T13:31:34,Toronto Islands - Ward's Island Water Tap,Closed for the Season,None,0,"{""coordinates"": [[-79.36429127, 43.62156855]], ""type"": ""MultiPoint""}",,,,,,,,,,,,,
687,2541,2540,Toronto Islands - Hanlan's Point,Toronto Islands - Hanlan's Point Picnic Site 112 Drinking Fountain,Drinking Fountain,"Located on the east of the pathway, south east of picnic site 112 and the park shed..",https://www.toronto.ca/explore-enjoy/parks-recreation/places-spaces/parks-and-recreation-facilities/location/?id=2541,9 Queens Quay  W ,2026-01-12T13:30:54,Toronto Islands – Hanlan’s Point Picnic Site 112 Drinking Fountain,Closed for the Season,None,0,"{""coordinates"": [[-79.39042681, 43.620234319999994]], ""type"": ""MultiPoint""}",,,,,,,,,,,,,
688,2725,2533,Toronto Islands - Centre Island,Toronto Islands - Centre Island Pedestrian Bridge Drinking Fountain,Drinking Fountain,Located east of the pedestrian bridge between Snake Island and Center Island on the north side of the pathway. ,https://www.toronto.ca/explore-enjoy/parks-recreation/places-spaces/parks-and-recreation-facilities/location/?id=2725,9 Queens Quay  W ,2026-01-12T13:23:53,Toronto Islands - Centre Island Pedestrian Bridge Drinking Fountain,Closed for the Season,None,0,"{""coordinates"": [[-79.36279607, 43.62327544]], ""type"": ""MultiPoint""}",,,,,,,,,,,,,
689,2413,102234,Highland Creek Parkette,Highland Creek Parkette Drinking Fountain,Drinking Fountain,Located south of the pathway.,https://www.toronto.ca/explore-enjoy/parks-recreation/places-spaces/parks-and-recreation-facilities/location/?id=2413,6115 Kingston Rd  ,2025-12-22T12:50:36,Highland Creek Parkette Drinking Fountain,Closed for the Season,None,0,"{""coordinates"": [[-79.16828323, 43.784500630000004]], ""type"": ""MultiPoint""}",,,,,,,,,,,,,
690,2405,2203,Kenworthy Park,Kenworthy Park Drinking Fountain,Drinking Fountain,Located east of the main entrance.,https://www.toronto.ca/explore-enjoy/parks-recreation/places-spaces/parks-and-recreation-facilities/location/?id=2405,2 Kenworthy Ave  ,2025-12-22T12:50:16,Kenworthy Park Drinking Fountain,Closed for the Season,None,0,"{""coordinates"": [[-79.28317390000001, 43.69075811]], ""type"": ""MultiPoint""}",,,,,,,,,,,,,
691,2341,2510,Agincourt Park,Agincourt Park Bowling Green Drinking Fountain,Drinking Fountain,Located on the grassy area next to the pathway on the east side of the bowling green clubhouse.,https://www.toronto.ca/explore-enjoy/parks-recreation/places-spaces/parks-and-recreation-facilities/location/?id=2341,27 Glen Watford Dr  ,2025-12-22T12:49:48,Agincourt Park Bowling Green Drinking Fountain,Closed for the Season,None,0,"{""coordinates"": [[-79.27411118, 43.789039190000004]], ""type"": ""MultiPoint""}",,,,,,,,,,,,,
692,2036,102134,McGregor Park,McGregor Park Outdoor Pool Bottle Filling Station,Bottle Filling Station,Located on the outdoor pool deck on the north side by the changeroom entrances.,https://www.toronto.ca/explore-enjoy/parks-recreation/places-spaces/parks-and-recreation-facilities/location/?id=2036,2231 Lawrence Ave  E ,2025-12-22T12:49:19,McGregor Park Outdoor Pool Bottle Filling Station,Closed for the Season,None,0,"{""coordinates"": [[-79.28071268, 43.747586090000006]], ""type"": ""MultiPoint""}",,,,,,,,,,,,,
693,2036,102266,McGregor Park,McGregor Park Outdoor Pool Drinking Fountain,Drinking Fountain,Located on the outdoor pool deck on the north side by the changeroom entrances.,https://www.toronto.ca/explore-enjoy/parks-recreation/places-spaces/parks-and-recreation-facilities/location/?id=2036,2231 Lawrence Ave  E ,2025-12-22T12:47:28,McGregor Park Outdoor Pool Drinking Fountain,Closed for the Season,None,0,"{""coordinates"": [[-79.28071021, 43.747585550000004]], ""type"": ""MultiPoint""}",,,,,,,,,,,,,
694,1038,74762,Lavery Trail Park,Lavery Trail Park Drinking Fountain,Drinking Fountain,"Located along the pathway, close to the east entrance.",https://www.toronto.ca/explore-enjoy/parks-recreation/places-spaces/parks-and-recreation-facilities/location/?id=1038,40 Lavery Trl  ,2025-12-22T12:43:55,Lavery Trail Park Drinking Fountain,Closed for the Season,None,0,"{""coordinates"": [[-79.1627643, 43.79684665]], ""type"": ""MultiPoint""}",,,,,,,,,,,,,
695,733,102146,Prairie Drive Park,Prairie Drive Park Bottle Filling Station,Bottle Filling Station,Located on the outside of the washroom building between the parking lot and the playground.,https://www.toronto.ca/explore-enjoy/parks-recreation/places-spaces/parks-and-recreation-facilities/location/?id=733,101 Pharmacy Ave  ,2025-12-22T12:42:14,Prairie Drive Park Bottle Filling Station,Closed for the Season,None,0,"{""coordinates"": [[-79.28399146, 43.697253110000005]], ""type"": ""MultiPoint""}",,,,,,,,,,,,,
696,698,2193,L'Amoreaux Sports Complex,L'Amoreaux Sports Complex Drinking Fountain,Drinking Fountain,Located on the outside of the washroom building.,https://www.toronto.ca/explore-enjoy/parks-recreation/places-spaces/parks-and-recreation-facilities/location/?id=698,100 Silver Springs Blvd  ,2025-12-22T12:41:42,L'Amoreaux Sports Complex Drinking Fountain,Closed for the Season,None,0,"{""coordinates"": [[-79.30436621, 43.803221719999996]], ""type"": ""MultiPoint""}",,,,,,,,,,,,,
697,698,41109,L'Amoreaux Sports Complex,L'Amoreaux Sports Complex Bottle Filling Station,Bottle Filling Station,Located on the outside of the washroom building.,https://www.toronto.ca/explore-enjoy/parks-recreation/places-spaces/parks-and-recreation-facilities/location/?id=698,100 Silver Springs Blvd  ,2025-12-22T12:41:24,L'Amoreaux Sports Complex Bottle Filling Station,Closed for the Season,None,0,"{""coordinates"": [[-79.30435603, 43.803221459999996]], ""type"": ""MultiPoint""}",,,,,,,,,,,,,
698,682,103366,Viola Desmond Park,Viola Desmond Basketball Court Bottle Filling Station,Bottle Filling Station,Located east of the outdoor basketball court along the pathway.,https://www.toronto.ca/explore-enjoy/parks-recreation/places-spaces/parks-and-recreation-facilities/location/?id=682,85 Hupfield Trl,2025-12-22T12:40:25,Viola Desmond Basketball Court Bottle Filling Station,Closed for the Season,None,0,"{""coordinates"": [[-79.21979904, 43.812827510000005]], ""type"": ""MultiPoint""}",,,,,,,,,,,,,
699,635,102215,Highland Creek Community Park,Highland Creek Community Park Drinking Fountain,Drinking Fountain,Located near the baseball diamond.,https://www.toronto.ca/explore-enjoy/parks-recreation/places-spaces/parks-and-recreation-facilities/location/?id=635,3500 Ellesmere Rd  ,2025-12-22T12:40:11,Highland Creek Community Park Drinking Fountain,Closed for the Season,None,0,"{""coordinates"": [[-79.17927118, 43.79031673]], ""type"": ""MultiPoint""}",,,,,,,,,,,,,
700,3499,78159,Corktown Common,Corktown Common Playground Drinking Fountain,Drinking Fountain,Located at the west side of the playground next to the pavillion.,https://www.toronto.ca/explore-enjoy/parks-recreation/places-spaces/parks-and-recreation-facilities/location/?id=3499,155 Bayview Ave  ,2025-12-22T12:40:07,Corktown Common Playground Drinking Fountain,Closed for the Season,None,0,"{""coordinates"": [[-79.35229321999999, 43.653455539999996]], ""type"": ""MultiPoint""}",,,,,,,,,,,,,
701,3499,78160,Corktown Common,Corktown Common Playground Drinking Fountain,Drinking Fountain,Located at the west side of the playground next to the pavillion.,https://www.toronto.ca/explore-enjoy/parks-recreation/places-spaces/parks-and-recreation-facilities/location/?id=3499,155 Bayview Ave  ,2025-12-22T12:39:42,Corktown Common Playground Drinking Fountain,Closed for the Season,None,0,"{""coordinates"": [[-79.35229538, 43.653452259999995]], ""type"": ""MultiPoint""}",,,,,,,,,,,,,
702,595,102216,Canmore Park,Canmore Park Drinking Fountain,Drinking Fountain,Located on the pathway north of the sports field.,https://www.toronto.ca/explore-enjoy/parks-recreation/places-spaces/parks-and-recreation-facilities/location/?id=595,101 Canmore Blvd  ,2025-12-22T12:38:08,Canmore Park Drinking Fountain,Closed for the Season,None,0,"{""coordinates"": [[-79.17691993, 43.793467209999996]], ""type"": ""MultiPoint""}",,,,,,,,,,,,,
703,586,103364,Wishing Well Park,Wishing Well Park Bottle Filling Station,Bottle Filling Station,Located west of the parking lot along the pathway between the baseball diamonds.,https://www.toronto.ca/explore-enjoy/parks-recreation/places-spaces/parks-and-recreation-facilities/location/?id=586,1700 Pharmacy Ave,2025-12-22T12:37:26,Wishing Well Park Bottle Filling Station,Closed for the Season,None,0,"{""coordinates"": [[-79.31603672, 43.7695624]], ""type"": ""MultiPoint""}",,,,,,,,,,,,,
704,2016,45482,Maryland Park,Maryland Park Bottle Filling Station,Bottle Filling Station,Located outside the washroom building.,https://www.toronto.ca/explore-enjoy/parks-recreation/places-spaces/parks-and-recreation-facilities/location/?id=2016,19 Maryland Blvd  ,2025-12-22T12:37:00,Maryland Park Bottle Filling Station,Closed for the Season,None,0,"{""coordinates"": [[-79.29503741, 43.69163003]], ""type"": ""MultiPoint""}",,,,,,,,,,,,,
705,550,41222,Birchmount Park,Birchmount Park Stadium Bottle Filling Station,Bottle Filling Station,Located near the south end of the stadium.,https://www.toronto.ca/explore-enjoy/parks-recreation/places-spaces/parks-and-recreation-facilities/location/?id=550,95 Birchmount Rd  ,2025-12-22T12:35:24,Birchmount Park Stadium Bottle Filling Station,Closed for the Season,None,0,"{""coordinates"": [[-79.26121485, 43.69536549]], ""type"": ""MultiPoint""}",,,,,,,,,,,,,
706,459,102110,Cherry Beach Sports Fields,Cherry Beach Sports Fields Washroom Bottle Filling Station,Bottle Filling Station,Located inside the front entrance to the washroom building.,https://www.toronto.ca/explore-enjoy/parks-recreation/places-spaces/parks-and-recreation-facilities/location/?id=459,275 Unwin Ave  ,2025-12-22T12:35:18,Cherry Beach Sports Fields Washroom Bottle Filling Station,Closed for the Season,None,0,"{""coordinates"": [[-79.34158276, 43.64128905]], ""type"": ""MultiPoint""}",,,,,,,,,,,,,
707,543,2561,Thomson Memorial Park,Thomson Memorial Park South Washroom Drinking Fountain,Drinking Fountain,Located outside the south washroom building of the park.,https://www.toronto.ca/explore-enjoy/parks-recreation/places-spaces/parks-and-recreation-facilities/location/?id=543,1005 Brimley Rd  ,2025-12-22T12:34:44,Thomson Memorial Park South Washroom Drinking Fountain,Closed for the Season,None,0,"{""coordinates"": [[-79.25530317, 43.7576313]], ""type"": ""MultiPoint""}",,,,,,,,,,,,,
708,353,102176,Stan Wadlow Park,Kiwanis Outdoor Pool Drinking Fountain,Drinking Fountain,Located on the pool deck on the outside of the south side of the outdoor pool building.,https://www.toronto.ca/explore-enjoy/parks-recreation/places-spaces/parks-and-recreation-facilities/location/?id=353,375 Cedarvale Ave,2025-12-22T12:34:37,Kiwanis Outdoor Pool Drinking Fountain,Closed for the Season,None,0,"{""coordinates"": [[-79.31601105, 43.69844245]], ""type"": ""MultiPoint""}",,,,,,,,,,,,,
709,522,103365,Adams Park,Adams Park Splash Pad Bottle Filling Station,Bottle Filling Station,Located west of the splash pad along the pathway.,https://www.toronto.ca/explore-enjoy/parks-recreation/places-spaces/parks-and-recreation-facilities/location/?id=522,2 Rozell Rd,2025-12-22T12:33:06,Adams Park Splash Pad Bottle Filling Station,Closed for the Season,None,0,"{""coordinates"": [[-79.14658632, 43.79225316]], ""type"": ""MultiPoint""}",,,,,,,,,,,,,
710,406,102032,Guild Park and Gardens,Guild Park and Gardens Bottle Filling Station,Bottle Filling Station,Located on the grassy area south of the festival stage.,https://www.toronto.ca/explore-enjoy/parks-recreation/places-spaces/parks-and-recreation-facilities/location/?id=406,201 Guildwood Pkwy  ,2025-12-22T12:32:42,Guild Park and Gardens Bottle Filling Station,Closed for the Season,None,0,"{""coordinates"": [[-79.19219134, 43.74633145]], ""type"": ""MultiPoint""}",,,,,,,,,,,,,
711,2,2464,Bluffer's Park,Bluffer's Park East Pavillion Drinking Fountain,Drinking Fountain,Located on the south east side of the east washroom.,https://www.toronto.ca/explore-enjoy/parks-recreation/places-spaces/parks-and-recreation-facilities/location/?id=2,1 Brimley Rd  S ,2025-12-22T12:31:12,Bluffer's Park East Pavillion Drinking Fountain,Closed for the Season,None,0,"{""coordinates"": [[-79.22733585, 43.71301999]], ""type"": ""MultiPoint""}",,,,,,,,,,,,,
712,191,2601,St. James Town West Park,St. James Town West Park Playground Drinking Fountain,Drinking Fountain,Located west of the playground.,https://www.toronto.ca/explore-enjoy/parks-recreation/places-spaces/parks-and-recreation-facilities/location/?id=191,589 Sherbourne St  ,2025-12-12T07:10:48,St. James Town West Park Playground Drinking Fountain,Under Construction,Park under construction,0,"{""coordinates"": [[-79.37597949, 43.67079861]], ""type"": ""MultiPoint""}",,,,,,,,,,,,,
713,3780,121965,Dr. Gordon Chong Park,Dr. Gordon Chong Park Splash Pad Bottle Filling Station,Bottle Filling Station,Located north of the splash pad along the pathway.,https://www.toronto.ca/explore-enjoy/parks-recreation/places-spaces/parks-and-recreation-facilities/location/?id=3780,60 Howard St,2025-12-12T06:54:48,Dr. Gordon Chong Splash Pad Bottle Filling Station,Closed for the Season,None,0,"{""coordinates"": [[-79.37299361, 43.67162379]], ""type"": ""MultiPoint""}",,,,,,,,,,,,,
714,306,102089,Withrow Park,Withrow Park Wading Pool Bottle Filling Station,Bottle Filling Station,Located west of the wading pool.,https://www.toronto.ca/explore-enjoy/parks-recreation/places-spaces/parks-and-recreation-facilities/location/?id=306,725 Logan Ave  ,2025-12-05T12:14:39,Withrow Park Wading Pool Bottle Filling Station,Closed for the Season,None,0,"{""coordinates"": [[-79.3481652, 43.67603118]], ""type"": ""MultiPoint""}",,,,,,,,,,,,,
715,300,102130,Winchester Park,Winchester Park Wading Pool Bottle Filling Station,Bottle Filling Station,Located northeast of the wading pool.,https://www.toronto.ca/explore-enjoy/parks-recreation/places-spaces/parks-and-recreation-facilities/location/?id=300,530 Ontario St  ,2025-12-05T12:13:24,Winchester Park Wading Pool Bottle Filling Station,Closed for the Season,None,0,"{""coordinates"": [[-79.37181145999999, 43.666415670000006]], ""type"": ""MultiPoint""}",,,,,,,,,,,,,
716,557,2466,Blantyre Park,Blantyre Park Bottle Filling Station,Bottle Filling Station,Located on on the east side of the washroom building by the baseball diamond.,https://www.toronto.ca/explore-enjoy/parks-recreation/places-spaces/parks-and-recreation-facilities/location/?id=557,180 Fallingbrook Rd  ,2025-12-05T11:43:02,Blantyre Park Bottle Filling Station,Under Construction,"Blantyre Park and all its amenities are closed while it <a href=""https://www.toronto.ca/city-government/planning-development/construction-new-facilities/improvements-expansion-redevelopment/blantyre-park-improvements/"">undergoes improvements</a>.",0,"{""coordinates"": [[-79.28105637, 43.682307959999996]], ""type"": ""MultiPoint""}",,,,,,,,,,,,,
717,332,102255,Blythwood - Sherwood Ravine,Blythwood - Sherwood Ravine Dog Fountain,Dog Fountain,Located on the grassy area south of the parking lot.,https://www.toronto.ca/explore-enjoy/parks-recreation/places-spaces/parks-and-recreation-facilities/location/?id=332,1200 Mount Pleasant Rd,2025-12-02T06:42:17,Blythwood - Sherwood Ravine Dog Fountain,Closed for the Season,None,0,"{""coordinates"": [[-79.39775936, 43.71955328999999]], ""type"": ""MultiPoint""}",,,,,,,,,,,,,
718,845,102079,Humbertown Park,Humbertown Park Bottle Filling Station,Bottle Filling Station,Located next to the playground.,https://www.toronto.ca/explore-enjoy/parks-recreation/places-spaces/parks-and-recreation-facilities/location/?id=845,7 Wimbleton Rd  ,2025-11-24T13:59:22,Humbertown Park Bottle Filling Station,Closed for the Season,None,0,"{""coordinates"": [[-79.52049846, 43.65766258]], ""type"": ""MultiPoint""}",,,,,,,,,,,,,
719,811,78696,Dixon Park,Dixon Park Bottle Filling Station,Bottle Filling Station,Located on the outside of the washroom building.,https://www.toronto.ca/explore-enjoy/parks-recreation/places-spaces/parks-and-recreation-facilities/location/?id=811,350 Dixon Rd  ,2025-11-24T13:59:11,Dixon Park Bottle Filling Station,Closed for the Season,None,0,"{""coordinates"": [[-79.55520883, 43.69647474]], ""type"": ""MultiPoint""}",,,,,,,,,,,,,
720,2020,102029,Six Points Park,Six Points Park Playground Bottle Filling Station,Bottle Filling Station,Located southeast of the playground along the pathway.,https://www.toronto.ca/explore-enjoy/parks-recreation/places-spaces/parks-and-recreation-facilities/location/?id=2020,10 Viking Lane  ,2025-11-20T09:20:40,Six Points Park Playground Bottle Filling Station,Closed for the Season,None,0,"{""coordinates"": [[-79.53569797, 43.63961613]], ""type"": ""MultiPoint""}",,,,,,,,,,,,,
721,1508,74866,Humberline Park,Humberline Park Bottle Filling Station,Bottle Filling Station,Located on the outside of the washroom building next to the playground.,https://www.toronto.ca/explore-enjoy/parks-recreation/places-spaces/parks-and-recreation-facilities/location/?id=1508,32 Humberline Dr  ,2025-11-20T09:19:52,Humberline Park Bottle Filling Station,Closed for the Season,None,0,"{""coordinates"": [[-79.61575271000001, 43.73153574]], ""type"": ""MultiPoint""}",,,,,,,,,,,,,
722,1073,2237,Humber Bay Park East,Humber Bay Park East Traffic Circle Drinking Fountain,Drinking Fountain,"Located south of the pathway, east of the traffic circle.",https://www.toronto.ca/explore-enjoy/parks-recreation/places-spaces/parks-and-recreation-facilities/location/?id=1073,100 Humber Bay Park Rd  W ,2025-11-20T09:19:18,Humber Bay Park East Traffic Circle Drinking Fountain,Closed for the Season,None,0,"{""coordinates"": [[-79.47533704, 43.622652599999995]], ""type"": ""MultiPoint""}",,,,,,,,,,,,,
723,1073,2236,Humber Bay Park East,Humber Bay Park East Pinic Site Two Drinking Fountain,Drinking Fountain,"Located west of pinic site 2, south of the pathway.",https://www.toronto.ca/explore-enjoy/parks-recreation/places-spaces/parks-and-recreation-facilities/location/?id=1073,100 Humber Bay Park Rd  W ,2025-11-20T09:19:09,Humber Bay Park East Pinic Site Two Drinking Fountain,Closed for the Season,None,0,"{""coordinates"": [[-79.47581983, 43.6201978]], ""type"": ""MultiPoint""}",,,,,,,,,,,,,
724,867,102281,Rotary Peace Park,Rotary Peace Park Outdoor Pool Drinking Fountain,Drinking Fountain,Located in the outdoor pool building.,https://www.toronto.ca/explore-enjoy/parks-recreation/places-spaces/parks-and-recreation-facilities/location/?id=867,25 Eleventh St  ,2025-11-20T09:17:30,Rotary Peace Park Outdoor Pool Drinking Fountain,Closed for the Season,None,0,"{""coordinates"": [[-79.50752729999999, 43.59517943]], ""type"": ""MultiPoint""}",,,,,,,,,,,,,
725,798,102159,Centennial Park - Etobicoke,Centennial Park Etobicoke Stadium Bottle Filling Station,Bottle Filling Station,Located near the south end of Centennial Park Stadium.,https://www.toronto.ca/explore-enjoy/parks-recreation/places-spaces/parks-and-recreation-facilities/location/?id=798,256 Centennial Park Rd  ,2025-11-20T09:16:34,Centennial Park Rob Ford Stadium Bottle Filling,Closed for the Season,None,0,"{""coordinates"": [[-79.59245495, 43.659609679999996]], ""type"": ""MultiPoint""}",,,,,,,,,,,,,
726,798,102197,Centennial Park - Etobicoke,Centennial Park Rob Ford Stadium Drinking Fountain,Drinking Fountain,Located near the north end of Centennial Park Stadium.,https://www.toronto.ca/explore-enjoy/parks-recreation/places-spaces/parks-and-recreation-facilities/location/?id=798,256 Centennial Park Rd  ,2025-11-20T09:16:23,Centennial Park Rob Ford Stadium Bottle Drinking Fountain,Closed for the Season,None,0,"{""coordinates"": [[-79.58526435, 43.65376468]], ""type"": ""MultiPoint""}",,,,,,,,,,,,,
727,798,2431,Centennial Park - Etobicoke,Centennial Park Etobicoke Picnic Site 6 Drinking Fountain,Drinking Fountain,Located on the north side of the park building south of Picnic Site #6.,https://www.toronto.ca/explore-enjoy/parks-recreation/places-spaces/parks-and-recreation-facilities/location/?id=798,256 Centennial Park Rd  ,2025-11-20T09:16:10,Centennial Park Etobicoke Picnic Site 6 Drinking Fountain,Closed for the Season,None,0,"{""coordinates"": [[-79.59019409000001, 43.65206301]], ""type"": ""MultiPoint""}",,,,,,,,,,,,,
728,798,102062,Centennial Park - Etobicoke,Centennial Park Rob Ford Stadium Bottle Filling Station,Bottle Filling Station,Located near the south end of Centennial Park Stadium.,https://www.toronto.ca/explore-enjoy/parks-recreation/places-spaces/parks-and-recreation-facilities/location/?id=798,256 Centennial Park Rd  ,2025-11-20T09:16:01,Centennial Park - Etobicoke Bottle Filling Station,Closed for the Season,None,0,"{""coordinates"": [[-79.58508814, 43.653410109999996]], ""type"": ""MultiPoint""}",,,,,,,,,,,,,
729,181,102026,Rennie Park,Rennie Park Tennis Court Bottle Filling Station,Bottle Filling Station,Located southwest of the tennis courts along the pathway.,https://www.toronto.ca/explore-enjoy/parks-recreation/places-spaces/parks-and-recreation-facilities/location/?id=181,1 Rennie Terr  ,2025-11-20T09:14:46,Rennie Park Tennis Court Bottle Filling Station,Closed for the Season,None,0,"{""coordinates"": [[-79.47374912999999, 43.644481569999996]], ""type"": ""MultiPoint""}",,,,,,,,,,,,,
730,9,102190,Eglinton Flats,Eglinton Flats Southeast Sports Pavilion Drinking Fountain,Drinking Fountain,Located at the southeast sports pavillion.,https://www.toronto.ca/explore-enjoy/parks-recreation/places-spaces/parks-and-recreation-facilities/location/?id=9,101 Emmett Ave  ,2025-11-20T09:13:43,Eglinton Flats Southeast Sports Pavilion Drinking Fountain,Closed for the Season,None,0,"{""coordinates"": [[-79.49460481, 43.684233289999995]], ""type"": ""MultiPoint""}",,,,,,,,,,,,,
731,9,2336,Eglinton Flats,Eglinton Flats Northwest Sports Pavillion Drinking Fountain,Drinking Fountain,Located on the grassy area at the east end of the pathway leading from the northwest sports pavilion.,https://www.toronto.ca/explore-enjoy/parks-recreation/places-spaces/parks-and-recreation-facilities/location/?id=9,101 Emmett Ave  ,2025-11-20T09:13:34,Eglinton Flats Northwest Sports Pavillion Drinking Fountain,Closed for the Season,None,0,"{""coordinates"": [[-79.50221405, 43.68582477]], ""type"": ""MultiPoint""}",,,,,,,,,,,,,
732,3,2219,James Gardens,James Gardens Drinking Fountain,Drinking Fountain,Located on the west side of parking lot.,https://www.toronto.ca/explore-enjoy/parks-recreation/places-spaces/parks-and-recreation-facilities/location/?id=3,99 Edenbridge Dr  ,2025-11-20T09:13:25,James Gardens Drinking Fountain,Closed for the Season,None,0,"{""coordinates"": [[-79.51454792, 43.67140802]], ""type"": ""MultiPoint""}",,,,,,,,,,,,,
733,3,102084,James Gardens,James Gardens Bottle Filling Station,Bottle Filling Station,"Located on the washroom building, west of the parking lot.",https://www.toronto.ca/explore-enjoy/parks-recreation/places-spaces/parks-and-recreation-facilities/location/?id=3,99 Edenbridge Dr  ,2025-11-20T09:13:15,James Gardens Bottle Filling Station,Closed for the Season,None,0,"{""coordinates"": [[-79.51474334000001, 43.6715503]], ""type"": ""MultiPoint""}",,,,,,,,,,,,,
734,856,102156,Norseman Heights Park,Norseman Heights Park Baseball Diamond Bottle Filling Station,Bottle Filling Station,Located east of the northeast baseball diamond along Chartwell Road.,https://www.toronto.ca/explore-enjoy/parks-recreation/places-spaces/parks-and-recreation-facilities/location/?id=856,100 Chartwell Rd  ,2025-11-19T11:37:46,Norseman Heights Park Baseball Diamond Bottle Filling Station,Closed for the Season,None,0,"{""coordinates"": [[-79.51484459, 43.63363418]], ""type"": ""MultiPoint""}",,,,,,,,,,,,,
735,71,41110,Sir Casimir Gzowski Park,Sir Casimir Gzowski Park Fieldhouse Bottle Filling Station,Bottle Filling Station,Located on the west side of the fieldhouse/washroom building.,https://www.toronto.ca/explore-enjoy/parks-recreation/places-spaces/parks-and-recreation-facilities/location/?id=71,2001 Lake Shore Blvd  W ,2025-11-19T11:14:55,Sir Casimir Gzowski Park Fieldhouse Bottle Filling Station,Closed for the Season,None,0,"{""coordinates"": [[-79.46571684, 43.63516386]], ""type"": ""MultiPoint""}",,,,,,,,,,,,,
736,497,2207,Keelesdale Park,Keelesdale Park Drinking Fountain,Drinking Fountain,Located west of the arena entrance.,https://www.toronto.ca/explore-enjoy/parks-recreation/places-spaces/parks-and-recreation-facilities/location/?id=497,95 Black Creek Dr  ,2025-11-19T11:12:01,Keelesdale Park Drinking Fountain,Closed for the Season,None,0,"{""coordinates"": [[-79.47917835, 43.68783896]], ""type"": ""MultiPoint""}",,,,,,,,,,,,,
737,77,2253,High Park,High Park Ornamental Fountain Drinking Fountain,Drinking Fountain,Located across from the ornamental fountain on the east side of Colborne Lodge Drive.,https://www.toronto.ca/explore-enjoy/parks-recreation/places-spaces/parks-and-recreation-facilities/location/?id=77,1873 Bloor St  W ,2025-11-19T10:57:34,High Park Ornamental Fountain Drinking Fountain,Closed for the Season,None,0,"{""coordinates"": [[-79.46476003999999, 43.64392995]], ""type"": ""MultiPoint""}",,,,,,,,,,,,,
738,77,2267,High Park,High Park Drinking Fountain,Drinking Fountain,Located at the intersection of Bloor Street West and Parkside Drive.,https://www.toronto.ca/explore-enjoy/parks-recreation/places-spaces/parks-and-recreation-facilities/location/?id=77,1873 Bloor St  W ,2025-11-19T10:56:22,High Park Drinking Fountain,Closed for the Season,None,0,"{""coordinates"": [[-79.46021283, 43.65437473]], ""type"": ""MultiPoint""}",,,,,,,,,,,,,
739,107,2200,Kew Gardens,Kew Gardens Wading Pool Drinking Fountain,Drinking Fountain,Located next to the wading pool.,https://www.toronto.ca/explore-enjoy/parks-recreation/places-spaces/parks-and-recreation-facilities/location/?id=107,2075 Queen St  E ,2025-11-17T08:23:35,Kew Gardens Wading Pool Drinking Fountain,Closed for the Season,None,0,"{""coordinates"": [[-79.29968425999999, 43.66954689]], ""type"": ""MultiPoint""}",,,,,,,,,,,,,
740,107,2198,Kew Gardens,Kew Gardens Drinking Fountain,Drinking Fountain,"Located along the main pathway, west of the park garage.",https://www.toronto.ca/explore-enjoy/parks-recreation/places-spaces/parks-and-recreation-facilities/location/?id=107,2075 Queen St  E ,2025-11-17T08:23:17,Kew Gardens Drinking Fountain,Closed for the Season,None,0,"{""coordinates"": [[-79.29783780999999, 43.66802948]], ""type"": ""MultiPoint""}",,,,,,,,,,,,,
741,107,2199,Kew Gardens,Kew Gardens Baseball Diamond Drinking Fountain,Drinking Fountain,Located along the east side of the baseball diamond.,https://www.toronto.ca/explore-enjoy/parks-recreation/places-spaces/parks-and-recreation-facilities/location/?id=107,2075 Queen St  E ,2025-11-17T08:23:07,Kew Gardens Baseball Diamond Drinking Fountain,Closed for the Season,None,0,"{""coordinates"": [[-79.29808676, 43.66850461]], ""type"": ""MultiPoint""}",,,,,,,,,,,,,
742,857,80208,Ourland Park,Ourland Park Outdoor Pool Bottle Filling Station,Bottle Filling Station,Located at the outdoor pool.,https://www.toronto.ca/explore-enjoy/parks-recreation/places-spaces/parks-and-recreation-facilities/location/?id=857,18 Ourland Ave  ,2025-11-13T10:01:08,Ourland Park Outdoor Pool Bottle Filling Station,Closed for the Season,None,0,"{""coordinates"": [[-79.50859839, 43.61643984]], ""type"": ""MultiPoint""}",,,,,,,,,,,,,
743,247,2710,Ormskirk Park,Ormskirk Park Playground Drinking Fountain,Drinking Fountain,Located south of the playground.,https://www.toronto.ca/explore-enjoy/parks-recreation/places-spaces/parks-and-recreation-facilities/location/?id=247,33 Ormskirk Crt  ,2025-11-13T09:27:05,Ormskirk Park Playground Drinking Fountain,Closed for the Season,None,0,"{""coordinates"": [[-79.47566025, 43.640776790000004]], ""type"": ""MultiPoint""}",,,,,,,,,,,,,
744,935,102027,Cloverdale Park,Cloverdale Park Fitness Area Bottle Filling Station,Bottle Filling Station,Located on the pathway at the south end of the outdoor fitness equipment area. ,https://www.toronto.ca/explore-enjoy/parks-recreation/places-spaces/parks-and-recreation-facilities/location/?id=935,85 Shaver Ave  S ,2025-11-13T09:23:51,Cloverdale Park Fitness Area Bottle Filling Station,Closed for the Season,None,0,"{""coordinates"": [[-79.54503687, 43.633593929999996]], ""type"": ""MultiPoint""}",,,,,,,,,,,,,
745,71,2621,Sir Casimir Gzowski Park,Sir Casimir Gzowski Park Wading Pool Drinking Fountain,Drinking Fountain,Located south of the wading pool.,https://www.toronto.ca/explore-enjoy/parks-recreation/places-spaces/parks-and-recreation-facilities/location/?id=71,2001 Lake Shore Blvd  W ,2025-11-13T09:20:34,Sir Casimir Gzowski Park Wading Pool Drinking Fountain,Closed for the Season,None,0,"{""coordinates"": [[-79.46506603, 43.63554031]], ""type"": ""MultiPoint""}",,,,,,,,,,,,,
746,473,102161,Edwards Gardens,Edwards Gardens Drinking Fountain,Drinking Fountain,Located on the grassy area northwest of the shade structure.,https://www.toronto.ca/explore-enjoy/parks-recreation/places-spaces/parks-and-recreation-facilities/location/?id=473,755 Lawrence Ave  E ,2025-11-06T08:36:24,Edwards Gardens Drinking Fountain,Closed for the Season,None,0,"{""coordinates"": [[-79.36120575, 43.73257633]], ""type"": ""MultiPoint""}",,,,,,,,,,,,,
747,937,13289,Oriole Park - North York,Oriole Park North York Baseball Diamond Drinking Fountain,Drinking Fountain,Located north of the baseball diamond.,https://www.toronto.ca/explore-enjoy/parks-recreation/places-spaces/parks-and-recreation-facilities/location/?id=937,2955 Don Mills Rd  ,2025-11-06T08:27:30,Oriole Park North York Baseball Diamond Drinking Fountain,Closed for the Season,None,0,"{""coordinates"": [[-79.35048882999999, 43.78120385]], ""type"": ""MultiPoint""}",,,,,,,,,,,,,
748,414,2414,Alex Duff Memorial Pool,Alex Duff Memorial Outdoor Pool Drinking Fountain,Drinking Fountain,Located near the entrance to the pool building.,https://www.toronto.ca/explore-enjoy/parks-recreation/places-spaces/parks-and-recreation-facilities/location/?id=414,779 Crawford St,2025-10-30T09:52:51,Alex Duff Memorial Outdoor Pool Drinking Fountain,Closed for the Season,None,0,"{""coordinates"": [[-79.42203108999999, 43.66505113]], ""type"": ""MultiPoint""}",,,,,,,,,,,,,
749,746,102213,Scarborough Village Park,Scarborough Village Park Baseball Diamond Drinking Fountain,Drinking Fountain,"Located north of the baseball diamond, on the south side of the washroom building.",https://www.toronto.ca/explore-enjoy/parks-recreation/places-spaces/parks-and-recreation-facilities/location/?id=746,23 Gatesview Ave  ,2025-10-29T14:59:40,Scarborough Village Park Baseball Diamond Drinking Fountain,Closed for the Season,None,0,"{""coordinates"": [[-79.21292665, 43.74721788]], ""type"": ""MultiPoint""}",,,,,,,,,,,,,
750,2504,102230,Harvest Moon Park,Harvest Moon Park Drinking Foutain,Drinking Fountain,"Located on the grassy area at the intersection of the two pathways, northeast of the playground.",https://www.toronto.ca/explore-enjoy/parks-recreation/places-spaces/parks-and-recreation-facilities/location/?id=2504,70 Old Finch Ave  ,2025-10-29T14:55:37,Harvest Moon Park Drinking Foutain,Closed for the Season,None,0,"{""coordinates"": [[-79.20930991, 43.82130891]], ""type"": ""MultiPoint""}",,,,,,,,,,,,,
751,540,2695,Charlottetown Park,Charlottetown Park Drinking Fountain,Drinking Fountain,Located along the pathway southeast of the tennis courts.,https://www.toronto.ca/explore-enjoy/parks-recreation/places-spaces/parks-and-recreation-facilities/location/?id=540,5450 Lawrence Ave  E ,2025-10-28T12:58:46,Charlottetown Park Drinking Fountain,Closed for the Season,None,0,"{""coordinates"": [[-79.14000589, 43.78066773]], ""type"": ""MultiPoint""}",,,,,,,,,,,,,
752,540,102099,Charlottetown Park,Charlottetown Park Bottle Filling Station,Bottle Filling Station,Located on the north side of the playground.,https://www.toronto.ca/explore-enjoy/parks-recreation/places-spaces/parks-and-recreation-facilities/location/?id=540,65 Charlottetown Blvd  ,2025-10-28T12:58:21,Charlottetown Park Bottle Filling Station,Closed for the Season,None,0,"{""coordinates"": [[-79.14002659, 43.78117231]], ""type"": ""MultiPoint""}",,,,,,,,,,,,,
753,958,2468,Bill Hancox Park,Bill Hancox Park Drinking Fountain,Drinking Fountain,Located on the north side of the pathway between the playground and sports fields.,https://www.toronto.ca/explore-enjoy/parks-recreation/places-spaces/parks-and-recreation-facilities/location/?id=958,101 Bridgeport Dr  E ,2025-10-28T12:57:47,Bill Hancox Park Drinking Fountain,Closed for the Season,None,0,"{""coordinates"": [[-79.13977173, 43.77738184]], ""type"": ""MultiPoint""}",,,,,,,,,,,,,
754,1492,102252,Port Royal Park,Port Royal Park Playground Drinking Fountain,Drinking Fountain,Located east of the playground along the pathway.,https://www.toronto.ca/explore-enjoy/parks-recreation/places-spaces/parks-and-recreation-facilities/location/?id=1492,50 Port Royal Trl  ,2025-10-28T12:54:17,Port Royal Park Playground Drinking Fountain,Closed for the Season,None,0,"{""coordinates"": [[-79.28795351, 43.81764278]], ""type"": ""MultiPoint""}",,,,,,,,,,,,,
755,726,102184,North Bendale Park,North Bendale Park Tennis Court Drinking Fountain,Drinking Fountain,Located west of the tennis courts.,https://www.toronto.ca/explore-enjoy/parks-recreation/places-spaces/parks-and-recreation-facilities/location/?id=726,40 Erinlea Cres  ,2025-10-28T12:54:04,North Bendale Park Tennis Court Drinking Fountain,Closed for the Season,None,0,"{""coordinates"": [[-79.24627296, 43.76991423]], ""type"": ""MultiPoint""}",,,,,,,,,,,,,
756,447,2117,Mondeo Park,Mondeo Park Drinking Fountain,Drinking Fountain,"Located along the pathway, northwest of the playground.",https://www.toronto.ca/explore-enjoy/parks-recreation/places-spaces/parks-and-recreation-facilities/location/?id=447,80 Mondeo Dr  ,2025-10-28T12:47:59,Mondeo Park Drinking Fountain,Closed for the Season,None,0,"{""coordinates"": [[-79.28917452, 43.76634952]], ""type"": ""MultiPoint""}",,,,,,,,,,,,,
757,619,103212,Lynngate Park,Lynngate Park Baseball Diamond Drinking Fountain,Drinking Fountain,Located between the baseball diamond and the playground along the pathway.,https://www.toronto.ca/explore-enjoy/parks-recreation/places-spaces/parks-and-recreation-facilities/location/?id=619,133 Cass Ave,2025-10-28T12:46:37,Lynngate Park Baseball Diamond Drinking Fountain,Closed for the Season,None,0,"{""coordinates"": [[-79.29997238, 43.77676353]], ""type"": ""MultiPoint""}",,,,,,,,,,,,,
758,1051,102145,Byng Park,Byng Park Bottle Filling Station,Bottle Filling Station,Located east of the parking lot.,https://www.toronto.ca/explore-enjoy/parks-recreation/places-spaces/parks-and-recreation-facilities/location/?id=1051,299 Pharmacy Ave  ,2025-10-28T12:26:23,Byng Park Bottle Filling Station,Closed for the Season,None,0,"{""coordinates"": [[-79.28421905, 43.7010366]], ""type"": ""MultiPoint""}",,,,,,,,,,,,,
759,578,103284,Bridlewood Park,Bridlewood Park Tennis Court Drinking Fountain,Drinking Fountain,Located east of the outdoor tennis courts.,https://www.toronto.ca/explore-enjoy/parks-recreation/places-spaces/parks-and-recreation-facilities/location/?id=578,445 Huntingwood Dr,2025-10-28T12:24:53,Bridlewood Park Tennis Court Drinking Fountain,Closed for the Season,None,0,"{""coordinates"": [[-79.31618151, 43.78320872]], ""type"": ""MultiPoint""}",,,,,,,,,,,,,
760,1023,2483,Bamburgh Park,Bamburgh Park Playground Drinking Fountain,Drinking Fountain,Located on the grassy area southwest of the playground.,https://www.toronto.ca/explore-enjoy/parks-recreation/places-spaces/parks-and-recreation-facilities/location/?id=1023,70 Bamburgh Cir  ,2025-10-28T12:23:49,Bamburgh Park Playground Drinking Fountain,Closed for the Season,None,0,"{""coordinates"": [[-79.32821546, 43.81461016]], ""type"": ""MultiPoint""}",,,,,,,,,,,,,
761,2410,102274,Avalon Parkette,Avalon Parkette Drinking Fountain,Drinking Fountain,Located along the east pathway.,https://www.toronto.ca/explore-enjoy/parks-recreation/places-spaces/parks-and-recreation-facilities/location/?id=2410,1700 Kingston Rd  ,2025-10-28T12:23:37,Avalon Parkette Drinking Fountain,Closed for the Season,"
",0,"{""coordinates"": [[-79.26360652, 43.69229822]], ""type"": ""MultiPoint""}",,,,,,,,,,,,,
762,830,2366,Denison Park,Denison Park Drinking Fountain,Drinking Fountain,Located on the pathway between the playground and the outdoor fitness equipment area.,https://www.toronto.ca/explore-enjoy/parks-recreation/places-spaces/parks-and-recreation-facilities/location/?id=830,108 Denison Rd  W ,2025-10-20T10:45:59,Denison Park Drinking Fountain,Closed for the Season,None,0,"{""coordinates"": [[-79.51153891, 43.69403468]], ""type"": ""MultiPoint""}",,,,,,,,,,,,,
763,862,102192,Rexdale Park,Rexdale Park Splash Pad Drinking Fountain,Drinking Fountain,Located west of the splash pad along the pathway.,https://www.toronto.ca/explore-enjoy/parks-recreation/places-spaces/parks-and-recreation-facilities/location/?id=862,6 Drumheller Rd  ,2025-10-16T09:02:37,Rexdale Park Splash Pad Drinking Fountain,Closed for the Season,None,0,"{""coordinates"": [[-79.56587583, 43.72430546]], ""type"": ""MultiPoint""}",,,,,,,,,,,,,
764,963,2317,Flagstaff Park,Flagstaff Park Drinking Fountain,Drinking Fountain,Located on the grassy area west of the parking lot. ,https://www.toronto.ca/explore-enjoy/parks-recreation/places-spaces/parks-and-recreation-facilities/location/?id=963,42 Mercury Rd  ,2025-10-09T11:01:43,Flagstaff Park Drinking Fountain,Closed for the Season,None,0,"{""coordinates"": [[-79.59162828, 43.72072636]], ""type"": ""MultiPoint""}",,,,,,,,,,,,,
765,181,102025,Rennie Park,Rennie Park Wading Pool Bottle Filling Station,Bottle Filling Station,Located west of the wading pool.,https://www.toronto.ca/explore-enjoy/parks-recreation/places-spaces/parks-and-recreation-facilities/location/?id=181,1 Rennie Terr  ,2025-09-29T08:01:23,Rennie Park Wading Pool Bottle Filling Station,Closed for the Season,None,0,"{""coordinates"": [[-79.47406441, 43.645069320000005]], ""type"": ""MultiPoint""}",,,,,,,,,,,,,
766,290,2472,Beresford Park,Beresford Park Wading Pool Drinking Fountain,Drinking Fountain,Located on the west side of the wading pool. ,https://www.toronto.ca/explore-enjoy/parks-recreation/places-spaces/parks-and-recreation-facilities/location/?id=290,400 Beresford Ave  ,2025-09-29T07:59:36,Beresford Park Wading Pool Drinking Fountain,Closed for the Season,None,0,"{""coordinates"": [[-79.47937265, 43.65608067]], ""type"": ""MultiPoint""}",,,,,,,,,,,,,
767,46,102180,Geary Avenue Parkette,Geary Avenue Parkette Wading Pool Drinking Fountain,Drinking Fountain,Located next to the wading pool.,https://www.toronto.ca/explore-enjoy/parks-recreation/places-spaces/parks-and-recreation-facilities/location/?id=46,15 Geary Ave  ,2025-09-26T08:44:06,Geary Avenue Parkette Wading Pool Drinking Fountain,Closed for the Season,None,0,"{""coordinates"": [[-79.43168088, 43.670879]], ""type"": ""MultiPoint""}",,,,,,,,,,,,,
768,504,2616,Smythe Park,Smythe Park Outdoor Pool Drinking Fountain,Drinking Fountain,Located south of the outdoor pool building.,https://www.toronto.ca/explore-enjoy/parks-recreation/places-spaces/parks-and-recreation-facilities/location/?id=504,61 Black Creek Blvd  ,2025-07-18T12:48:00,Smythe Park Outdoor Pool Drinking Fountain,Closed for the Season,Capital Project ,0,"{""coordinates"": [[-79.49745529, 43.67457851]], ""type"": ""MultiPoint""}",,,,,,,,,,,,,
769,953,102196,West Humber Parkland,West Humber Parkland Playground Drinking Fountain,Drinking Fountain,Located west of the playground along the pathway.,https://www.toronto.ca/explore-enjoy/parks-recreation/places-spaces/parks-and-recreation-facilities/location/?id=953,451 Albion Rd  ,2025-07-02T08:25:32,West Humber Parkland Playground Drinking Fountain,Maintenance/Repairs,Closed for repair. ,0,"{""coordinates"": [[-79.58136363999999, 43.72808759]], ""type"": ""MultiPoint""}",,,,,,,,,,,,,
770,2541,121928,Toronto Islands - Hanlan's Point,Toronto Islands - Hanlan's Point Picnic Site 113 Water Tap,Water Tap,"Located east of Picnic Site #113, east of the pathway along the water.",https://www.toronto.ca/explore-enjoy/parks-recreation/places-spaces/parks-and-recreation-facilities/location/?id=2541,9 Queens Quay  W,2025-06-16T12:34:34,Toronto Islands - Hanlan's Point Picnic Site 113 Water Tap,Under Construction,None,0,"{""coordinates"": [[-79.39035204999999, 43.617865050000006]], ""type"": ""MultiPoint""}",,,,,,,,,,,,,
771,2024,121933,Toronto Islands - Toronto Island Park,Toronto Islands - Toronto Island Park Picnic Site 13 Water Tap,Water Tap,"Located east of Picnic Site #13, south of the washroom building.",https://www.toronto.ca/explore-enjoy/parks-recreation/places-spaces/parks-and-recreation-facilities/location/?id=2024,9 Queens Quay  W,2025-06-16T12:19:10,Toronto Islands - Toronto Island Park Picnic Site 13 Water Tap,Maintenance/Repairs,None,0,"{""coordinates"": [[-79.37657913999999, 43.620226839999994]], ""type"": ""MultiPoint""}",,,,,,,,,,,,,
772,2543,2532,Toronto Islands - Olympic Island,Toronto Islands - Olympic Island Picnic Site 23 Drinking Fountain,Drinking Fountain,Located on the east side of the pathway east of picnic site #23.,https://www.toronto.ca/explore-enjoy/parks-recreation/places-spaces/parks-and-recreation-facilities/location/?id=2543,9 Queens Quay  W ,2025-06-16T12:15:56,Toronto Islands - Olympic Island Picnic Site 23 Drinking Fountain,Maintenance/Repairs,None,0,"{""coordinates"": [[-79.37321492, 43.62162847]], ""type"": ""MultiPoint""}",,,,,,,,,,,,,
773,69,988874,S.A.D.R.A. Park,S.A.D.R.A. Park Splash Pad Bottle Filling Station,Bottle Filling Station,Located on the path north of the splash pad,https://www.toronto.ca/explore-enjoy/parks-recreation/places-spaces/parks-and-recreation-facilities/location/?id=69,45 Ed Clark Gardens,2025-06-12T09:55:40,S.A.D.R.A. Park Splash Pad Bottle Filling Station,None,None,1,"{""coordinates"": [[-79.46294163, 43.67552089]], ""type"": ""MultiPoint""}",,,,,,,,,,,,,
774,1486,116977,South Humber Park,South Humber Park Drinking Fountain,Drinking Fountain,Located beside the Oculus Pavilion along the pathway.,https://www.toronto.ca/explore-enjoy/parks-recreation/places-spaces/parks-and-recreation-facilities/location/?id=1486,120 The Queensway,2025-05-28T22:41:22,South Humber Park Drinking Fountain,Under Construction,Decomissioned,0,"{""coordinates"": [[-79.4803148, 43.63647135]], ""type"": ""MultiPoint""}",,,,,,,,,,,,,
775,698,2194,L'Amoreaux Sports Complex,Kidstown Waterpark Parking Lot Drinking Fountain,Drinking Fountain,Located on the exterior of the washroom building near the parking lot traffic turnaround.,https://www.toronto.ca/explore-enjoy/parks-recreation/places-spaces/parks-and-recreation-facilities/location/?id=698,100 Silver Springs Blvd  ,2025-05-28T14:56:34,Kidstown Waterpark Parking Lot Drinking Fountain,Under Construction,Kidstown Waterpark is under construction ,0,"{""coordinates"": [[-79.30954003, 43.80696787]], ""type"": ""MultiPoint""}",,,,,,,,,,,,,
776,698,2192,L'Amoreaux Sports Complex,Kidstown Waterpark Drinking Fountain,Drinking Fountain,Located on the outside of the washroom building near the entrance of the changerooms.,https://www.toronto.ca/explore-enjoy/parks-recreation/places-spaces/parks-and-recreation-facilities/location/?id=698,100 Silver Springs Blvd  ,2025-05-28T14:56:08,Kidstown Waterpark Drinking Fountain,Under Construction,Kidstown Waterpark is under construction ,0,"{""coordinates"": [[-79.30933418, 43.80698731]], ""type"": ""MultiPoint""}",,,,,,,,,,,,,
777,543,79185,Thomson Memorial Park,Thomson Memorial Park Toboggan Drinking Water Station ,"Drinking Fountain, Dog Fountain",Located north of the toboggan hill.,https://www.toronto.ca/explore-enjoy/parks-recreation/places-spaces/parks-and-recreation-facilities/location/?id=543,1005 Brimley Rd  ,2025-05-28T14:31:11,Thomson Memorial Park Toboggan Drinking Water Station ,None,None,1,"{""coordinates"": [[-79.25469408, 43.759328290000006]], ""type"": ""MultiPoint""}",,,,,,,,,,,,,
778,470,103205,Brookfield Parkette,Brookfield Parkette Drinking Fountain,Drinking Fountain,Located at the northeast corner of the parkette.,https://www.toronto.ca/explore-enjoy/parks-recreation/places-spaces/parks-and-recreation-facilities/location/?id=470,27 Brookfield Rd,2025-05-28T07:37:55,Brookfield Parkette Drinking Fountain,Closed for the Season,THERE IS NO FOUNTAIN AT THIS PARK,0,"{""coordinates"": [[-79.40058898, 43.74123871]], ""type"": ""MultiPoint""}",,,,,,,,,,,,,
779,798,2430,Centennial Park - Etobicoke,Centennial Park Etobicoke Picnic Site 3 Drinking Fountain,Drinking Fountain,Located on the grassy area south of the pinic table area.,https://www.toronto.ca/explore-enjoy/parks-recreation/places-spaces/parks-and-recreation-facilities/location/?id=798,256 Centennial Park Rd  ,2025-05-26T12:00:42,Centennial Park Etobicoke Picnic Site 3 Drinking Fountain,Under Construction,Capital Project ,0,"{""coordinates"": [[-79.58641027, 43.65034144]], ""type"": ""MultiPoint""}",,,,,,,,,,,,,
780,798,2429,Centennial Park - Etobicoke,Centennial Park Etobicoke Picnic Site 7 Drinking Fountain,Drinking Fountain,Located next to the park road near Picnic Site #7.,https://www.toronto.ca/explore-enjoy/parks-recreation/places-spaces/parks-and-recreation-facilities/location/?id=798,256 Centennial Park Rd  ,2025-05-26T12:00:29,Centennial Park Etobicoke Picnic Site 7 Drinking Fountain,Under Construction,Capital Project ,0,"{""coordinates"": [[-79.59196129, 43.65380208]], ""type"": ""MultiPoint""}",,,,,,,,,,,,,
781,1088,103362,Milliken Park,Milliken Park Washroom Bottle Filling Station,Bottle Filling Station,Located outside the washroom building on the south side.,https://www.toronto.ca/explore-enjoy/parks-recreation/places-spaces/parks-and-recreation-facilities/location/?id=1088,5555 Steeles Ave E.,2025-05-23T15:44:01,Milliken Park Washroom Bottle Filling Station,Maintenance/Repairs,repairs required ,2,"{""coordinates"": [[-79.2718384, 43.83000283]], ""type"": ""MultiPoint""}",,,,,,,,,,,,,
782,2593,102220,Malvern Park,Malvern Park Tennis Court Drinking Fountain,Drinking Fountain,Located east of the tennis courts on the outside of Malvern Recreation Centre.,https://www.toronto.ca/explore-enjoy/parks-recreation/places-spaces/parks-and-recreation-facilities/location/?id=2593,36 Sewells Rd  ,2025-05-23T15:08:12,Malvern Park Tennis Court Drinking Fountain,Maintenance/Repairs,Repairs required,2,"{""coordinates"": [[-79.21714250000001, 43.80886958]], ""type"": ""MultiPoint""}",,,,,,,,,,,,,
783,2541,2546,Toronto Islands - Hanlan's Point,Toronto Islands - Hanlan's Point Picnic Site 111 Drinking Fountain,Drinking Fountain,"Located in the middle of Picnic Site #111, northeast of the volleyball court.",https://www.toronto.ca/explore-enjoy/parks-recreation/places-spaces/parks-and-recreation-facilities/location/?id=2541,9 Queens Quay  W ,2025-05-16T12:46:14,Toronto Islands - Hanlan's Point Picnic Site 111 Drinking Fountain,Planned Closure,None,0,"{""coordinates"": [[-79.39142511, 43.62181718]], ""type"": ""MultiPoint""}",,,,,,,,,,,,,
784,873,2227,West Deane Park,West Deane Park Tennis Court Drinking Fountain,Drinking Fountain,Located northwest of the tennis court close to the allotment garden.,https://www.toronto.ca/explore-enjoy/parks-recreation/places-spaces/parks-and-recreation-facilities/location/?id=873,19 Sedgebrook Cres  ,2024-12-02T13:25:49,West Deane Park Tennis Court Drinking Fountain,Closed For The Season,None,0,"{""coordinates"": [[-79.55941554, 43.66359856]], ""type"": ""MultiPoint""}",,,,,,,,,,,,,
785,2541,121929,Toronto Islands - Hanlan's Point,Toronto Islands - Hanlan's Point Lagoon Water Tap,Water Tap,Located along the water by the Lagoon that enters Lighthouse Pond.,https://www.toronto.ca/explore-enjoy/parks-recreation/places-spaces/parks-and-recreation-facilities/location/?id=2541,9 Queens Quay  W,2024-11-18T10:00:14,Toronto Islands - Hanlan's Point Lagoon Water Tap,Closed For The Season,None,0,"{""coordinates"": [[-79.38856148999999, 43.61621878]], ""type"": ""MultiPoint""}",,,,,,,,,,,,,
786,71,102092,Sir Casimir Gzowski Park,Sir Casimir Gzowski Park Drinking Water Station,"Bottle Filling Station, Drinking Fountain",Located on the west end of the park on the north side of Sunnyside Boardwalk.,https://www.toronto.ca/explore-enjoy/parks-recreation/places-spaces/parks-and-recreation-facilities/location/?id=71,2001 Lake Shore Blvd  W ,2024-11-08T09:05:34,Sir Casimir Gzowski Park Drinking Water Station,Closed For The Season,None,0,"{""coordinates"": [[-79.46872901, 43.63379879]], ""type"": ""MultiPoint""}",,,,,,,,,,,,,
787,77,2251,High Park,High Park Outdoor Pool Drinking Fountain,Drinking Fountain,Located in the outdoor pool area.,https://www.toronto.ca/explore-enjoy/parks-recreation/places-spaces/parks-and-recreation-facilities/location/?id=77,1873 Bloor St  W ,2024-11-04T07:45:19,High Park Outdoor Pool Drinking Fountain,Closed For The Season,None,0,"{""coordinates"": [[-79.46563388, 43.64959961]], ""type"": ""MultiPoint""}",,,,,,,,,,,,,
788,3594,78996,Santa Chiara Parkette - Anne Marie D'Amico Square,Santa Chiara Parkette - Anne Marie D'Amico Parkette Drinking Water Station,"Drinking Fountain, Dog Fountain",Located on the southeast corner of the parkette.,https://www.toronto.ca/explore-enjoy/parks-recreation/places-spaces/parks-and-recreation-facilities/location/?id=3594,1114 St Clair Ave W Ave  W ,2024-07-09T08:58:37,Santa Chiara Parkette - Anne Marie D'Amico Parkette Drinking Water Station,None,None,1,"{""coordinates"": [[-79.44100714, 43.678605180000005]], ""type"": ""MultiPoint""}",,,,,,,,,,,,,
789,719,102173,Parma Park,O'Connor Outdoor Pool Drinking Fountain,Drinking Fountain,Located on the pool deck on the west wall of the building.,https://www.toronto.ca/explore-enjoy/parks-recreation/places-spaces/parks-and-recreation-facilities/location/?id=719,99 Parma Crt  ,2024-07-03T13:41:18,O'Connor Outdoor Pool Drinking Fountain,None,None,1,"{""coordinates"": [[-79.30212245999999, 43.71750652]], ""type"": ""MultiPoint""}",,,,,,,,,,,,,
790,1068,102194,Giovanni Caboto Outdoor Pool,Giovanni Caboto Outdoor Pool Drinking Fountain,Drinking Fountain,Located on the pool building in the outdoor pool area. ,https://www.toronto.ca/explore-enjoy/parks-recreation/places-spaces/parks-and-recreation-facilities/location/?id=1068,1367 St. Clair Ave W,2024-07-03T13:39:46,Giovanni Caboto Outdoor Pool Drinking Fountain,None,None,1,"{""coordinates"": [[-79.4520095, 43.67559174]], ""type"": ""MultiPoint""}",,,,,,,,,,,,,
791,1068,102195,Giovanni Caboto Outdoor Pool,Giovanni Caboto Outdoor Pool Drinking Fountain,Drinking Fountain,Located on the pool building in the outdoor pool area. ,https://www.toronto.ca/explore-enjoy/parks-recreation/places-spaces/parks-and-recreation-facilities/location/?id=1068,1367 St. Clair Ave W,2024-07-03T13:38:48,Giovanni Caboto Outdoor Pool Drinking Fountain,None,None,1,"{""coordinates"": [[-79.45201809, 43.67560978]], ""type"": ""MultiPoint""}",,,,,,,,,,,,,
792,2541,2544,Toronto Islands - Hanlan's Point,Toronto Islands - Hanlan's Point Outdoor Shower Drinking Fountain,Drinking Fountain,"Located near the beach, west of the outdoor shower.",https://www.toronto.ca/explore-enjoy/parks-recreation/places-spaces/parks-and-recreation-facilities/location/?id=2541,9 Queens Quay  W ,2024-05-24T11:31:48,Toronto Islands - Hanlan's Point Outdoor Shower Drinking Fountain,Technical Issue,valve buried/replace valve and repair,0,"{""coordinates"": [[-79.39129647, 43.61723246]], ""type"": ""MultiPoint""}",,,,,,,,,,,,,
793,459,102111,Cherry Beach Sports Fields,Cherry Beach Sports Fields East Field Bottle Filling Station,Bottle Filling Station,Located on the outside of the washroom building next to the east sports field.,https://www.toronto.ca/explore-enjoy/parks-recreation/places-spaces/parks-and-recreation-facilities/location/?id=459,275 Unwin Ave  ,2024-05-24T10:53:08,Cherry Beach Sports Fields East Field Bottle Filling Station,Maintenance/Repairs,Under repair,0,"{""coordinates"": [[-79.34171658, 43.641265929999996]], ""type"": ""MultiPoint""}",,,,,,,,,,,,,
794,1079,102228,East Point Park,East Point Park Park Building Drinking Fountain,Drinking Fountain,Located on the west side of the park building.,https://www.toronto.ca/explore-enjoy/parks-recreation/places-spaces/parks-and-recreation-facilities/location/?id=1079,101 Copperfield Rd  ,2024-05-24T10:04:46,East Point Park Park Building Drinking Fountain,None,None,1,"{""coordinates"": [[-79.16274907, 43.760248909999994]], ""type"": ""MultiPoint""}",,,,,,,,,,,,,
795,2541,121930,Toronto Islands - Hanlan's Point,Toronto Islands - Hanlan's Point Lighthouse Pond Water Tap,Water Tap,Located along the water near the entrance to Lighthouse Pond.,https://www.toronto.ca/explore-enjoy/parks-recreation/places-spaces/parks-and-recreation-facilities/location/?id=2541,9 Queens Quay  W,2023-06-20T14:01:34,Toronto Islands - Hanlan's Point Lighthouse Pond Water Tap,None,None,0,"{""coordinates"": [[-79.38758785, 43.615909050000006]], ""type"": ""MultiPoint""}",,,,,,,,,,,,,
796,2704,102174,Yorkminster Park Baptist Church Park,Yorkminster Park Baptist Church Park Drinking Fountain,Drinking Fountain,Located along the pathway on the south side of the park.,https://www.toronto.ca/explore-enjoy/parks-recreation/places-spaces/parks-and-recreation-facilities/location/?id=2704,1585 Yonge St  ,2023-04-13T14:39:33,Yorkminster Park Baptist Church Park Drinking Fountain,None,None,0,"{""coordinates"": [[-79.39463486, 43.69060481]], ""type"": ""MultiPoint""}",,,,,,,,,,,,,
797,1449,102093,Don Valley Brick Works,Don Valley Brick Works Drinking Water Station,"Bottle Filling Station, Drinking Fountain, Dog Fountain",Located on the pathway east of the pavilion and north of the main parking lot.,https://www.toronto.ca/explore-enjoy/parks-recreation/places-spaces/parks-and-recreation-facilities/location/?id=1449,550 Bayview Ave  ,2023-04-13T14:39:33,Don Valley Brick Works Drinking Water Station,None,None,0,"{""coordinates"": [[-79.36570714, 43.68452296]], ""type"": ""MultiPoint""}",,,,,,,,,,,,,
798,1449,102232,Don Valley Brick Works,Don Valley Brick Works Drinking Fountain,Drinking Fountain,Located on the wall near the southwest entrance of the pavilion.,https://www.toronto.ca/explore-enjoy/parks-recreation/places-spaces/parks-and-recreation-facilities/location/?id=1449,550 Bayview Ave  ,2023-04-13T14:39:33,Don Valley Brick Works Drinking Fountain,None,None,0,"{""coordinates"": [[-79.36613318, 43.68436428]], ""type"": ""MultiPoint""}",,,,,,,,,,,,,
